
# Sensor: Rotor
# Record count: 1003
# Storage mode: Memory
# Datetime of save: 2026-03-06T17:07:52
# Statistical parameters for each field (time series) are placed above the column of the respective time series.

# Results earlier than the 'Statistics start time' (see below) are not included when calculating the statistic variables.
# Statistics start time: 0 s

# Column
1	2	3	4	5	6	7	8	9	10	11	12	13	14	15	16	17	18	19	20	21	22	23	24	25	26	27	
Time [s]	Power (aero) [k W]	Torque (aero) [k Nm]	Thrust (aero) [k N]	RPM [rpm]	TSR []	Representative demanded pitch angle [°]	Power coef. (CP) [%]	Thrust coef. (CT) [%]	Torque coef. (CQ) [%]	Tip speed [m/s]	1P (one revolution) [s]	nP (blade passing) [s]	Azimuth angle [°]	Rotation per timestep [°]	Wind speed at hub, magnitude [m/s]	Wind speed at hub.x [m/s]	Wind speed at hub.y [m/s]	Wind speed at hub.z [m/s]	Turbulence at hub (local).x [m/s]	Turbulence at hub (local).y [m/s]	Turbulence at hub (local).z [m/s]	Wind angle at hub [°]	Yaw angle relative to forward [°]	Yaw angle to reference direction [°]	Yaw error [°]	Torque about yaw axis [Nm]
----------	----------	----------	----------	----------	----------	----------	----------	----------	----------	----------	----------	----------	----------	----------	----------	----------	----------	----------	----------	----------	----------	----------	----------	----------	----------	----------
Min	0 [0s]	0 [0s]	770.396 [0s]	6.87549 [0s]	8.01754 [0.3s]	0 [0s]	0 [0s]	82.8846 [1.8s]	0 [0s]	64.1403 [0s]	8.72665 [0s]	2.90888 [0s]	0 [0s]	12.3759 [0s]	6.32 [0s]	0 [0s]	-8 [0.3s]	0 [0s]	0 [0s]	0 [0s]	0 [0s]	0 [0s]	0 [0s]	0 [0s]	0 [0s]	-638362 [2.4s]
Max	3563.94 [259.2s]	4949.92 [259.2s]	814.751 [259.2s]	6.87549 [0s]	10.1488 [0s]	0 [0s]	45.5834 [259.2s]	126.307 [0s]	5.68546 [259.2s]	64.1403 [0s]	8.72665 [0s]	2.90888 [0s]	359.747 [297s]	12.3759 [0s]	8 [0.3s]	0 [0s]	-6.32 [0s]	0 [0s]	0 [0s]	0 [0s]	0 [0s]	0 [0s]	0 [0s]	0 [0s]	0 [0s]	296420 [6.9s]
Mean	3544.15	4922.43	812.568	6.87549	8.01966	0	45.3303	83.1904	5.65389	64.1403	8.72665	2.90888	178.502	12.3759	7.99833	0	-7.99833	0	0	0	0	0	0	0	0	-151577
Standard deviation	112.621	156.418	2.03476	nan	0.067295	0	1.44044	1.37183	0.179661	nan	1.89781e-06	nan	104.226	nan	0.0530468	0	0.0530468	0	0	0	0	0	0	0	0	256401
----------	----------	----------	----------	----------	----------	----------	----------	----------	----------	----------	----------	----------	----------	----------	----------	----------	----------	----------	----------	----------	----------	----------	----------	----------	----------	----------
0	0	0	770.396	6.87549	10.1488	0	0	126.307	0	64.1403	8.72665	2.90888	0	12.3759	6.32	0	-6.32	0	0	0	0	0	0	0	0	0
0.3	3562.03	4947.27	814.134	6.87549	8.01754	0	45.559	83.3034	5.68242	64.1403	8.72665	2.90888	0	12.3759	8	0	-8	0	0	0	0	0	0	0	0	-147619
0.6	3560.2	4944.73	814.007	6.87549	8.01754	0	45.5356	83.2904	5.6795	64.1403	8.72665	2.90888	12.3759	12.3759	8	0	-8	0	0	0	0	0	0	0	0	44495.7
0.9	3552	4933.33	812.932	6.87549	8.01754	0	45.4307	83.1804	5.66641	64.1403	8.72665	2.90888	24.7518	12.3759	8	0	-8	0	0	0	0	0	0	0	0	147610
1.2	3541.43	4918.66	811.543	6.87549	8.01754	0	45.2956	83.0383	5.64956	64.1403	8.72665	2.90888	37.1276	12.3759	8	0	-8	0	0	0	0	0	0	0	0	114168
1.5	3532.76	4906.61	810.411	6.87549	8.01754	0	45.1846	82.9224	5.63572	64.1403	8.72665	2.90888	49.5035	12.3759	8	0	-8	0	0	0	0	0	0	0	0	-56820.9
1.8	3529.69	4902.35	810.042	6.87549	8.01754	0	45.1454	82.8846	5.63083	64.1403	8.72665	2.90888	61.8794	12.3759	8	0	-8	0	0	0	0	0	0	0	0	-304464
2.1	3533.56	4907.72	810.617	6.87549	8.01754	0	45.1949	82.9435	5.637	64.1403	8.72665	2.90888	74.2553	12.3759	8	0	-8	0	0	0	0	0	0	0	0	-528720
2.4	3542.31	4919.87	811.859	6.87549	8.01754	0	45.3067	83.0705	5.65095	64.1403	8.72665	2.90888	86.6312	12.3759	8	0	-8	0	0	0	0	0	0	0	0	-638362
2.7	3551.85	4933.13	813.212	6.87549	8.01754	0	45.4289	83.209	5.66619	64.1403	8.72665	2.90888	99.0071	12.3759	8	0	-8	0	0	0	0	0	0	0	0	-595015
3	3558.14	4941.86	814.132	6.87549	8.01754	0	45.5093	83.3032	5.67621	64.1403	8.72665	2.90888	111.383	12.3759	8	0	-8	0	0	0	0	0	0	0	0	-422679
3.3	3558.84	4942.84	814.314	6.87549	8.01754	0	45.5182	83.3217	5.67733	64.1403	8.72665	2.90888	123.759	12.3759	8	0	-8	0	0	0	0	0	0	0	0	-188385
3.6	3553.56	4935.5	813.7	6.87549	8.01754	0	45.4506	83.259	5.6689	64.1403	8.72665	2.90888	136.135	12.3759	8	0	-8	0	0	0	0	0	0	0	0	22225.8
3.9	3543.94	4922.14	812.499	6.87549	8.01754	0	45.3277	83.1361	5.65356	64.1403	8.72665	2.90888	148.511	12.3759	8	0	-8	0	0	0	0	0	0	0	0	132426
4.2	3533.34	4907.42	811.137	6.87549	8.01754	0	45.1921	82.9967	5.63665	64.1403	8.72665	2.90888	160.886	12.3759	8	0	-8	0	0	0	0	0	0	0	0	100875
4.5	3526.28	4897.61	810.212	6.87549	8.01754	0	45.1017	82.902	5.62539	64.1403	8.72665	2.90888	173.262	12.3759	8	0	-8	0	0	0	0	0	0	0	0	-58630.8
4.8	3526.01	4897.24	810.164	6.87549	8.01754	0	45.0984	82.8971	5.62496	64.1403	8.72665	2.90888	185.638	12.3759	8	0	-8	0	0	0	0	0	0	0	0	-272201
5.1	3532.73	4906.57	811.024	6.87549	8.01754	0	45.1842	82.9852	5.63567	64.1403	8.72665	2.90888	198.014	12.3759	8	0	-8	0	0	0	0	0	0	0	0	-437510
5.4	3543.46	4921.48	812.402	6.87549	8.01754	0	45.3215	83.1261	5.6528	64.1403	8.72665	2.90888	210.39	12.3759	8	0	-8	0	0	0	0	0	0	0	0	-477015
5.7	3553.63	4935.6	813.69	6.87549	8.01754	0	45.4515	83.2579	5.66901	64.1403	8.72665	2.90888	222.766	12.3759	8	0	-8	0	0	0	0	0	0	0	0	-373736
6	3559.63	4943.94	814.422	6.87549	8.01754	0	45.5284	83.3328	5.6786	64.1403	8.72665	2.90888	235.142	12.3759	8	0	-8	0	0	0	0	0	0	0	0	-167053
6.3	3559.61	4943.91	814.362	6.87549	8.01754	0	45.5281	83.3267	5.67856	64.1403	8.72665	2.90888	247.518	12.3759	8	0	-8	0	0	0	0	0	0	0	0	67496.1
6.6	3553.79	4935.82	813.54	6.87549	8.01754	0	45.4536	83.2426	5.66927	64.1403	8.72665	2.90888	259.894	12.3759	8	0	-8	0	0	0	0	0	0	0	0	244662
6.9	3544.3	4922.64	812.231	6.87549	8.01754	0	45.3322	83.1087	5.65413	64.1403	8.72665	2.90888	272.269	12.3759	8	0	-8	0	0	0	0	0	0	0	0	296420
7.2	3534.99	4909.71	810.943	6.87549	8.01754	0	45.2132	82.9768	5.63929	64.1403	8.72665	2.90888	284.645	12.3759	8	0	-8	0	0	0	0	0	0	0	0	197048
7.5	3530.17	4903.02	810.254	6.87549	8.01754	0	45.1515	82.9063	5.63159	64.1403	8.72665	2.90888	297.021	12.3759	8	0	-8	0	0	0	0	0	0	0	0	-18687.9
7.8	3532.27	4905.93	810.498	6.87549	8.01754	0	45.1784	82.9313	5.63494	64.1403	8.72665	2.90888	309.397	12.3759	8	0	-8	0	0	0	0	0	0	0	0	-261477
8.1	3540.44	4917.28	811.563	6.87549	8.01754	0	45.2828	83.0403	5.64797	64.1403	8.72665	2.90888	321.773	12.3759	8	0	-8	0	0	0	0	0	0	0	0	-429667
8.4	3551.05	4932.01	812.96	6.87549	8.01754	0	45.4185	83.1832	5.6649	64.1403	8.72665	2.90888	334.149	12.3759	8	0	-8	0	0	0	0	0	0	0	0	-460223
8.7	3559.79	4944.15	814.108	6.87549	8.01754	0	45.5303	83.3007	5.67884	64.1403	8.72665	2.90888	346.525	12.3759	8	0	-8	0	0	0	0	0	0	0	0	-352716
9	3563.52	4949.33	814.601	6.87549	8.01754	0	45.578	83.3511	5.68479	64.1403	8.72665	2.90888	358.901	12.3759	8	0	-8	0	0	0	0	0	0	0	0	-158713
9.3	3561.07	4945.93	814.282	6.87549	8.01754	0	45.5467	83.3185	5.68088	64.1403	8.72665	2.90888	11.2765	12.3759	8	0	-8	0	0	0	0	0	0	0	0	41687.7
9.6	3553.22	4935.04	813.254	6.87549	8.01754	0	45.4464	83.2134	5.66837	64.1403	8.72665	2.90888	23.6523	12.3759	8	0	-8	0	0	0	0	0	0	0	0	166296
9.9	3542.75	4920.49	811.872	6.87549	8.01754	0	45.3124	83.0719	5.65166	64.1403	8.72665	2.90888	36.0282	12.3759	8	0	-8	0	0	0	0	0	0	0	0	158414
10.2	3533.83	4908.1	810.69	6.87549	8.01754	0	45.1983	82.951	5.63743	64.1403	8.72665	2.90888	48.4041	12.3759	8	0	-8	0	0	0	0	0	0	0	0	9566
10.5	3530.41	4903.35	810.245	6.87549	8.01754	0	45.1546	82.9054	5.63198	64.1403	8.72665	2.90888	60.78	12.3759	8	0	-8	0	0	0	0	0	0	0	0	-226047
10.8	3534.02	4908.37	810.747	6.87549	8.01754	0	45.2008	82.9568	5.63774	64.1403	8.72665	2.90888	73.1559	12.3759	8	0	-8	0	0	0	0	0	0	0	0	-450424
11.1	3542.87	4920.66	811.957	6.87549	8.01754	0	45.314	83.0806	5.65186	64.1403	8.72665	2.90888	85.5318	12.3759	8	0	-8	0	0	0	0	0	0	0	0	-569472
11.4	3552.91	4934.6	813.326	6.87549	8.01754	0	45.4424	83.2207	5.66787	64.1403	8.72665	2.90888	97.9076	12.3759	8	0	-8	0	0	0	0	0	0	0	0	-539285
11.7	3559.95	4944.38	814.299	6.87549	8.01754	0	45.5324	83.3202	5.67911	64.1403	8.72665	2.90888	110.284	12.3759	8	0	-8	0	0	0	0	0	0	0	0	-378690
12	3561.49	4946.52	814.547	6.87549	8.01754	0	45.5521	83.3456	5.68156	64.1403	8.72665	2.90888	122.659	12.3759	8	0	-8	0	0	0	0	0	0	0	0	-151590
12.3	3556.94	4940.2	813.993	6.87549	8.01754	0	45.4939	83.2889	5.6743	64.1403	8.72665	2.90888	135.035	12.3759	8	0	-8	0	0	0	0	0	0	0	0	57362.1
12.6	3547.74	4927.42	812.817	6.87549	8.01754	0	45.3762	83.1686	5.65962	64.1403	8.72665	2.90888	147.411	12.3759	8	0	-8	0	0	0	0	0	0	0	0	169875
12.9	3537.14	4912.7	811.436	6.87549	8.01754	0	45.2407	83.0273	5.64271	64.1403	8.72665	2.90888	159.787	12.3759	8	0	-8	0	0	0	0	0	0	0	0	140921
13.2	3529.58	4902.2	810.438	6.87549	8.01754	0	45.144	82.9252	5.63066	64.1403	8.72665	2.90888	172.163	12.3759	8	0	-8	0	0	0	0	0	0	0	0	-20601.1
13.5	3528.55	4900.76	810.292	6.87549	8.01754	0	45.1307	82.9103	5.629	64.1403	8.72665	2.90888	184.539	12.3759	8	0	-8	0	0	0	0	0	0	0	0	-244750
13.8	3534.52	4909.06	811.07	6.87549	8.01754	0	45.2071	82.9899	5.63853	64.1403	8.72665	2.90888	196.915	12.3759	8	0	-8	0	0	0	0	0	0	0	0	-429238
14.1	3544.79	4923.32	812.411	6.87549	8.01754	0	45.3385	83.1271	5.65492	64.1403	8.72665	2.90888	209.291	12.3759	8	0	-8	0	0	0	0	0	0	0	0	-491922
14.4	3554.88	4937.33	813.718	6.87549	8.01754	0	45.4675	83.2608	5.67101	64.1403	8.72665	2.90888	221.666	12.3759	8	0	-8	0	0	0	0	0	0	0	0	-409322
14.7	3561.06	4945.92	814.503	6.87549	8.01754	0	45.5466	83.3411	5.68087	64.1403	8.72665	2.90888	234.042	12.3759	8	0	-8	0	0	0	0	0	0	0	0	-216364
15	3561.31	4946.27	814.508	6.87549	8.01754	0	45.5498	83.3416	5.68127	64.1403	8.72665	2.90888	246.418	12.3759	8	0	-8	0	0	0	0	0	0	0	0	13912.7
15.3	3555.66	4938.41	813.736	6.87549	8.01754	0	45.4775	83.2627	5.67225	64.1403	8.72665	2.90888	258.794	12.3759	8	0	-8	0	0	0	0	0	0	0	0	196091
15.6	3546.11	4925.15	812.446	6.87549	8.01754	0	45.3553	83.1307	5.65702	64.1403	8.72665	2.90888	271.17	12.3759	8	0	-8	0	0	0	0	0	0	0	0	259543
15.9	3536.38	4911.65	811.123	6.87549	8.01754	0	45.231	82.9953	5.64151	64.1403	8.72665	2.90888	283.546	12.3759	8	0	-8	0	0	0	0	0	0	0	0	173979
16.2	3530.84	4903.95	810.355	6.87549	8.01754	0	45.1601	82.9166	5.63266	64.1403	8.72665	2.90888	295.922	12.3759	8	0	-8	0	0	0	0	0	0	0	0	-31803.4
16.5	3532.16	4905.79	810.507	6.87549	8.01754	0	45.177	82.9322	5.63477	64.1403	8.72665	2.90888	308.298	12.3759	8	0	-8	0	0	0	0	0	0	0	0	-272336
16.8	3539.81	4916.41	811.509	6.87549	8.01754	0	45.2748	83.0348	5.64697	64.1403	8.72665	2.90888	320.674	12.3759	8	0	-8	0	0	0	0	0	0	0	0	-445149
17.1	3550.33	4931.01	812.899	6.87549	8.01754	0	45.4093	83.177	5.66375	64.1403	8.72665	2.90888	333.049	12.3759	8	0	-8	0	0	0	0	0	0	0	0	-482609
17.4	3559.35	4943.54	814.087	6.87549	8.01754	0	45.5247	83.2986	5.67814	64.1403	8.72665	2.90888	345.425	12.3759	8	0	-8	0	0	0	0	0	0	0	0	-379279
17.7	3563.56	4949.39	814.645	6.87549	8.01754	0	45.5786	83.3556	5.68486	64.1403	8.72665	2.90888	357.801	12.3759	8	0	-8	0	0	0	0	0	0	0	0	-183251
18	3561.64	4946.72	814.397	6.87549	8.01754	0	45.554	83.3303	5.68179	64.1403	8.72665	2.90888	10.177	12.3759	8	0	-8	0	0	0	0	0	0	0	0	26509.1
18.3	3554.2	4936.39	813.423	6.87549	8.01754	0	45.4589	83.2306	5.66993	64.1403	8.72665	2.90888	22.5529	12.3759	8	0	-8	0	0	0	0	0	0	0	0	166620
18.6	3543.82	4921.98	812.053	6.87549	8.01754	0	45.3261	83.0905	5.65338	64.1403	8.72665	2.90888	34.9288	12.3759	8	0	-8	0	0	0	0	0	0	0	0	176984
18.9	3534.62	4909.2	810.832	6.87549	8.01754	0	45.2085	82.9654	5.6387	64.1403	8.72665	2.90888	47.3047	12.3759	8	0	-8	0	0	0	0	0	0	0	0	43769.1
19.2	3530.69	4903.73	810.309	6.87549	8.01754	0	45.1581	82.912	5.63242	64.1403	8.72665	2.90888	59.6806	12.3759	8	0	-8	0	0	0	0	0	0	0	0	-184430
19.5	3533.8	4908.06	810.734	6.87549	8.01754	0	45.198	82.9555	5.63739	64.1403	8.72665	2.90888	72.0564	12.3759	8	0	-8	0	0	0	0	0	0	0	0	-411844
19.8	3542.47	4920.09	811.904	6.87549	8.01754	0	45.3088	83.0752	5.65121	64.1403	8.72665	2.90888	84.4323	12.3759	8	0	-8	0	0	0	0	0	0	0	0	-541829
20.1	3552.71	4934.32	813.287	6.87549	8.01754	0	45.4398	83.2167	5.66755	64.1403	8.72665	2.90888	96.8082	12.3759	8	0	-8	0	0	0	0	0	0	0	0	-524927
20.4	3560.27	4944.82	814.313	6.87549	8.01754	0	45.5365	83.3216	5.67961	64.1403	8.72665	2.90888	109.184	12.3759	8	0	-8	0	0	0	0	0	0	0	0	-374842
20.7	3562.45	4947.86	814.631	6.87549	8.01754	0	45.5644	83.3543	5.68309	64.1403	8.72665	2.90888	121.56	12.3759	8	0	-8	0	0	0	0	0	0	0	0	-152238
21	3558.51	4942.38	814.144	6.87549	8.01754	0	45.514	83.3043	5.67681	64.1403	8.72665	2.90888	133.936	12.3759	8	0	-8	0	0	0	0	0	0	0	0	59118.1
21.3	3549.69	4930.12	813.007	6.87549	8.01754	0	45.4011	83.1881	5.66273	64.1403	8.72665	2.90888	146.312	12.3759	8	0	-8	0	0	0	0	0	0	0	0	179377
21.6	3539.1	4915.42	811.621	6.87549	8.01754	0	45.2657	83.0462	5.64584	64.1403	8.72665	2.90888	158.688	12.3759	8	0	-8	0	0	0	0	0	0	0	0	159681
21.9	3531.12	4904.33	810.563	6.87549	8.01754	0	45.1636	82.938	5.6331	64.1403	8.72665	2.90888	171.064	12.3759	8	0	-8	0	0	0	0	0	0	0	0	3750.81
22.2	3529.42	4901.97	810.33	6.87549	8.01754	0	45.1419	82.9141	5.63039	64.1403	8.72665	2.90888	183.439	12.3759	8	0	-8	0	0	0	0	0	0	0	0	-223064
22.5	3534.78	4909.41	811.031	6.87549	8.01754	0	45.2104	82.9859	5.63894	64.1403	8.72665	2.90888	195.815	12.3759	8	0	-8	0	0	0	0	0	0	0	0	-419197
22.8	3544.75	4923.26	812.34	6.87549	8.01754	0	45.3379	83.1198	5.65485	64.1403	8.72665	2.90888	208.191	12.3759	8	0	-8	0	0	0	0	0	0	0	0	-498622
23.1	3554.93	4937.41	813.671	6.87549	8.01754	0	45.4682	83.256	5.67109	64.1403	8.72665	2.90888	220.567	12.3759	8	0	-8	0	0	0	0	0	0	0	0	-431676
23.4	3561.46	4946.48	814.513	6.87549	8.01754	0	45.5517	83.3422	5.68151	64.1403	8.72665	2.90888	232.943	12.3759	8	0	-8	0	0	0	0	0	0	0	0	-248777
23.7	3562.15	4947.44	814.588	6.87549	8.01754	0	45.5606	83.3498	5.68262	64.1403	8.72665	2.90888	245.319	12.3759	8	0	-8	0	0	0	0	0	0	0	0	-20498.5
24	3556.88	4940.11	813.877	6.87549	8.01754	0	45.4931	83.2771	5.6742	64.1403	8.72665	2.90888	257.695	12.3759	8	0	-8	0	0	0	0	0	0	0	0	167840
24.3	3547.44	4927.01	812.614	6.87549	8.01754	0	45.3724	83.1478	5.65915	64.1403	8.72665	2.90888	270.071	12.3759	8	0	-8	0	0	0	0	0	0	0	0	243225
24.6	3537.46	4913.14	811.266	6.87549	8.01754	0	45.2447	83.0099	5.64322	64.1403	8.72665	2.90888	282.446	12.3759	8	0	-8	0	0	0	0	0	0	0	0	170986
24.9	3531.32	4904.61	810.425	6.87549	8.01754	0	45.1662	82.9239	5.63342	64.1403	8.72665	2.90888	294.822	12.3759	8	0	-8	0	0	0	0	0	0	0	0	-25826.3
25.2	3531.94	4905.47	810.488	6.87549	8.01754	0	45.1741	82.9303	5.63441	64.1403	8.72665	2.90888	307.198	12.3759	8	0	-8	0	0	0	0	0	0	0	0	-265771
25.5	3539.08	4915.4	811.427	6.87549	8.01754	0	45.2655	83.0264	5.64581	64.1403	8.72665	2.90888	319.574	12.3759	8	0	-8	0	0	0	0	0	0	0	0	-445809
25.8	3549.5	4929.86	812.805	6.87549	8.01754	0	45.3987	83.1674	5.66243	64.1403	8.72665	2.90888	331.95	12.3759	8	0	-8	0	0	0	0	0	0	0	0	-493621
26.1	3558.79	4942.76	814.03	6.87549	8.01754	0	45.5175	83.2927	5.67724	64.1403	8.72665	2.90888	344.326	12.3759	8	0	-8	0	0	0	0	0	0	0	0	-398411
26.4	3563.5	4949.31	814.654	6.87549	8.01754	0	45.5778	83.3566	5.68477	64.1403	8.72665	2.90888	356.702	12.3759	8	0	-8	0	0	0	0	0	0	0	0	-204536
26.7	3562.13	4947.4	814.478	6.87549	8.01754	0	45.5602	83.3386	5.68257	64.1403	8.72665	2.90888	9.07762	12.3759	8	0	-8	0	0	0	0	0	0	0	0	10591.6
27	3555.1	4937.65	813.56	6.87549	8.01754	0	45.4704	83.2446	5.67137	64.1403	8.72665	2.90888	21.4535	12.3759	8	0	-8	0	0	0	0	0	0	0	0	162751
27.3	3544.84	4923.4	812.206	6.87549	8.01754	0	45.3392	83.1061	5.655	64.1403	8.72665	2.90888	33.8294	12.3759	8	0	-8	0	0	0	0	0	0	0	0	188644
27.6	3535.37	4910.24	810.947	6.87549	8.01754	0	45.2181	82.9773	5.63989	64.1403	8.72665	2.90888	46.2053	12.3759	8	0	-8	0	0	0	0	0	0	0	0	69399.1
27.9	3530.89	4904.02	810.348	6.87549	8.01754	0	45.1607	82.916	5.63274	64.1403	8.72665	2.90888	58.5811	12.3759	8	0	-8	0	0	0	0	0	0	0	0	-152107
28.2	3533.44	4907.56	810.693	6.87549	8.01754	0	45.1933	82.9512	5.63681	64.1403	8.72665	2.90888	70.957	12.3759	8	0	-8	0	0	0	0	0	0	0	0	-382741
28.5	3541.82	4919.19	811.818	6.87549	8.01754	0	45.3005	83.0664	5.65017	64.1403	8.72665	2.90888	83.3329	12.3759	8	0	-8	0	0	0	0	0	0	0	0	-523727
28.8	3552.16	4933.56	813.207	6.87549	8.01754	0	45.4328	83.2085	5.66668	64.1403	8.72665	2.90888	95.7088	12.3759	8	0	-8	0	0	0	0	0	0	0	0	-520182
29.1	3560.17	4944.68	814.284	6.87549	8.01754	0	45.5352	83.3187	5.67945	64.1403	8.72665	2.90888	108.085	12.3759	8	0	-8	0	0	0	0	0	0	0	0	-380585
29.4	3562.95	4948.54	814.673	6.87549	8.01754	0	45.5708	83.3585	5.68388	64.1403	8.72665	2.90888	120.461	12.3759	8	0	-8	0	0	0	0	0	0	0	0	-162206
29.7	3559.59	4943.88	814.254	6.87549	8.01754	0	45.5278	83.3156	5.67852	64.1403	8.72665	2.90888	132.836	12.3759	8	0	-8	0	0	0	0	0	0	0	0	52165.8
30	3551.14	4932.15	813.162	6.87549	8.01754	0	45.4198	83.2039	5.66505	64.1403	8.72665	2.90888	145.212	12.3759	8	0	-8	0	0	0	0	0	0	0	0	181314
30.3	3540.58	4917.48	811.775	6.87549	8.01754	0	45.2847	83.062	5.6482	64.1403	8.72665	2.90888	157.588	12.3759	8	0	-8	0	0	0	0	0	0	0	0	172686
30.6	3532.21	4905.85	810.664	6.87549	8.01754	0	45.1776	82.9483	5.63485	64.1403	8.72665	2.90888	169.964	12.3759	8	0	-8	0	0	0	0	0	0	0	0	24726.3
30.9	3529.87	4902.61	810.345	6.87549	8.01754	0	45.1477	82.9157	5.63112	64.1403	8.72665	2.90888	182.34	12.3759	8	0	-8	0	0	0	0	0	0	0	0	-202067
31.2	3534.64	4909.22	810.97	6.87549	8.01754	0	45.2086	82.9796	5.63872	64.1403	8.72665	2.90888	194.716	12.3759	8	0	-8	0	0	0	0	0	0	0	0	-407329
31.5	3544.32	4922.67	812.245	6.87549	8.01754	0	45.3325	83.1101	5.65416	64.1403	8.72665	2.90888	207.092	12.3759	8	0	-8	0	0	0	0	0	0	0	0	-501524
31.8	3554.62	4936.98	813.597	6.87549	8.01754	0	45.4642	83.2484	5.6706	64.1403	8.72665	2.90888	219.468	12.3759	8	0	-8	0	0	0	0	0	0	0	0	-449065
32.1	3561.53	4946.57	814.496	6.87549	8.01754	0	45.5526	83.3404	5.68162	64.1403	8.72665	2.90888	231.843	12.3759	8	0	-8	0	0	0	0	0	0	0	0	-275688
32.4	3562.72	4948.22	814.643	6.87549	8.01754	0	45.5678	83.3554	5.68351	64.1403	8.72665	2.90888	244.219	12.3759	8	0	-8	0	0	0	0	0	0	0	0	-49274.5
32.7	3557.87	4941.49	813.995	6.87549	8.01754	0	45.5058	83.2892	5.67578	64.1403	8.72665	2.90888	256.595	12.3759	8	0	-8	0	0	0	0	0	0	0	0	145154
33	3548.63	4928.65	812.764	6.87549	8.01754	0	45.3876	83.1632	5.66103	64.1403	8.72665	2.90888	268.971	12.3759	8	0	-8	0	0	0	0	0	0	0	0	232331
33.3	3538.46	4914.52	811.399	6.87549	8.01754	0	45.2575	83.0235	5.64481	64.1403	8.72665	2.90888	281.347	12.3759	8	0	-8	0	0	0	0	0	0	0	0	173359
33.6	3531.76	4905.23	810.489	6.87549	8.01754	0	45.1719	82.9304	5.63414	64.1403	8.72665	2.90888	293.723	12.3759	8	0	-8	0	0	0	0	0	0	0	0	-14355.7
33.9	3531.71	4905.15	810.465	6.87549	8.01754	0	45.1712	82.9279	5.63404	64.1403	8.72665	2.90888	306.099	12.3759	8	0	-8	0	0	0	0	0	0	0	0	-253652
34.2	3538.34	4914.36	811.337	6.87549	8.01754	0	45.256	83.0172	5.64462	64.1403	8.72665	2.90888	318.475	12.3759	8	0	-8	0	0	0	0	0	0	0	0	-441302
34.5	3548.63	4928.65	812.699	6.87549	8.01754	0	45.3876	83.1565	5.66104	64.1403	8.72665	2.90888	330.851	12.3759	8	0	-8	0	0	0	0	0	0	0	0	-500531
34.8	3558.16	4941.9	813.959	6.87549	8.01754	0	45.5096	83.2854	5.67625	64.1403	8.72665	2.90888	343.226	12.3759	8	0	-8	0	0	0	0	0	0	0	0	-414980
35.1	3563.38	4949.14	814.648	6.87549	8.01754	0	45.5762	83.356	5.68457	64.1403	8.72665	2.90888	355.602	12.3759	8	0	-8	0	0	0	0	0	0	0	0	-225069
35.4	3562.55	4947.99	814.544	6.87549	8.01754	0	45.5656	83.3454	5.68324	64.1403	8.72665	2.90888	7.97819	12.3759	8	0	-8	0	0	0	0	0	0	0	0	-6409.39
35.7	3555.96	4938.83	813.683	6.87549	8.01754	0	45.4813	83.2572	5.67273	64.1403	8.72665	2.90888	20.3541	12.3759	8	0	-8	0	0	0	0	0	0	0	0	156294
36	3545.85	4924.79	812.35	6.87549	8.01754	0	45.352	83.1208	5.6566	64.1403	8.72665	2.90888	32.73	12.3759	8	0	-8	0	0	0	0	0	0	0	0	196622
36.3	3536.13	4911.3	811.058	6.87549	8.01754	0	45.2278	82.9886	5.64111	64.1403	8.72665	2.90888	45.1058	12.3759	8	0	-8	0	0	0	0	0	0	0	0	90961.4
36.6	3531.1	4904.3	810.384	6.87549	8.01754	0	45.1633	82.9196	5.63307	64.1403	8.72665	2.90888	57.4817	12.3759	8	0	-8	0	0	0	0	0	0	0	0	-123608
36.9	3533.05	4907.02	810.646	6.87549	8.01754	0	45.1884	82.9464	5.63619	64.1403	8.72665	2.90888	69.8576	12.3759	8	0	-8	0	0	0	0	0	0	0	0	-356981
37.2	3541.09	4918.18	811.72	6.87549	8.01754	0	45.2912	83.0564	5.64901	64.1403	8.72665	2.90888	82.2335	12.3759	8	0	-8	0	0	0	0	0	0	0	0	-508658
37.5	3551.49	4932.62	813.112	6.87549	8.01754	0	45.4242	83.1988	5.6656	64.1403	8.72665	2.90888	94.6094	12.3759	8	0	-8	0	0	0	0	0	0	0	0	-518473
37.8	3559.89	4944.29	814.235	6.87549	8.01754	0	45.5316	83.3137	5.679	64.1403	8.72665	2.90888	106.985	12.3759	8	0	-8	0	0	0	0	0	0	0	0	-389567
38.1	3563.24	4948.94	814.694	6.87549	8.01754	0	45.5744	83.3607	5.68434	64.1403	8.72665	2.90888	119.361	12.3759	8	0	-8	0	0	0	0	0	0	0	0	-175701
38.4	3560.44	4945.06	814.345	6.87549	8.01754	0	45.5387	83.3249	5.67989	64.1403	8.72665	2.90888	131.737	12.3759	8	0	-8	0	0	0	0	0	0	0	0	41566.4
38.7	3552.39	4933.88	813.301	6.87549	8.01754	0	45.4357	83.2181	5.66704	64.1403	8.72665	2.90888	144.113	12.3759	8	0	-8	0	0	0	0	0	0	0	0	179782
39	3541.88	4919.28	811.919	6.87549	8.01754	0	45.3013	83.0767	5.65027	64.1403	8.72665	2.90888	156.489	12.3759	8	0	-8	0	0	0	0	0	0	0	0	182961
39.3	3533.15	4907.16	810.759	6.87549	8.01754	0	45.1897	82.958	5.63635	64.1403	8.72665	2.90888	168.865	12.3759	8	0	-8	0	0	0	0	0	0	0	0	44262.6
39.6	3530.19	4903.05	810.357	6.87549	8.01754	0	45.1518	82.9169	5.63163	64.1403	8.72665	2.90888	181.241	12.3759	8	0	-8	0	0	0	0	0	0	0	0	-180896
39.9	3534.35	4908.83	810.903	6.87549	8.01754	0	45.205	82.9727	5.63827	64.1403	8.72665	2.90888	193.616	12.3759	8	0	-8	0	0	0	0	0	0	0	0	-393790
40.2	3543.73	4921.85	812.141	6.87549	8.01754	0	45.325	83.0994	5.65323	64.1403	8.72665	2.90888	205.992	12.3759	8	0	-8	0	0	0	0	0	0	0	0	-501739
40.5	3554.13	4936.3	813.51	6.87549	8.01754	0	45.458	83.2395	5.66982	64.1403	8.72665	2.90888	218.368	12.3759	8	0	-8	0	0	0	0	0	0	0	0	-463409
40.8	3561.42	4946.42	814.464	6.87549	8.01754	0	45.5512	83.3371	5.68145	64.1403	8.72665	2.90888	230.744	12.3759	8	0	-8	0	0	0	0	0	0	0	0	-299593
41.1	3563.13	4948.79	814.683	6.87549	8.01754	0	45.573	83.3595	5.68417	64.1403	8.72665	2.90888	243.12	12.3759	8	0	-8	0	0	0	0	0	0	0	0	-75380.9
41.4	3558.74	4942.7	814.1	6.87549	8.01754	0	45.517	83.2999	5.67717	64.1403	8.72665	2.90888	255.496	12.3759	8	0	-8	0	0	0	0	0	0	0	0	124757
41.7	3549.73	4930.18	812.905	6.87549	8.01754	0	45.4017	83.1776	5.66279	64.1403	8.72665	2.90888	267.872	12.3759	8	0	-8	0	0	0	0	0	0	0	0	223455
42	3539.43	4915.87	811.527	6.87549	8.01754	0	45.2699	83.0366	5.64636	64.1403	8.72665	2.90888	280.248	12.3759	8	0	-8	0	0	0	0	0	0	0	0	177766
42.3	3532.23	4905.87	810.554	6.87549	8.01754	0	45.1778	82.937	5.63487	64.1403	8.72665	2.90888	292.623	12.3759	8	0	-8	0	0	0	0	0	0	0	0	-479.084
42.6	3531.5	4904.86	810.442	6.87549	8.01754	0	45.1685	82.9256	5.63371	64.1403	8.72665	2.90888	304.999	12.3759	8	0	-8	0	0	0	0	0	0	0	0	-238650
42.9	3537.6	4913.34	811.245	6.87549	8.01754	0	45.2466	83.0078	5.64345	64.1403	8.72665	2.90888	317.375	12.3759	8	0	-8	0	0	0	0	0	0	0	0	-433788
43.2	3547.73	4927.4	812.587	6.87549	8.01754	0	45.3761	83.145	5.6596	64.1403	8.72665	2.90888	329.751	12.3759	8	0	-8	0	0	0	0	0	0	0	0	-504922
43.5	3557.49	4940.97	813.877	6.87549	8.01754	0	45.501	83.2771	5.67518	64.1403	8.72665	2.90888	342.127	12.3759	8	0	-8	0	0	0	0	0	0	0	0	-429974
43.8	3563.19	4948.88	814.631	6.87549	8.01754	0	45.5738	83.3542	5.68427	64.1403	8.72665	2.90888	354.503	12.3759	8	0	-8	0	0	0	0	0	0	0	0	-245279
44.1	3562.91	4948.49	814.599	6.87549	8.01754	0	45.5702	83.351	5.68382	64.1403	8.72665	2.90888	6.87877	12.3759	8	0	-8	0	0	0	0	0	0	0	0	-24346.7
44.4	3556.77	4939.96	813.797	6.87549	8.01754	0	45.4917	83.2689	5.67403	64.1403	8.72665	2.90888	19.2547	12.3759	8	0	-8	0	0	0	0	0	0	0	0	147809
44.7	3546.84	4926.17	812.489	6.87549	8.01754	0	45.3647	83.135	5.65818	64.1403	8.72665	2.90888	31.6305	12.3759	8	0	-8	0	0	0	0	0	0	0	0	201896
45	3536.91	4912.38	811.169	6.87549	8.01754	0	45.2377	83	5.64235	64.1403	8.72665	2.90888	44.0064	12.3759	8	0	-8	0	0	0	0	0	0	0	0	109702
45.3	3531.34	4904.64	810.422	6.87549	8.01754	0	45.1664	82.9235	5.63345	64.1403	8.72665	2.90888	56.3823	12.3759	8	0	-8	0	0	0	0	0	0	0	0	-97468.2
45.6	3532.68	4906.51	810.599	6.87549	8.01754	0	45.1837	82.9417	5.6356	64.1403	8.72665	2.90888	68.7582	12.3759	8	0	-8	0	0	0	0	0	0	0	0	-332927
45.9	3540.33	4917.12	811.619	6.87549	8.01754	0	45.2814	83.046	5.6478	64.1403	8.72665	2.90888	81.1341	12.3759	8	0	-8	0	0	0	0	0	0	0	0	-494878
46.2	3550.73	4931.57	813.008	6.87549	8.01754	0	45.4144	83.1881	5.66439	64.1403	8.72665	2.90888	93.5099	12.3759	8	0	-8	0	0	0	0	0	0	0	0	-518041
46.5	3559.48	4943.73	814.174	6.87549	8.01754	0	45.5264	83.3075	5.67836	64.1403	8.72665	2.90888	105.886	12.3759	8	0	-8	0	0	0	0	0	0	0	0	-400090
46.8	3563.38	4949.14	814.702	6.87549	8.01754	0	45.5763	83.3614	5.68457	64.1403	8.72665	2.90888	118.262	12.3759	8	0	-8	0	0	0	0	0	0	0	0	-191159
47.1	3561.16	4946.05	814.423	6.87549	8.01754	0	45.5478	83.333	5.68102	64.1403	8.72665	2.90888	130.638	12.3759	8	0	-8	0	0	0	0	0	0	0	0	28650.4
47.4	3553.51	4935.43	813.43	6.87549	8.01754	0	45.45	83.2313	5.66882	64.1403	8.72665	2.90888	143.013	12.3759	8	0	-8	0	0	0	0	0	0	0	0	175863
47.7	3543.08	4920.94	812.057	6.87549	8.01754	0	45.3166	83.0909	5.65218	64.1403	8.72665	2.90888	155.389	12.3759	8	0	-8	0	0	0	0	0	0	0	0	191229
48	3534.02	4908.37	810.853	6.87549	8.01754	0	45.2008	82.9676	5.63774	64.1403	8.72665	2.90888	167.765	12.3759	8	0	-8	0	0	0	0	0	0	0	0	62718.6
48.3	3530.45	4903.41	810.37	6.87549	8.01754	0	45.1551	82.9182	5.63204	64.1403	8.72665	2.90888	180.141	12.3759	8	0	-8	0	0	0	0	0	0	0	0	-159520
48.6	3534	4908.34	810.835	6.87549	8.01754	0	45.2005	82.9658	5.63771	64.1403	8.72665	2.90888	192.517	12.3759	8	0	-8	0	0	0	0	0	0	0	0	-378827
48.9	3543.05	4920.91	812.031	6.87549	8.01754	0	45.3163	83.0882	5.65214	64.1403	8.72665	2.90888	204.893	12.3759	8	0	-8	0	0	0	0	0	0	0	0	-499763
49.2	3553.52	4935.45	813.413	6.87549	8.01754	0	45.4502	83.2296	5.66885	64.1403	8.72665	2.90888	217.269	12.3759	8	0	-8	0	0	0	0	0	0	0	0	-475346
49.5	3561.2	4946.11	814.42	6.87549	8.01754	0	45.5483	83.3326	5.68109	64.1403	8.72665	2.90888	229.645	12.3759	8	0	-8	0	0	0	0	0	0	0	0	-321343
49.8	3563.42	4949.19	814.71	6.87549	8.01754	0	45.5768	83.3623	5.68463	64.1403	8.72665	2.90888	242.021	12.3759	8	0	-8	0	0	0	0	0	0	0	0	-99798.1
50.1	3559.51	4943.77	814.195	6.87549	8.01754	0	45.5268	83.3096	5.6784	64.1403	8.72665	2.90888	254.396	12.3759	8	0	-8	0	0	0	0	0	0	0	0	105491
50.4	3550.77	4931.63	813.039	6.87549	8.01754	0	45.415	83.1913	5.66445	64.1403	8.72665	2.90888	266.772	12.3759	8	0	-8	0	0	0	0	0	0	0	0	215439
50.7	3540.38	4917.2	811.654	6.87549	8.01754	0	45.2822	83.0496	5.64789	64.1403	8.72665	2.90888	279.148	12.3759	8	0	-8	0	0	0	0	0	0	0	0	183057
51	3532.71	4906.55	810.621	6.87549	8.01754	0	45.184	82.9439	5.63565	64.1403	8.72665	2.90888	291.524	12.3759	8	0	-8	0	0	0	0	0	0	0	0	14703.1
51.3	3531.33	4904.62	810.423	6.87549	8.01754	0	45.1663	82.9236	5.63344	64.1403	8.72665	2.90888	303.9	12.3759	8	0	-8	0	0	0	0	0	0	0	0	-221746
51.6	3536.88	4912.33	811.153	6.87549	8.01754	0	45.2373	82.9984	5.6423	64.1403	8.72665	2.90888	316.276	12.3759	8	0	-8	0	0	0	0	0	0	0	0	-423997
51.9	3546.82	4926.14	812.47	6.87549	8.01754	0	45.3644	83.1331	5.65815	64.1403	8.72665	2.90888	328.652	12.3759	8	0	-8	0	0	0	0	0	0	0	0	-507242
52.2	3556.78	4939.98	813.788	6.87549	8.01754	0	45.4919	83.268	5.67404	64.1403	8.72665	2.90888	341.028	12.3759	8	0	-8	0	0	0	0	0	0	0	0	-443600
52.5	3562.94	4948.52	814.602	6.87549	8.01754	0	45.5706	83.3513	5.68386	64.1403	8.72665	2.90888	353.403	12.3759	8	0	-8	0	0	0	0	0	0	0	0	-265092
52.8	3563.21	4948.91	814.644	6.87549	8.01754	0	45.5741	83.3555	5.6843	64.1403	8.72665	2.90888	5.77935	12.3759	8	0	-8	0	0	0	0	0	0	0	0	-42963.6
53.1	3557.55	4941.04	813.904	6.87549	8.01754	0	45.5016	83.2799	5.67526	64.1403	8.72665	2.90888	18.1552	12.3759	8	0	-8	0	0	0	0	0	0	0	0	137674
53.4	3547.82	4927.53	812.625	6.87549	8.01754	0	45.3773	83.1489	5.65975	64.1403	8.72665	2.90888	30.5311	12.3759	8	0	-8	0	0	0	0	0	0	0	0	204956
53.7	3537.71	4913.49	811.281	6.87549	8.01754	0	45.248	83.0114	5.64363	64.1403	8.72665	2.90888	42.907	12.3759	8	0	-8	0	0	0	0	0	0	0	0	126194
54	3531.61	4905.02	810.463	6.87549	8.01754	0	45.17	82.9277	5.6339	64.1403	8.72665	2.90888	55.2829	12.3759	8	0	-8	0	0	0	0	0	0	0	0	-73059.6
54.3	3532.34	4906.03	810.556	6.87549	8.01754	0	45.1792	82.9372	5.63505	64.1403	8.72665	2.90888	67.6588	12.3759	8	0	-8	0	0	0	0	0	0	0	0	-309881
54.6	3539.55	4916.05	811.516	6.87549	8.01754	0	45.2715	83.0355	5.64656	64.1403	8.72665	2.90888	80.0346	12.3759	8	0	-8	0	0	0	0	0	0	0	0	-481608
54.9	3549.91	4930.43	812.897	6.87549	8.01754	0	45.404	83.1768	5.66308	64.1403	8.72665	2.90888	92.4105	12.3759	8	0	-8	0	0	0	0	0	0	0	0	-518098
55.2	3558.99	4943.04	814.103	6.87549	8.01754	0	45.5201	83.3002	5.67756	64.1403	8.72665	2.90888	104.786	12.3759	8	0	-8	0	0	0	0	0	0	0	0	-411398
55.5	3563.42	4949.2	814.698	6.87549	8.01754	0	45.5768	83.3611	5.68463	64.1403	8.72665	2.90888	117.162	12.3759	8	0	-8	0	0	0	0	0	0	0	0	-207885
55.8	3561.76	4946.89	814.492	6.87549	8.01754	0	45.5555	83.34	5.68198	64.1403	8.72665	2.90888	129.538	12.3759	8	0	-8	0	0	0	0	0	0	0	0	14009.7
56.1	3554.52	4936.84	813.551	6.87549	8.01754	0	45.463	83.2437	5.67044	64.1403	8.72665	2.90888	141.914	12.3759	8	0	-8	0	0	0	0	0	0	0	0	170031
56.4	3544.2	4922.51	812.192	6.87549	8.01754	0	45.331	83.1047	5.65398	64.1403	8.72665	2.90888	154.29	12.3759	8	0	-8	0	0	0	0	0	0	0	0	197764
56.7	3534.86	4909.52	810.949	6.87549	8.01754	0	45.2114	82.9774	5.63907	64.1403	8.72665	2.90888	166.666	12.3759	8	0	-8	0	0	0	0	0	0	0	0	80160
57	3530.69	4903.73	810.385	6.87549	8.01754	0	45.1581	82.9198	5.63241	64.1403	8.72665	2.90888	179.042	12.3759	8	0	-8	0	0	0	0	0	0	0	0	-138038
57.3	3533.62	4907.8	810.768	6.87549	8.01754	0	45.1956	82.959	5.63709	64.1403	8.72665	2.90888	191.418	12.3759	8	0	-8	0	0	0	0	0	0	0	0	-362662
57.6	3542.31	4919.88	811.919	6.87549	8.01754	0	45.3068	83.0767	5.65096	64.1403	8.72665	2.90888	203.793	12.3759	8	0	-8	0	0	0	0	0	0	0	0	-495908
57.9	3552.83	4934.48	813.309	6.87549	8.01754	0	45.4413	83.2189	5.66774	64.1403	8.72665	2.90888	216.169	12.3759	8	0	-8	0	0	0	0	0	0	0	0	-485277
58.2	3560.87	4945.65	814.367	6.87549	8.01754	0	45.5441	83.3272	5.68056	64.1403	8.72665	2.90888	228.545	12.3759	8	0	-8	0	0	0	0	0	0	0	0	-341404
58.5	3563.61	4949.46	814.728	6.87549	8.01754	0	45.5792	83.3641	5.68494	64.1403	8.72665	2.90888	240.921	12.3759	8	0	-8	0	0	0	0	0	0	0	0	-123017
58.8	3560.2	4944.73	814.28	6.87549	8.01754	0	45.5356	83.3183	5.6795	64.1403	8.72665	2.90888	253.297	12.3759	8	0	-8	0	0	0	0	0	0	0	0	86834.5
59.1	3551.77	4933.01	813.168	6.87549	8.01754	0	45.4277	83.2045	5.66605	64.1403	8.72665	2.90888	265.673	12.3759	8	0	-8	0	0	0	0	0	0	0	0	207668
59.4	3541.34	4918.53	811.78	6.87549	8.01754	0	45.2943	83.0625	5.64941	64.1403	8.72665	2.90888	278.049	12.3759	8	0	-8	0	0	0	0	0	0	0	0	188617
59.7	3533.23	4907.27	810.692	6.87549	8.01754	0	45.1907	82.9512	5.63648	64.1403	8.72665	2.90888	290.425	12.3759	8	0	-8	0	0	0	0	0	0	0	0	30581.9
60	3531.2	4904.44	810.408	6.87549	8.01754	0	45.1646	82.9221	5.63323	64.1403	8.72665	2.90888	302.801	12.3759	8	0	-8	0	0	0	0	0	0	0	0	-203471
60.3	3536.18	4911.37	811.064	6.87549	8.01754	0	45.2284	82.9892	5.64118	64.1403	8.72665	2.90888	315.176	12.3759	8	0	-8	0	0	0	0	0	0	0	0	-412358
60.6	3545.89	4924.85	812.351	6.87549	8.01754	0	45.3526	83.1209	5.65667	64.1403	8.72665	2.90888	327.552	12.3759	8	0	-8	0	0	0	0	0	0	0	0	-507717
60.9	3556.03	4938.93	813.693	6.87549	8.01754	0	45.4823	83.2582	5.67285	64.1403	8.72665	2.90888	339.928	12.3759	8	0	-8	0	0	0	0	0	0	0	0	-455943
61.2	3562.63	4948.1	814.565	6.87549	8.01754	0	45.5667	83.3475	5.68337	64.1403	8.72665	2.90888	352.304	12.3759	8	0	-8	0	0	0	0	0	0	0	0	-284491
61.5	3563.46	4949.25	814.68	6.87549	8.01754	0	45.5773	83.3592	5.6847	64.1403	8.72665	2.90888	4.67993	12.3759	8	0	-8	0	0	0	0	0	0	0	0	-62136.7
61.8	3558.28	4942.06	814.004	6.87549	8.01754	0	45.511	83.2901	5.67643	64.1403	8.72665	2.90888	17.0558	12.3759	8	0	-8	0	0	0	0	0	0	0	0	126157
62.1	3548.79	4928.87	812.756	6.87549	8.01754	0	45.3896	83.1624	5.66129	64.1403	8.72665	2.90888	29.4317	12.3759	8	0	-8	0	0	0	0	0	0	0	0	206146
62.4	3538.54	4914.64	811.394	6.87549	8.01754	0	45.2585	83.023	5.64494	64.1403	8.72665	2.90888	41.8076	12.3759	8	0	-8	0	0	0	0	0	0	0	0	140794
62.7	3531.93	4905.46	810.509	6.87549	8.01754	0	45.174	82.9324	5.6344	64.1403	8.72665	2.90888	54.1835	12.3759	8	0	-8	0	0	0	0	0	0	0	0	-50025.4
63	3532.03	4905.59	810.516	6.87549	8.01754	0	45.1752	82.9332	5.63455	64.1403	8.72665	2.90888	66.5593	12.3759	8	0	-8	0	0	0	0	0	0	0	0	-287452
63.3	3538.77	4914.97	811.413	6.87549	8.01754	0	45.2616	83.0249	5.64532	64.1403	8.72665	2.90888	78.9352	12.3759	8	0	-8	0	0	0	0	0	0	0	0	-468427
63.6	3549.05	4929.23	812.781	6.87549	8.01754	0	45.3929	83.1649	5.6617	64.1403	8.72665	2.90888	91.3111	12.3759	8	0	-8	0	0	0	0	0	0	0	0	-518167
63.9	3558.41	4942.24	814.024	6.87549	8.01754	0	45.5127	83.2921	5.67664	64.1403	8.72665	2.90888	103.687	12.3759	8	0	-8	0	0	0	0	0	0	0	0	-423045
64.2	3563.37	4949.12	814.685	6.87549	8.01754	0	45.5761	83.3598	5.68455	64.1403	8.72665	2.90888	116.063	12.3759	8	0	-8	0	0	0	0	0	0	0	0	-225442
64.5	3562.27	4947.6	814.551	6.87549	8.01754	0	45.562	83.346	5.6828	64.1403	8.72665	2.90888	128.439	12.3759	8	0	-8	0	0	0	0	0	0	0	0	-1985.04
64.8	3555.46	4938.15	813.665	6.87549	8.01754	0	45.475	83.2554	5.67194	64.1403	8.72665	2.90888	140.815	12.3759	8	0	-8	0	0	0	0	0	0	0	0	162527
65.1	3545.28	4924	812.325	6.87549	8.01754	0	45.3448	83.1183	5.6557	64.1403	8.72665	2.90888	153.191	12.3759	8	0	-8	0	0	0	0	0	0	0	0	202648
65.4	3535.67	4910.66	811.047	6.87549	8.01754	0	45.2219	82.9875	5.64037	64.1403	8.72665	2.90888	165.566	12.3759	8	0	-8	0	0	0	0	0	0	0	0	96571.1
65.7	3530.92	4904.06	810.406	6.87549	8.01754	0	45.1611	82.9219	5.63279	64.1403	8.72665	2.90888	177.942	12.3759	8	0	-8	0	0	0	0	0	0	0	0	-116579
66	3533.22	4907.26	810.705	6.87549	8.01754	0	45.1905	82.9525	5.63646	64.1403	8.72665	2.90888	190.318	12.3759	8	0	-8	0	0	0	0	0	0	0	0	-345486
66.3	3541.54	4918.8	811.806	6.87549	8.01754	0	45.2969	83.0651	5.64973	64.1403	8.72665	2.90888	202.694	12.3759	8	0	-8	0	0	0	0	0	0	0	0	-490412
66.6	3552.06	4933.42	813.199	6.87549	8.01754	0	45.4315	83.2077	5.66651	64.1403	8.72665	2.90888	215.07	12.3759	8	0	-8	0	0	0	0	0	0	0	0	-493490
66.9	3560.45	4945.07	814.304	6.87549	8.01754	0	45.5388	83.3208	5.6799	64.1403	8.72665	2.90888	227.446	12.3759	8	0	-8	0	0	0	0	0	0	0	0	-360088
67.2	3563.71	4949.6	814.735	6.87549	8.01754	0	45.5805	83.3648	5.6851	64.1403	8.72665	2.90888	239.822	12.3759	8	0	-8	0	0	0	0	0	0	0	0	-145426
67.5	3560.82	4945.58	814.356	6.87549	8.01754	0	45.5435	83.3261	5.68048	64.1403	8.72665	2.90888	252.198	12.3759	8	0	-8	0	0	0	0	0	0	0	0	68462.2
67.8	3552.72	4934.34	813.292	6.87549	8.01754	0	45.44	83.2172	5.66757	64.1403	8.72665	2.90888	264.573	12.3759	8	0	-8	0	0	0	0	0	0	0	0	199775
68.1	3542.29	4919.85	811.906	6.87549	8.01754	0	45.3065	83.0754	5.65093	64.1403	8.72665	2.90888	276.949	12.3759	8	0	-8	0	0	0	0	0	0	0	0	194006
68.4	3533.79	4908.04	810.767	6.87549	8.01754	0	45.1978	82.9588	5.63737	64.1403	8.72665	2.90888	289.325	12.3759	8	0	-8	0	0	0	0	0	0	0	0	46729.4
68.7	3531.12	4904.33	810.4	6.87549	8.01754	0	45.1636	82.9213	5.6331	64.1403	8.72665	2.90888	301.701	12.3759	8	0	-8	0	0	0	0	0	0	0	0	-184208
69	3535.52	4910.44	810.978	6.87549	8.01754	0	45.2199	82.9804	5.64012	64.1403	8.72665	2.90888	314.077	12.3759	8	0	-8	0	0	0	0	0	0	0	0	-399156
69.3	3544.96	4923.56	812.23	6.87549	8.01754	0	45.3407	83.1085	5.65519	64.1403	8.72665	2.90888	326.453	12.3759	8	0	-8	0	0	0	0	0	0	0	0	-506524
69.6	3555.24	4937.84	813.591	6.87549	8.01754	0	45.4722	83.2478	5.67159	64.1403	8.72665	2.90888	338.829	12.3759	8	0	-8	0	0	0	0	0	0	0	0	-467069
69.9	3562.27	4947.61	814.521	6.87549	8.01754	0	45.5621	83.3429	5.68281	64.1403	8.72665	2.90888	351.205	12.3759	8	0	-8	0	0	0	0	0	0	0	0	-303423
70.2	3563.66	4949.53	814.708	6.87549	8.01754	0	45.5798	83.3621	5.68501	64.1403	8.72665	2.90888	3.58051	12.3759	8	0	-8	0	0	0	0	0	0	0	0	-81728.2
70.5	3558.97	4943.02	814.097	6.87549	8.01754	0	45.5199	83.2996	5.67754	64.1403	8.72665	2.90888	15.9564	12.3759	8	0	-8	0	0	0	0	0	0	0	0	113451
70.8	3549.74	4930.2	812.885	6.87549	8.01754	0	45.4018	83.1756	5.66281	64.1403	8.72665	2.90888	28.3323	12.3759	8	0	-8	0	0	0	0	0	0	0	0	205673
71.1	3539.38	4915.81	811.51	6.87549	8.01754	0	45.2694	83.0348	5.64629	64.1403	8.72665	2.90888	40.7082	12.3759	8	0	-8	0	0	0	0	0	0	0	0	153739
71.4	3532.29	4905.96	810.56	6.87549	8.01754	0	45.1787	82.9377	5.63498	64.1403	8.72665	2.90888	53.084	12.3759	8	0	-8	0	0	0	0	0	0	0	0	-28085.3
71.7	3531.75	4905.21	810.481	6.87549	8.01754	0	45.1717	82.9296	5.63411	64.1403	8.72665	2.90888	65.4599	12.3759	8	0	-8	0	0	0	0	0	0	0	0	-265328
72	3538.01	4913.9	811.311	6.87549	8.01754	0	45.2517	83.0145	5.64409	64.1403	8.72665	2.90888	77.8358	12.3759	8	0	-8	0	0	0	0	0	0	0	0	-454982
72.3	3548.15	4927.99	812.661	6.87549	8.01754	0	45.3815	83.1526	5.66028	64.1403	8.72665	2.90888	90.2117	12.3759	8	0	-8	0	0	0	0	0	0	0	0	-517884
72.6	3557.77	4941.35	813.937	6.87549	8.01754	0	45.5046	83.2832	5.67563	64.1403	8.72665	2.90888	102.588	12.3759	8	0	-8	0	0	0	0	0	0	0	0	-434636
72.9	3563.23	4948.94	814.664	6.87549	8.01754	0	45.5744	83.3575	5.68434	64.1403	8.72665	2.90888	114.963	12.3759	8	0	-8	0	0	0	0	0	0	0	0	-243495
73.2	3562.69	4948.19	814.601	6.87549	8.01754	0	45.5675	83.3512	5.68347	64.1403	8.72665	2.90888	127.339	12.3759	8	0	-8	0	0	0	0	0	0	0	0	-19067.9
73.5	3556.34	4939.36	813.774	6.87549	8.01754	0	45.4862	83.2666	5.67334	64.1403	8.72665	2.90888	139.715	12.3759	8	0	-8	0	0	0	0	0	0	0	0	153539
73.8	3546.33	4925.45	812.456	6.87549	8.01754	0	45.3581	83.1317	5.65736	64.1403	8.72665	2.90888	152.091	12.3759	8	0	-8	0	0	0	0	0	0	0	0	206017
74.1	3536.49	4911.79	811.148	6.87549	8.01754	0	45.2323	82.9978	5.64167	64.1403	8.72665	2.90888	164.467	12.3759	8	0	-8	0	0	0	0	0	0	0	0	111955
74.4	3531.17	4904.4	810.432	6.87549	8.01754	0	45.1643	82.9246	5.63319	64.1403	8.72665	2.90888	176.843	12.3759	8	0	-8	0	0	0	0	0	0	0	0	-95232.7
74.7	3532.84	4906.72	810.647	6.87549	8.01754	0	45.1856	82.9466	5.63585	64.1403	8.72665	2.90888	189.219	12.3759	8	0	-8	0	0	0	0	0	0	0	0	-327442
75	3540.74	4917.7	811.693	6.87549	8.01754	0	45.2867	83.0536	5.64846	64.1403	8.72665	2.90888	201.595	12.3759	8	0	-8	0	0	0	0	0	0	0	0	-483438
75.3	3551.24	4932.29	813.085	6.87549	8.01754	0	45.4211	83.196	5.66521	64.1403	8.72665	2.90888	213.97	12.3759	8	0	-8	0	0	0	0	0	0	0	0	-500127
75.6	3559.96	4944.39	814.234	6.87549	8.01754	0	45.5325	83.3136	5.67912	64.1403	8.72665	2.90888	226.346	12.3759	8	0	-8	0	0	0	0	0	0	0	0	-377512
75.9	3563.73	4949.63	814.733	6.87549	8.01754	0	45.5808	83.3647	5.68513	64.1403	8.72665	2.90888	238.722	12.3759	8	0	-8	0	0	0	0	0	0	0	0	-167191
76.2	3561.37	4946.35	814.425	6.87549	8.01754	0	45.5505	83.3332	5.68136	64.1403	8.72665	2.90888	251.098	12.3759	8	0	-8	0	0	0	0	0	0	0	0	50106.7
76.5	3553.64	4935.61	813.41	6.87549	8.01754	0	45.4517	83.2293	5.66903	64.1403	8.72665	2.90888	263.474	12.3759	8	0	-8	0	0	0	0	0	0	0	0	191426
76.8	3543.24	4921.17	812.033	6.87549	8.01754	0	45.3187	83.0883	5.65245	64.1403	8.72665	2.90888	275.85	12.3759	8	0	-8	0	0	0	0	0	0	0	0	198909
77.1	3534.38	4908.87	810.847	6.87549	8.01754	0	45.2054	82.967	5.63831	64.1403	8.72665	2.90888	288.226	12.3759	8	0	-8	0	0	0	0	0	0	0	0	62825.1
77.4	3531.09	4904.29	810.397	6.87549	8.01754	0	45.1633	82.921	5.63306	64.1403	8.72665	2.90888	300.602	12.3759	8	0	-8	0	0	0	0	0	0	0	0	-164252
77.7	3534.89	4909.57	810.896	6.87549	8.01754	0	45.2119	82.9721	5.63912	64.1403	8.72665	2.90888	312.978	12.3759	8	0	-8	0	0	0	0	0	0	0	0	-384612
78	3544.04	4922.28	812.109	6.87549	8.01754	0	45.3289	83.0961	5.65371	64.1403	8.72665	2.90888	325.353	12.3759	8	0	-8	0	0	0	0	0	0	0	0	-503797
78.3	3554.43	4936.71	813.485	6.87549	8.01754	0	45.4618	83.237	5.67029	64.1403	8.72665	2.90888	337.729	12.3759	8	0	-8	0	0	0	0	0	0	0	0	-476969
78.6	3561.87	4947.05	814.469	6.87549	8.01754	0	45.557	83.3377	5.68216	64.1403	8.72665	2.90888	350.105	12.3759	8	0	-8	0	0	0	0	0	0	0	0	-321824
78.9	3563.8	4949.73	814.729	6.87549	8.01754	0	45.5817	83.3642	5.68525	64.1403	8.72665	2.90888	2.48108	12.3759	8	0	-8	0	0	0	0	0	0	0	0	-101618
79.2	3559.62	4943.91	814.184	6.87549	8.01754	0	45.5281	83.3085	5.67857	64.1403	8.72665	2.90888	14.857	12.3759	8	0	-8	0	0	0	0	0	0	0	0	99656.7
79.5	3550.68	4931.5	813.011	6.87549	8.01754	0	45.4138	83.1884	5.66431	64.1403	8.72665	2.90888	27.2328	12.3759	8	0	-8	0	0	0	0	0	0	0	0	203693
79.8	3540.25	4917.01	811.627	6.87549	8.01754	0	45.2804	83.0468	5.64767	64.1403	8.72665	2.90888	39.6087	12.3759	8	0	-8	0	0	0	0	0	0	0	0	165198
80.1	3532.7	4906.53	810.616	6.87549	8.01754	0	45.1838	82.9434	5.63563	64.1403	8.72665	2.90888	51.9846	12.3759	8	0	-8	0	0	0	0	0	0	0	0	-7105.19
80.4	3531.52	4904.89	810.452	6.87549	8.01754	0	45.1688	82.9266	5.63375	64.1403	8.72665	2.90888	64.3605	12.3759	8	0	-8	0	0	0	0	0	0	0	0	-243370
80.7	3537.25	4912.85	811.211	6.87549	8.01754	0	45.2421	83.0043	5.64289	64.1403	8.72665	2.90888	76.7364	12.3759	8	0	-8	0	0	0	0	0	0	0	0	-441054
81	3547.24	4926.72	812.538	6.87549	8.01754	0	45.3698	83.1401	5.65882	64.1403	8.72665	2.90888	89.1123	12.3759	8	0	-8	0	0	0	0	0	0	0	0	-516989
81.3	3557.08	4940.4	813.844	6.87549	8.01754	0	45.4957	83.2737	5.67453	64.1403	8.72665	2.90888	101.488	12.3759	8	0	-8	0	0	0	0	0	0	0	0	-445914
81.6	3563.02	4948.64	814.633	6.87549	8.01754	0	45.5717	83.3544	5.684	64.1403	8.72665	2.90888	113.864	12.3759	8	0	-8	0	0	0	0	0	0	0	0	-261781
81.9	3563.04	4948.67	814.643	6.87549	8.01754	0	45.5719	83.3555	5.68403	64.1403	8.72665	2.90888	126.24	12.3759	8	0	-8	0	0	0	0	0	0	0	0	-36988.7
82.2	3557.16	4940.51	813.878	6.87549	8.01754	0	45.4967	83.2771	5.67465	64.1403	8.72665	2.90888	138.616	12.3759	8	0	-8	0	0	0	0	0	0	0	0	143234
82.5	3547.34	4926.87	812.586	6.87549	8.01754	0	45.3712	83.145	5.65899	64.1403	8.72665	2.90888	150.992	12.3759	8	0	-8	0	0	0	0	0	0	0	0	207955
82.8	3537.31	4912.93	811.252	6.87549	8.01754	0	45.2428	83.0085	5.64298	64.1403	8.72665	2.90888	163.368	12.3759	8	0	-8	0	0	0	0	0	0	0	0	126260
83.1	3531.45	4904.79	810.464	6.87549	8.01754	0	45.1679	82.9279	5.63363	64.1403	8.72665	2.90888	175.743	12.3759	8	0	-8	0	0	0	0	0	0	0	0	-74104.6
83.4	3532.48	4906.22	810.594	6.87549	8.01754	0	45.181	82.9411	5.63528	64.1403	8.72665	2.90888	188.119	12.3759	8	0	-8	0	0	0	0	0	0	0	0	-308661
83.7	3539.94	4916.58	811.581	6.87549	8.01754	0	45.2764	83.0421	5.64718	64.1403	8.72665	2.90888	200.495	12.3759	8	0	-8	0	0	0	0	0	0	0	0	-475096
84	3550.39	4931.1	812.967	6.87549	8.01754	0	45.4101	83.1839	5.66385	64.1403	8.72665	2.90888	212.871	12.3759	8	0	-8	0	0	0	0	0	0	0	0	-505332
84.3	3559.41	4943.62	814.158	6.87549	8.01754	0	45.5255	83.3058	5.67823	64.1403	8.72665	2.90888	225.247	12.3759	8	0	-8	0	0	0	0	0	0	0	0	-393808
84.6	3563.69	4949.57	814.725	6.87549	8.01754	0	45.5802	83.3638	5.68507	64.1403	8.72665	2.90888	237.623	12.3759	8	0	-8	0	0	0	0	0	0	0	0	-188436
84.9	3561.86	4947.03	814.488	6.87549	8.01754	0	45.5568	83.3396	5.68215	64.1403	8.72665	2.90888	249.999	12.3759	8	0	-8	0	0	0	0	0	0	0	0	31627.9
85.2	3554.52	4936.83	813.525	6.87549	8.01754	0	45.4629	83.241	5.67043	64.1403	8.72665	2.90888	262.375	12.3759	8	0	-8	0	0	0	0	0	0	0	0	182502
85.5	3544.2	4922.5	812.159	6.87549	8.01754	0	45.3309	83.1013	5.65397	64.1403	8.72665	2.90888	274.75	12.3759	8	0	-8	0	0	0	0	0	0	0	0	203140
85.8	3535.01	4909.74	810.932	6.87549	8.01754	0	45.2135	82.9757	5.63932	64.1403	8.72665	2.90888	287.126	12.3759	8	0	-8	0	0	0	0	0	0	0	0	78636.6
86.1	3531.11	4904.32	810.402	6.87549	8.01754	0	45.1636	82.9215	5.6331	64.1403	8.72665	2.90888	299.502	12.3759	8	0	-8	0	0	0	0	0	0	0	0	-143829
86.4	3534.3	4908.75	810.819	6.87549	8.01754	0	45.2043	82.9642	5.63818	64.1403	8.72665	2.90888	311.878	12.3759	8	0	-8	0	0	0	0	0	0	0	0	-368900
86.7	3543.12	4921	811.988	6.87549	8.01754	0	45.3171	83.0838	5.65225	64.1403	8.72665	2.90888	324.254	12.3759	8	0	-8	0	0	0	0	0	0	0	0	-499624
87	3553.58	4935.53	813.375	6.87549	8.01754	0	45.4509	83.2257	5.66894	64.1403	8.72665	2.90888	336.63	12.3759	8	0	-8	0	0	0	0	0	0	0	0	-485642
87.3	3561.42	4946.42	814.411	6.87549	8.01754	0	45.5512	83.3317	5.68145	64.1403	8.72665	2.90888	349.006	12.3759	8	0	-8	0	0	0	0	0	0	0	0	-339647
87.6	3563.89	4949.86	814.742	6.87549	8.01754	0	45.5829	83.3656	5.68539	64.1403	8.72665	2.90888	1.38166	12.3759	8	0	-8	0	0	0	0	0	0	0	0	-121686
87.9	3560.22	4944.75	814.265	6.87549	8.01754	0	45.5359	83.3167	5.67953	64.1403	8.72665	2.90888	13.7575	12.3759	8	0	-8	0	0	0	0	0	0	0	0	84922.3
88.2	3551.6	4932.78	813.133	6.87549	8.01754	0	45.4256	83.201	5.66578	64.1403	8.72665	2.90888	26.1334	12.3759	8	0	-8	0	0	0	0	0	0	0	0	200328
88.5	3541.13	4918.24	811.746	6.87549	8.01754	0	45.2917	83.059	5.64908	64.1403	8.72665	2.90888	38.5093	12.3759	8	0	-8	0	0	0	0	0	0	0	0	175277
88.8	3533.15	4907.16	810.679	6.87549	8.01754	0	45.1897	82.9498	5.63635	64.1403	8.72665	2.90888	50.8852	12.3759	8	0	-8	0	0	0	0	0	0	0	0	12990.5
89.1	3531.34	4904.64	810.429	6.87549	8.01754	0	45.1665	82.9243	5.63346	64.1403	8.72665	2.90888	63.2611	12.3759	8	0	-8	0	0	0	0	0	0	0	0	-221498
89.4	3536.53	4911.84	811.115	6.87549	8.01754	0	45.2328	82.9945	5.64173	64.1403	8.72665	2.90888	75.637	12.3759	8	0	-8	0	0	0	0	0	0	0	0	-426548
89.7	3546.31	4925.43	812.415	6.87549	8.01754	0	45.3579	83.1274	5.65734	64.1403	8.72665	2.90888	88.0128	12.3759	8	0	-8	0	0	0	0	0	0	0	0	-515295
90	3556.35	4939.38	813.746	6.87549	8.01754	0	45.4864	83.2637	5.67336	64.1403	8.72665	2.90888	100.389	12.3759	8	0	-8	0	0	0	0	0	0	0	0	-456652
90.3	3562.75	4948.26	814.594	6.87549	8.01754	0	45.5682	83.3505	5.68356	64.1403	8.72665	2.90888	112.765	12.3759	8	0	-8	0	0	0	0	0	0	0	0	-280096
90.6	3563.33	4949.07	814.678	6.87549	8.01754	0	45.5756	83.359	5.68449	64.1403	8.72665	2.90888	125.14	12.3759	8	0	-8	0	0	0	0	0	0	0	0	-55577.4
90.9	3557.93	4941.58	813.976	6.87549	8.01754	0	45.5066	83.2872	5.67588	64.1403	8.72665	2.90888	137.516	12.3759	8	0	-8	0	0	0	0	0	0	0	0	131758
91.2	3548.34	4928.25	812.715	6.87549	8.01754	0	45.3839	83.1581	5.66058	64.1403	8.72665	2.90888	149.892	12.3759	8	0	-8	0	0	0	0	0	0	0	0	208542
91.5	3538.14	4914.09	811.359	6.87549	8.01754	0	45.2535	83.0195	5.64431	64.1403	8.72665	2.90888	162.268	12.3759	8	0	-8	0	0	0	0	0	0	0	0	139499
91.8	3531.76	4905.23	810.503	6.87549	8.01754	0	45.1719	82.9318	5.63413	64.1403	8.72665	2.90888	174.644	12.3759	8	0	-8	0	0	0	0	0	0	0	0	-53287.7
92.1	3532.15	4905.77	810.547	6.87549	8.01754	0	45.1768	82.9363	5.63475	64.1403	8.72665	2.90888	187.02	12.3759	8	0	-8	0	0	0	0	0	0	0	0	-289257
92.4	3539.14	4915.47	811.471	6.87549	8.01754	0	45.2662	83.0309	5.6459	64.1403	8.72665	2.90888	199.396	12.3759	8	0	-8	0	0	0	0	0	0	0	0	-465506
92.7	3549.5	4929.86	812.846	6.87549	8.01754	0	45.3987	83.1716	5.66243	64.1403	8.72665	2.90888	211.772	12.3759	8	0	-8	0	0	0	0	0	0	0	0	-509188
93	3558.8	4942.78	814.075	6.87549	8.01754	0	45.5177	83.2973	5.67726	64.1403	8.72665	2.90888	224.148	12.3759	8	0	-8	0	0	0	0	0	0	0	0	-409086
93.3	3563.59	4949.43	814.708	6.87549	8.01754	0	45.5789	83.3621	5.6849	64.1403	8.72665	2.90888	236.523	12.3759	8	0	-8	0	0	0	0	0	0	0	0	-209248
93.6	3562.3	4947.64	814.544	6.87549	8.01754	0	45.5625	83.3453	5.68285	64.1403	8.72665	2.90888	248.899	12.3759	8	0	-8	0	0	0	0	0	0	0	0	12931.3
93.9	3555.36	4938.01	813.635	6.87549	8.01754	0	45.4737	83.2523	5.67178	64.1403	8.72665	2.90888	261.275	12.3759	8	0	-8	0	0	0	0	0	0	0	0	172904
94.2	3545.16	4923.83	812.286	6.87549	8.01754	0	45.3432	83.1143	5.6555	64.1403	8.72665	2.90888	273.651	12.3759	8	0	-8	0	0	0	0	0	0	0	0	206518
94.5	3535.68	4910.68	811.022	6.87549	8.01754	0	45.222	82.9849	5.64039	64.1403	8.72665	2.90888	286.027	12.3759	8	0	-8	0	0	0	0	0	0	0	0	93967.4
94.8	3531.19	4904.43	810.413	6.87549	8.01754	0	45.1645	82.9226	5.63322	64.1403	8.72665	2.90888	298.403	12.3759	8	0	-8	0	0	0	0	0	0	0	0	-123138
95.1	3533.75	4907.99	810.748	6.87549	8.01754	0	45.1974	82.9569	5.63731	64.1403	8.72665	2.90888	310.779	12.3759	8	0	-8	0	0	0	0	0	0	0	0	-352169
95.4	3542.21	4919.74	811.869	6.87549	8.01754	0	45.3056	83.0716	5.65081	64.1403	8.72665	2.90888	323.155	12.3759	8	0	-8	0	0	0	0	0	0	0	0	-494087
95.7	3552.71	4934.32	813.26	6.87549	8.01754	0	45.4398	83.214	5.66755	64.1403	8.72665	2.90888	335.53	12.3759	8	0	-8	0	0	0	0	0	0	0	0	-493162
96	3560.92	4945.73	814.346	6.87549	8.01754	0	45.5448	83.3251	5.68065	64.1403	8.72665	2.90888	347.906	12.3759	8	0	-8	0	0	0	0	0	0	0	0	-356879
96.3	3563.93	4949.9	814.747	6.87549	8.01754	0	45.5833	83.3661	5.68545	64.1403	8.72665	2.90888	0.28224	12.3759	8	0	-8	0	0	0	0	0	0	0	0	-141890
96.6	3560.78	4945.53	814.339	6.87549	8.01754	0	45.543	83.3243	5.68043	64.1403	8.72665	2.90888	12.6581	12.3759	8	0	-8	0	0	0	0	0	0	0	0	69373.8
96.9	3552.5	4934.03	813.254	6.87549	8.01754	0	45.4371	83.2133	5.66722	64.1403	8.72665	2.90888	25.034	12.3759	8	0	-8	0	0	0	0	0	0	0	0	195669
97.2	3542.03	4919.49	811.866	6.87549	8.01754	0	45.3032	83.0713	5.65051	64.1403	8.72665	2.90888	37.4099	12.3759	8	0	-8	0	0	0	0	0	0	0	0	184019
97.5	3533.65	4907.86	810.747	6.87549	8.01754	0	45.1961	82.9568	5.63715	64.1403	8.72665	2.90888	49.7858	12.3759	8	0	-8	0	0	0	0	0	0	0	0	32237.4
97.8	3531.21	4904.47	810.414	6.87549	8.01754	0	45.1649	82.9227	5.63326	64.1403	8.72665	2.90888	62.1616	12.3759	8	0	-8	0	0	0	0	0	0	0	0	-199663
98.1	3535.83	4910.88	811.024	6.87549	8.01754	0	45.2239	82.9851	5.64063	64.1403	8.72665	2.90888	74.5375	12.3759	8	0	-8	0	0	0	0	0	0	0	0	-411381
98.4	3545.37	4924.13	812.29	6.87549	8.01754	0	45.3459	83.1147	5.65584	64.1403	8.72665	2.90888	86.9134	12.3759	8	0	-8	0	0	0	0	0	0	0	0	-512667
98.7	3555.58	4938.31	813.644	6.87549	8.01754	0	45.4765	83.2532	5.67213	64.1403	8.72665	2.90888	99.2893	12.3759	8	0	-8	0	0	0	0	0	0	0	0	-466722
99	3562.42	4947.81	814.549	6.87549	8.01754	0	45.564	83.3459	5.68304	64.1403	8.72665	2.90888	111.665	12.3759	8	0	-8	0	0	0	0	0	0	0	0	-298280
99.3	3563.56	4949.39	814.706	6.87549	8.01754	0	45.5785	83.3619	5.68486	64.1403	8.72665	2.90888	124.041	12.3759	8	0	-8	0	0	0	0	0	0	0	0	-74691.7
99.6	3558.66	4942.58	814.068	6.87549	8.01754	0	45.5158	83.2966	5.67704	64.1403	8.72665	2.90888	136.417	12.3759	8	0	-8	0	0	0	0	0	0	0	0	119213
99.9	3549.31	4929.6	812.841	6.87549	8.01754	0	45.3963	83.171	5.66213	64.1403	8.72665	2.90888	148.793	12.3759	8	0	-8	0	0	0	0	0	0	0	0	207840
100.2	3538.99	4915.27	811.47	6.87549	8.01754	0	45.2644	83.0308	5.64567	64.1403	8.72665	2.90888	161.169	12.3759	8	0	-8	0	0	0	0	0	0	0	0	151655
100.5	3532.11	4905.71	810.548	6.87549	8.01754	0	45.1763	82.9364	5.63469	64.1403	8.72665	2.90888	173.545	12.3759	8	0	-8	0	0	0	0	0	0	0	0	-32828.6
100.8	3531.86	4905.36	810.505	6.87549	8.01754	0	45.1731	82.9321	5.63428	64.1403	8.72665	2.90888	185.92	12.3759	8	0	-8	0	0	0	0	0	0	0	0	-269310
101.1	3538.35	4914.38	811.364	6.87549	8.01754	0	45.2561	83.02	5.64464	64.1403	8.72665	2.90888	198.296	12.3759	8	0	-8	0	0	0	0	0	0	0	0	-454727
101.4	3548.59	4928.6	812.723	6.87549	8.01754	0	45.3871	83.159	5.66097	64.1403	8.72665	2.90888	210.672	12.3759	8	0	-8	0	0	0	0	0	0	0	0	-511731
101.7	3558.14	4941.87	813.986	6.87549	8.01754	0	45.5093	83.2882	5.67621	64.1403	8.72665	2.90888	223.048	12.3759	8	0	-8	0	0	0	0	0	0	0	0	-423386
102	3563.43	4949.21	814.685	6.87549	8.01754	0	45.5769	83.3598	5.68465	64.1403	8.72665	2.90888	235.424	12.3759	8	0	-8	0	0	0	0	0	0	0	0	-229662
102.3	3562.69	4948.18	814.593	6.87549	8.01754	0	45.5675	83.3504	5.68347	64.1403	8.72665	2.90888	247.8	12.3759	8	0	-8	0	0	0	0	0	0	0	0	-6038.54
102.6	3556.18	4939.14	813.741	6.87549	8.01754	0	45.4842	83.2632	5.67308	64.1403	8.72665	2.90888	260.176	12.3759	8	0	-8	0	0	0	0	0	0	0	0	162524
102.9	3546.12	4925.16	812.413	6.87549	8.01754	0	45.3555	83.1273	5.65703	64.1403	8.72665	2.90888	272.552	12.3759	8	0	-8	0	0	0	0	0	0	0	0	208920
103.2	3536.39	4911.66	811.117	6.87549	8.01754	0	45.2311	82.9946	5.64152	64.1403	8.72665	2.90888	284.928	12.3759	8	0	-8	0	0	0	0	0	0	0	0	108667
103.5	3531.32	4904.61	810.432	6.87549	8.01754	0	45.1662	82.9245	5.63343	64.1403	8.72665	2.90888	297.303	12.3759	8	0	-8	0	0	0	0	0	0	0	0	-102337
103.8	3533.26	4907.3	810.682	6.87549	8.01754	0	45.191	82.9502	5.63652	64.1403	8.72665	2.90888	309.679	12.3759	8	0	-8	0	0	0	0	0	0	0	0	-334548
104.1	3541.32	4918.51	811.751	6.87549	8.01754	0	45.2942	83.0595	5.64939	64.1403	8.72665	2.90888	322.055	12.3759	8	0	-8	0	0	0	0	0	0	0	0	-487259
104.4	3551.82	4933.08	813.143	6.87549	8.01754	0	45.4284	83.202	5.66613	64.1403	8.72665	2.90888	334.431	12.3759	8	0	-8	0	0	0	0	0	0	0	0	-499490
104.7	3560.38	4944.98	814.275	6.87549	8.01754	0	45.5379	83.3178	5.67979	64.1403	8.72665	2.90888	346.807	12.3759	8	0	-8	0	0	0	0	0	0	0	0	-373422
105	3563.91	4949.88	814.745	6.87549	8.01754	0	45.583	83.3659	5.68542	64.1403	8.72665	2.90888	359.183	12.3759	8	0	-8	0	0	0	0	0	0	0	0	-162146
105.3	3561.3	4946.25	814.407	6.87549	8.01754	0	45.5496	83.3313	5.68125	64.1403	8.72665	2.90888	11.5587	12.3759	8	0	-8	0	0	0	0	0	0	0	0	53072.1
105.6	3553.38	4935.26	813.37	6.87549	8.01754	0	45.4484	83.2252	5.66862	64.1403	8.72665	2.90888	23.9346	12.3759	8	0	-8	0	0	0	0	0	0	0	0	189751
105.9	3542.94	4920.76	811.989	6.87549	8.01754	0	45.3149	83.0838	5.65197	64.1403	8.72665	2.90888	36.3105	12.3759	8	0	-8	0	0	0	0	0	0	0	0	191443
106.2	3534.2	4908.62	810.821	6.87549	8.01754	0	45.2031	82.9644	5.63803	64.1403	8.72665	2.90888	48.6863	12.3759	8	0	-8	0	0	0	0	0	0	0	0	50638
106.5	3531.14	4904.37	810.405	6.87549	8.01754	0	45.164	82.9218	5.63315	64.1403	8.72665	2.90888	61.0622	12.3759	8	0	-8	0	0	0	0	0	0	0	0	-177863
106.8	3535.18	4909.97	810.937	6.87549	8.01754	0	45.2156	82.9762	5.63958	64.1403	8.72665	2.90888	73.4381	12.3759	8	0	-8	0	0	0	0	0	0	0	0	-395517
107.1	3544.44	4922.83	812.166	6.87549	8.01754	0	45.334	83.102	5.65436	64.1403	8.72665	2.90888	85.814	12.3759	8	0	-8	0	0	0	0	0	0	0	0	-509043
107.4	3554.78	4937.19	813.537	6.87549	8.01754	0	45.4662	83.2423	5.67085	64.1403	8.72665	2.90888	98.1899	12.3759	8	0	-8	0	0	0	0	0	0	0	0	-476002
107.7	3562.04	4947.28	814.498	6.87549	8.01754	0	45.5591	83.3406	5.68243	64.1403	8.72665	2.90888	110.566	12.3759	8	0	-8	0	0	0	0	0	0	0	0	-316203
108	3563.73	4949.63	814.728	6.87549	8.01754	0	45.5808	83.3641	5.68513	64.1403	8.72665	2.90888	122.942	12.3759	8	0	-8	0	0	0	0	0	0	0	0	-94209.8
108.3	3559.33	4943.52	814.155	6.87549	8.01754	0	45.5245	83.3055	5.67811	64.1403	8.72665	2.90888	135.318	12.3759	8	0	-8	0	0	0	0	0	0	0	0	105685
108.6	3550.26	4930.92	812.965	6.87549	8.01754	0	45.4085	83.1837	5.66365	64.1403	8.72665	2.90888	147.693	12.3759	8	0	-8	0	0	0	0	0	0	0	0	205866
108.9	3539.86	4916.48	811.584	6.87549	8.01754	0	45.2755	83.0424	5.64705	64.1403	8.72665	2.90888	160.069	12.3759	8	0	-8	0	0	0	0	0	0	0	0	162717
109.2	3532.5	4906.26	810.599	6.87549	8.01754	0	45.1814	82.9416	5.63532	64.1403	8.72665	2.90888	172.445	12.3759	8	0	-8	0	0	0	0	0	0	0	0	-12792.3
109.5	3531.61	4905.01	810.471	6.87549	8.01754	0	45.1699	82.9285	5.63388	64.1403	8.72665	2.90888	184.821	12.3759	8	0	-8	0	0	0	0	0	0	0	0	-248887
109.8	3537.58	4913.31	811.26	6.87549	8.01754	0	45.2463	83.0093	5.64341	64.1403	8.72665	2.90888	197.197	12.3759	8	0	-8	0	0	0	0	0	0	0	0	-442795
110.1	3547.66	4927.31	812.598	6.87549	8.01754	0	45.3752	83.1462	5.65949	64.1403	8.72665	2.90888	209.573	12.3759	8	0	-8	0	0	0	0	0	0	0	0	-512998
110.4	3557.44	4940.9	813.892	6.87549	8.01754	0	45.5003	83.2786	5.6751	64.1403	8.72665	2.90888	221.949	12.3759	8	0	-8	0	0	0	0	0	0	0	0	-436711
110.7	3563.21	4948.9	814.655	6.87549	8.01754	0	45.5741	83.3567	5.6843	64.1403	8.72665	2.90888	234.325	12.3759	8	0	-8	0	0	0	0	0	0	0	0	-249692
111	3563.02	4948.64	814.635	6.87549	8.01754	0	45.5716	83.3546	5.68399	64.1403	8.72665	2.90888	246.7	12.3759	8	0	-8	0	0	0	0	0	0	0	0	-25290.9
111.3	3556.96	4940.23	813.843	6.87549	8.01754	0	45.4942	83.2736	5.67433	64.1403	8.72665	2.90888	259.076	12.3759	8	0	-8	0	0	0	0	0	0	0	0	151318
111.6	3547.08	4926.5	812.54	6.87549	8.01754	0	45.3677	83.1403	5.65856	64.1403	8.72665	2.90888	271.452	12.3759	8	0	-8	0	0	0	0	0	0	0	0	210296
111.9	3537.14	4912.69	811.216	6.87549	8.01754	0	45.2406	83.0048	5.64271	64.1403	8.72665	2.90888	283.828	12.3759	8	0	-8	0	0	0	0	0	0	0	0	122607
112.2	3531.51	4904.88	810.458	6.87549	8.01754	0	45.1686	82.9272	5.63373	64.1403	8.72665	2.90888	296.204	12.3759	8	0	-8	0	0	0	0	0	0	0	0	-81564.6
112.5	3532.81	4906.68	810.623	6.87549	8.01754	0	45.1853	82.9442	5.6358	64.1403	8.72665	2.90888	308.58	12.3759	8	0	-8	0	0	0	0	0	0	0	0	-316145
112.8	3540.45	4917.29	811.635	6.87549	8.01754	0	45.283	83.0477	5.64799	64.1403	8.72665	2.90888	320.956	12.3759	8	0	-8	0	0	0	0	0	0	0	0	-479186
113.1	3550.91	4931.83	813.024	6.87549	8.01754	0	45.4168	83.1898	5.66468	64.1403	8.72665	2.90888	333.332	12.3759	8	0	-8	0	0	0	0	0	0	0	0	-504627
113.4	3559.79	4944.16	814.198	6.87549	8.01754	0	45.5304	83.3099	5.67885	64.1403	8.72665	2.90888	345.708	12.3759	8	0	-8	0	0	0	0	0	0	0	0	-389206
113.7	3563.84	4949.79	814.736	6.87549	8.01754	0	45.5822	83.365	5.68531	64.1403	8.72665	2.90888	358.083	12.3759	8	0	-8	0	0	0	0	0	0	0	0	-182366
114	3561.77	4946.91	814.469	6.87549	8.01754	0	45.5557	83.3377	5.682	64.1403	8.72665	2.90888	10.4593	12.3759	8	0	-8	0	0	0	0	0	0	0	0	36089
114.3	3554.24	4936.45	813.484	6.87549	8.01754	0	45.4594	83.2368	5.66999	64.1403	8.72665	2.90888	22.8352	12.3759	8	0	-8	0	0	0	0	0	0	0	0	182646
114.6	3543.87	4922.04	812.112	6.87549	8.01754	0	45.3267	83.0965	5.65345	64.1403	8.72665	2.90888	35.211	12.3759	8	0	-8	0	0	0	0	0	0	0	0	197599
114.9	3534.8	4909.44	810.902	6.87549	8.01754	0	45.2107	82.9726	5.63898	64.1403	8.72665	2.90888	47.5869	12.3759	8	0	-8	0	0	0	0	0	0	0	0	68193.3
115.2	3531.13	4904.35	810.405	6.87549	8.01754	0	45.1638	82.9218	5.63313	64.1403	8.72665	2.90888	59.9628	12.3759	8	0	-8	0	0	0	0	0	0	0	0	-156112
115.5	3534.56	4909.12	810.856	6.87549	8.01754	0	45.2077	82.9679	5.6386	64.1403	8.72665	2.90888	72.3387	12.3759	8	0	-8	0	0	0	0	0	0	0	0	-378943
115.8	3543.51	4921.55	812.043	6.87549	8.01754	0	45.3222	83.0894	5.65288	64.1403	8.72665	2.90888	84.7146	12.3759	8	0	-8	0	0	0	0	0	0	0	0	-504363
116.1	3553.94	4936.03	813.426	6.87549	8.01754	0	45.4556	83.2309	5.66952	64.1403	8.72665	2.90888	97.0905	12.3759	8	0	-8	0	0	0	0	0	0	0	0	-484341
116.4	3561.61	4946.69	814.441	6.87549	8.01754	0	45.5536	83.3348	5.68175	64.1403	8.72665	2.90888	109.466	12.3759	8	0	-8	0	0	0	0	0	0	0	0	-333735
116.7	3563.85	4949.8	814.742	6.87549	8.01754	0	45.5823	83.3656	5.68533	64.1403	8.72665	2.90888	121.842	12.3759	8	0	-8	0	0	0	0	0	0	0	0	-114006
117	3559.96	4944.39	814.236	6.87549	8.01754	0	45.5325	83.3138	5.67911	64.1403	8.72665	2.90888	134.218	12.3759	8	0	-8	0	0	0	0	0	0	0	0	91224.6
117.3	3551.2	4932.22	813.087	6.87549	8.01754	0	45.4205	83.1962	5.66514	64.1403	8.72665	2.90888	146.594	12.3759	8	0	-8	0	0	0	0	0	0	0	0	202666
117.6	3540.74	4917.7	811.7	6.87549	8.01754	0	45.2867	83.0543	5.64846	64.1403	8.72665	2.90888	158.97	12.3759	8	0	-8	0	0	0	0	0	0	0	0	172676
117.9	3532.94	4906.87	810.657	6.87549	8.01754	0	45.187	82.9475	5.63602	64.1403	8.72665	2.90888	171.346	12.3759	8	0	-8	0	0	0	0	0	0	0	0	6739.92
118.2	3531.4	4904.73	810.443	6.87549	8.01754	0	45.1673	82.9257	5.63356	64.1403	8.72665	2.90888	183.722	12.3759	8	0	-8	0	0	0	0	0	0	0	0	-228104
118.5	3536.84	4912.27	811.16	6.87549	8.01754	0	45.2368	82.9991	5.64223	64.1403	8.72665	2.90888	196.098	12.3759	8	0	-8	0	0	0	0	0	0	0	0	-429792
118.8	3546.72	4926.01	812.472	6.87549	8.01754	0	45.3632	83.1333	5.658	64.1403	8.72665	2.90888	208.473	12.3759	8	0	-8	0	0	0	0	0	0	0	0	-512989
119.1	3556.71	4939.87	813.794	6.87549	8.01754	0	45.4909	83.2685	5.67393	64.1403	8.72665	2.90888	220.849	12.3759	8	0	-8	0	0	0	0	0	0	0	0	-449033
119.4	3562.93	4948.52	814.617	6.87549	8.01754	0	45.5705	83.3528	5.68385	64.1403	8.72665	2.90888	233.225	12.3759	8	0	-8	0	0	0	0	0	0	0	0	-269306
119.7	3563.3	4949.02	814.67	6.87549	8.01754	0	45.5752	83.3582	5.68444	64.1403	8.72665	2.90888	245.601	12.3759	8	0	-8	0	0	0	0	0	0	0	0	-44801.7
120	3557.71	4941.27	813.941	6.87549	8.01754	0	45.5038	83.2836	5.67553	64.1403	8.72665	2.90888	257.977	12.3759	8	0	-8	0	0	0	0	0	0	0	0	139280
120.3	3548.03	4927.83	812.667	6.87549	8.01754	0	45.38	83.1533	5.66009	64.1403	8.72665	2.90888	270.353	12.3759	8	0	-8	0	0	0	0	0	0	0	0	210599
120.6	3537.91	4913.77	811.32	6.87549	8.01754	0	45.2505	83.0154	5.64394	64.1403	8.72665	2.90888	282.729	12.3759	8	0	-8	0	0	0	0	0	0	0	0	135694
120.9	3531.75	4905.22	810.492	6.87549	8.01754	0	45.1718	82.9307	5.63412	64.1403	8.72665	2.90888	295.105	12.3759	8	0	-8	0	0	0	0	0	0	0	0	-60951.8
121.2	3532.41	4906.13	810.571	6.87549	8.01754	0	45.1802	82.9388	5.63517	64.1403	8.72665	2.90888	307.48	12.3759	8	0	-8	0	0	0	0	0	0	0	0	-297069
121.5	3539.6	4916.11	811.523	6.87549	8.01754	0	45.2721	83.0362	5.64663	64.1403	8.72665	2.90888	319.856	12.3759	8	0	-8	0	0	0	0	0	0	0	0	-469923
121.8	3549.99	4930.54	812.902	6.87549	8.01754	0	45.405	83.1773	5.66321	64.1403	8.72665	2.90888	332.232	12.3759	8	0	-8	0	0	0	0	0	0	0	0	-508606
122.1	3559.16	4943.29	814.115	6.87549	8.01754	0	45.5223	83.3014	5.67785	64.1403	8.72665	2.90888	344.608	12.3759	8	0	-8	0	0	0	0	0	0	0	0	-404235
122.4	3563.73	4949.63	814.721	6.87549	8.01754	0	45.5807	83.3634	5.68513	64.1403	8.72665	2.90888	356.984	12.3759	8	0	-8	0	0	0	0	0	0	0	0	-202498
122.7	3562.2	4947.5	814.526	6.87549	8.01754	0	45.5612	83.3435	5.68269	64.1403	8.72665	2.90888	9.35986	12.3759	8	0	-8	0	0	0	0	0	0	0	0	18491.7
123	3555.08	4937.61	813.594	6.87549	8.01754	0	45.4701	83.2481	5.67133	64.1403	8.72665	2.90888	21.7357	12.3759	8	0	-8	0	0	0	0	0	0	0	0	174442
123.3	3544.81	4923.35	812.237	6.87549	8.01754	0	45.3387	83.1093	5.65494	64.1403	8.72665	2.90888	34.1116	12.3759	8	0	-8	0	0	0	0	0	0	0	0	202503
123.6	3535.44	4910.33	810.988	6.87549	8.01754	0	45.2189	82.9814	5.64	64.1403	8.72665	2.90888	46.4875	12.3759	8	0	-8	0	0	0	0	0	0	0	0	84882.4
123.9	3531.18	4904.41	810.411	6.87549	8.01754	0	45.1644	82.9225	5.6332	64.1403	8.72665	2.90888	58.8634	12.3759	8	0	-8	0	0	0	0	0	0	0	0	-134441
124.2	3533.99	4908.33	810.781	6.87549	8.01754	0	45.2004	82.9602	5.63769	64.1403	8.72665	2.90888	71.2393	12.3759	8	0	-8	0	0	0	0	0	0	0	0	-361667
124.5	3542.6	4920.28	811.922	6.87549	8.01754	0	45.3105	83.077	5.65142	64.1403	8.72665	2.90888	83.6151	12.3759	8	0	-8	0	0	0	0	0	0	0	0	-498589
124.8	3553.08	4934.83	813.312	6.87549	8.01754	0	45.4445	83.2192	5.66814	64.1403	8.72665	2.90888	95.991	12.3759	8	0	-8	0	0	0	0	0	0	0	0	-491742
125.1	3561.13	4946.02	814.377	6.87549	8.01754	0	45.5475	83.3283	5.68099	64.1403	8.72665	2.90888	108.367	12.3759	8	0	-8	0	0	0	0	0	0	0	0	-350832
125.4	3563.91	4949.88	814.749	6.87549	8.01754	0	45.5831	83.3663	5.68542	64.1403	8.72665	2.90888	120.743	12.3759	8	0	-8	0	0	0	0	0	0	0	0	-133976
125.7	3560.54	4945.2	814.312	6.87549	8.01754	0	45.54	83.3215	5.68004	64.1403	8.72665	2.90888	133.119	12.3759	8	0	-8	0	0	0	0	0	0	0	0	75955
126	3552.12	4933.5	813.207	6.87549	8.01754	0	45.4322	83.2085	5.6666	64.1403	8.72665	2.90888	145.495	12.3759	8	0	-8	0	0	0	0	0	0	0	0	198267
126.3	3541.64	4918.95	811.819	6.87549	8.01754	0	45.2982	83.0665	5.64989	64.1403	8.72665	2.90888	157.87	12.3759	8	0	-8	0	0	0	0	0	0	0	0	181506
126.6	3533.43	4907.54	810.721	6.87549	8.01754	0	45.1932	82.9541	5.63679	64.1403	8.72665	2.90888	170.246	12.3759	8	0	-8	0	0	0	0	0	0	0	0	25700.1
126.9	3531.26	4904.53	810.423	6.87549	8.01754	0	45.1654	82.9236	5.63333	64.1403	8.72665	2.90888	182.622	12.3759	8	0	-8	0	0	0	0	0	0	0	0	-207032
127.2	3536.12	4911.29	811.065	6.87549	8.01754	0	45.2277	82.9894	5.64109	64.1403	8.72665	2.90888	194.998	12.3759	8	0	-8	0	0	0	0	0	0	0	0	-415783
127.5	3545.78	4924.7	812.346	6.87549	8.01754	0	45.3512	83.1204	5.6565	64.1403	8.72665	2.90888	207.374	12.3759	8	0	-8	0	0	0	0	0	0	0	0	-511686
127.8	3555.94	4938.8	813.691	6.87549	8.01754	0	45.4811	83.2581	5.6727	64.1403	8.72665	2.90888	219.75	12.3759	8	0	-8	0	0	0	0	0	0	0	0	-460333
128.1	3562.6	4948.06	814.573	6.87549	8.01754	0	45.5664	83.3483	5.68333	64.1403	8.72665	2.90888	232.126	12.3759	8	0	-8	0	0	0	0	0	0	0	0	-288474
128.4	3563.52	4949.34	814.699	6.87549	8.01754	0	45.5781	83.3612	5.6848	64.1403	8.72665	2.90888	244.502	12.3759	8	0	-8	0	0	0	0	0	0	0	0	-64555.2
128.7	3558.42	4942.26	814.034	6.87549	8.01754	0	45.5129	83.2931	5.67667	64.1403	8.72665	2.90888	256.877	12.3759	8	0	-8	0	0	0	0	0	0	0	0	126437
129	3548.98	4929.14	812.792	6.87549	8.01754	0	45.3921	83.166	5.6616	64.1403	8.72665	2.90888	269.253	12.3759	8	0	-8	0	0	0	0	0	0	0	0	209833
129.3	3538.72	4914.89	811.427	6.87549	8.01754	0	45.2608	83.0264	5.64523	64.1403	8.72665	2.90888	281.629	12.3759	8	0	-8	0	0	0	0	0	0	0	0	147865
129.6	3532.05	4905.63	810.532	6.87549	8.01754	0	45.1755	82.9348	5.63459	64.1403	8.72665	2.90888	294.005	12.3759	8	0	-8	0	0	0	0	0	0	0	0	-40602.6
129.9	3532.07	4905.65	810.526	6.87549	8.01754	0	45.1758	82.9342	5.63462	64.1403	8.72665	2.90888	306.381	12.3759	8	0	-8	0	0	0	0	0	0	0	0	-277425
130.2	3538.77	4914.95	811.413	6.87549	8.01754	0	45.2614	83.0249	5.6453	64.1403	8.72665	2.90888	318.757	12.3759	8	0	-8	0	0	0	0	0	0	0	0	-459528
130.5	3549.05	4929.24	812.778	6.87549	8.01754	0	45.393	83.1646	5.66172	64.1403	8.72665	2.90888	331.133	12.3759	8	0	-8	0	0	0	0	0	0	0	0	-511407
130.8	3558.49	4942.36	814.027	6.87549	8.01754	0	45.5138	83.2924	5.67678	64.1403	8.72665	2.90888	343.509	12.3759	8	0	-8	0	0	0	0	0	0	0	0	-418499
131.1	3563.57	4949.4	814.699	6.87549	8.01754	0	45.5786	83.3612	5.68487	64.1403	8.72665	2.90888	355.885	12.3759	8	0	-8	0	0	0	0	0	0	0	0	-222487
131.4	3562.59	4948.04	814.577	6.87549	8.01754	0	45.5662	83.3487	5.68331	64.1403	8.72665	2.90888	8.26043	12.3759	8	0	-8	0	0	0	0	0	0	0	0	343.72
131.7	3555.89	4938.73	813.7	6.87549	8.01754	0	45.4804	83.259	5.67262	64.1403	8.72665	2.90888	20.6363	12.3759	8	0	-8	0	0	0	0	0	0	0	0	165170
132	3545.75	4924.66	812.363	6.87549	8.01754	0	45.3508	83.1221	5.65645	64.1403	8.72665	2.90888	33.0122	12.3759	8	0	-8	0	0	0	0	0	0	0	0	206122
132.3	3536.12	4911.28	811.079	6.87549	8.01754	0	45.2276	82.9908	5.64108	64.1403	8.72665	2.90888	45.3881	12.3759	8	0	-8	0	0	0	0	0	0	0	0	100662
132.6	3531.28	4904.55	810.426	6.87549	8.01754	0	45.1657	82.9239	5.63336	64.1403	8.72665	2.90888	57.764	12.3759	8	0	-8	0	0	0	0	0	0	0	0	-112910
132.9	3533.47	4907.6	810.711	6.87549	8.01754	0	45.1937	82.9532	5.63686	64.1403	8.72665	2.90888	70.1398	12.3759	8	0	-8	0	0	0	0	0	0	0	0	-343723
133.2	3541.7	4919.03	811.803	6.87549	8.01754	0	45.299	83.0648	5.64999	64.1403	8.72665	2.90888	82.5157	12.3759	8	0	-8	0	0	0	0	0	0	0	0	-491724
133.5	3552.2	4933.61	813.195	6.87549	8.01754	0	45.4332	83.2073	5.66673	64.1403	8.72665	2.90888	94.8916	12.3759	8	0	-8	0	0	0	0	0	0	0	0	-498131
133.8	3560.61	4945.3	814.308	6.87549	8.01754	0	45.5409	83.3212	5.68016	64.1403	8.72665	2.90888	107.267	12.3759	8	0	-8	0	0	0	0	0	0	0	0	-367386
134.1	3563.92	4949.89	814.749	6.87549	8.01754	0	45.5832	83.3663	5.68543	64.1403	8.72665	2.90888	119.643	12.3759	8	0	-8	0	0	0	0	0	0	0	0	-154092
134.4	3561.08	4945.95	814.381	6.87549	8.01754	0	45.5468	83.3287	5.6809	64.1403	8.72665	2.90888	132.019	12.3759	8	0	-8	0	0	0	0	0	0	0	0	59937.8
134.7	3553.01	4934.74	813.324	6.87549	8.01754	0	45.4436	83.2205	5.66803	64.1403	8.72665	2.90888	144.395	12.3759	8	0	-8	0	0	0	0	0	0	0	0	192705
135	3542.55	4920.21	811.94	6.87549	8.01754	0	45.3098	83.0788	5.65134	64.1403	8.72665	2.90888	156.771	12.3759	8	0	-8	0	0	0	0	0	0	0	0	189160
135.3	3533.96	4908.28	810.792	6.87549	8.01754	0	45.2	82.9614	5.63764	64.1403	8.72665	2.90888	169.147	12.3759	8	0	-8	0	0	0	0	0	0	0	0	44011.3
135.6	3531.16	4904.4	810.41	6.87549	8.01754	0	45.1642	82.9224	5.63318	64.1403	8.72665	2.90888	181.523	12.3759	8	0	-8	0	0	0	0	0	0	0	0	-185760
135.9	3535.45	4910.35	810.975	6.87549	8.01754	0	45.219	82.9802	5.64002	64.1403	8.72665	2.90888	193.899	12.3759	8	0	-8	0	0	0	0	0	0	0	0	-400828
136.2	3544.84	4923.39	812.221	6.87549	8.01754	0	45.3391	83.1076	5.655	64.1403	8.72665	2.90888	206.275	12.3759	8	0	-8	0	0	0	0	0	0	0	0	-509145
136.5	3555.14	4937.69	813.585	6.87549	8.01754	0	45.4708	83.2472	5.67142	64.1403	8.72665	2.90888	218.65	12.3759	8	0	-8	0	0	0	0	0	0	0	0	-470628
136.8	3562.23	4947.55	814.523	6.87549	8.01754	0	45.5616	83.3432	5.68274	64.1403	8.72665	2.90888	231.026	12.3759	8	0	-8	0	0	0	0	0	0	0	0	-307170
137.1	3563.7	4949.59	814.722	6.87549	8.01754	0	45.5804	83.3635	5.68509	64.1403	8.72665	2.90888	243.402	12.3759	8	0	-8	0	0	0	0	0	0	0	0	-84519
137.4	3559.1	4943.2	814.122	6.87549	8.01754	0	45.5215	83.3022	5.67774	64.1403	8.72665	2.90888	255.778	12.3759	8	0	-8	0	0	0	0	0	0	0	0	112795
137.7	3549.92	4930.45	812.916	6.87549	8.01754	0	45.4041	83.1787	5.6631	64.1403	8.72665	2.90888	268.154	12.3759	8	0	-8	0	0	0	0	0	0	0	0	207952
138	3539.55	4916.05	811.539	6.87549	8.01754	0	45.2715	83.0378	5.64656	64.1403	8.72665	2.90888	280.53	12.3759	8	0	-8	0	0	0	0	0	0	0	0	159066
138.3	3532.4	4906.11	810.579	6.87549	8.01754	0	45.18	82.9396	5.63515	64.1403	8.72665	2.90888	292.906	12.3759	8	0	-8	0	0	0	0	0	0	0	0	-20572.1
138.6	3531.77	4905.24	810.487	6.87549	8.01754	0	45.172	82.9302	5.63414	64.1403	8.72665	2.90888	305.282	12.3759	8	0	-8	0	0	0	0	0	0	0	0	-257246
138.9	3537.96	4913.84	811.306	6.87549	8.01754	0	45.2512	83.014	5.64402	64.1403	8.72665	2.90888	317.657	12.3759	8	0	-8	0	0	0	0	0	0	0	0	-448004
139.2	3548.11	4927.93	812.653	6.87549	8.01754	0	45.3809	83.1518	5.66021	64.1403	8.72665	2.90888	330.033	12.3759	8	0	-8	0	0	0	0	0	0	0	0	-513011
139.5	3557.79	4941.38	813.934	6.87549	8.01754	0	45.5048	83.2829	5.67566	64.1403	8.72665	2.90888	342.409	12.3759	8	0	-8	0	0	0	0	0	0	0	0	-431919
139.8	3563.35	4949.11	814.671	6.87549	8.01754	0	45.5759	83.3583	5.68453	64.1403	8.72665	2.90888	354.785	12.3759	8	0	-8	0	0	0	0	0	0	0	0	-242270
140.1	3562.93	4948.51	814.621	6.87549	8.01754	0	45.5705	83.3532	5.68385	64.1403	8.72665	2.90888	7.16101	12.3759	8	0	-8	0	0	0	0	0	0	0	0	-18312.2
140.4	3556.67	4939.82	813.803	6.87549	8.01754	0	45.4904	83.2695	5.67387	64.1403	8.72665	2.90888	19.5369	12.3759	8	0	-8	0	0	0	0	0	0	0	0	154853
140.7	3546.7	4925.97	812.489	6.87549	8.01754	0	45.3629	83.1351	5.65796	64.1403	8.72665	2.90888	31.9128	12.3759	8	0	-8	0	0	0	0	0	0	0	0	208503
141	3536.84	4912.28	811.176	6.87549	8.01754	0	45.2368	83.0007	5.64223	64.1403	8.72665	2.90888	44.2887	12.3759	8	0	-8	0	0	0	0	0	0	0	0	115508
141.3	3531.44	4904.78	810.448	6.87549	8.01754	0	45.1677	82.9262	5.63361	64.1403	8.72665	2.90888	56.6645	12.3759	8	0	-8	0	0	0	0	0	0	0	0	-91567
141.6	3533	4906.95	810.649	6.87549	8.01754	0	45.1877	82.9468	5.6361	64.1403	8.72665	2.90888	69.0404	12.3759	8	0	-8	0	0	0	0	0	0	0	0	-325146
141.9	3540.82	4917.8	811.685	6.87549	8.01754	0	45.2877	83.0528	5.64858	64.1403	8.72665	2.90888	81.4163	12.3759	8	0	-8	0	0	0	0	0	0	0	0	-483758
142.2	3551.3	4932.36	813.076	6.87549	8.01754	0	45.4217	83.1951	5.6653	64.1403	8.72665	2.90888	93.7922	12.3759	8	0	-8	0	0	0	0	0	0	0	0	-503442
142.5	3560.04	4944.51	814.232	6.87549	8.01754	0	45.5336	83.3134	5.67925	64.1403	8.72665	2.90888	106.168	12.3759	8	0	-8	0	0	0	0	0	0	0	0	-383270
142.8	3563.87	4949.83	814.742	6.87549	8.01754	0	45.5826	83.3656	5.68536	64.1403	8.72665	2.90888	118.544	12.3759	8	0	-8	0	0	0	0	0	0	0	0	-174229
143.1	3561.57	4946.63	814.445	6.87549	8.01754	0	45.5531	83.3352	5.68169	64.1403	8.72665	2.90888	130.92	12.3759	8	0	-8	0	0	0	0	0	0	0	0	43222.6
143.4	3553.88	4935.95	813.438	6.87549	8.01754	0	45.4548	83.2322	5.66942	64.1403	8.72665	2.90888	143.296	12.3759	8	0	-8	0	0	0	0	0	0	0	0	185962
143.7	3543.47	4921.49	812.062	6.87549	8.01754	0	45.3217	83.0914	5.65282	64.1403	8.72665	2.90888	155.672	12.3759	8	0	-8	0	0	0	0	0	0	0	0	195622
144	3534.54	4909.08	810.869	6.87549	8.01754	0	45.2074	82.9693	5.63856	64.1403	8.72665	2.90888	168.047	12.3759	8	0	-8	0	0	0	0	0	0	0	0	61615
144.3	3531.13	4904.35	810.406	6.87549	8.01754	0	45.1638	82.9219	5.63312	64.1403	8.72665	2.90888	180.423	12.3759	8	0	-8	0	0	0	0	0	0	0	0	-164362
144.6	3534.82	4909.47	810.891	6.87549	8.01754	0	45.211	82.9715	5.63901	64.1403	8.72665	2.90888	192.799	12.3759	8	0	-8	0	0	0	0	0	0	0	0	-384981
144.9	3543.91	4922.1	812.097	6.87549	8.01754	0	45.3272	83.0949	5.65351	64.1403	8.72665	2.90888	205.175	12.3759	8	0	-8	0	0	0	0	0	0	0	0	-505374
145.2	3554.31	4936.54	813.475	6.87549	8.01754	0	45.4602	83.2359	5.6701	64.1403	8.72665	2.90888	217.551	12.3759	8	0	-8	0	0	0	0	0	0	0	0	-479844
145.5	3561.82	4946.97	814.468	6.87549	8.01754	0	45.5563	83.3375	5.68208	64.1403	8.72665	2.90888	229.927	12.3759	8	0	-8	0	0	0	0	0	0	0	0	-325337
145.8	3563.84	4949.77	814.739	6.87549	8.01754	0	45.5821	83.3652	5.6853	64.1403	8.72665	2.90888	242.303	12.3759	8	0	-8	0	0	0	0	0	0	0	0	-104640
146.1	3559.73	4944.07	814.205	6.87549	8.01754	0	45.5296	83.3106	5.67875	64.1403	8.72665	2.90888	254.679	12.3759	8	0	-8	0	0	0	0	0	0	0	0	98327.3
146.4	3550.84	4931.73	813.038	6.87549	8.01754	0	45.4159	83.1912	5.66457	64.1403	8.72665	2.90888	267.055	12.3759	8	0	-8	0	0	0	0	0	0	0	0	204949
146.7	3540.41	4917.24	811.653	6.87549	8.01754	0	45.2825	83.0495	5.64793	64.1403	8.72665	2.90888	279.43	12.3759	8	0	-8	0	0	0	0	0	0	0	0	169254
147	3532.8	4906.67	810.634	6.87549	8.01754	0	45.1851	82.9452	5.63578	64.1403	8.72665	2.90888	291.806	12.3759	8	0	-8	0	0	0	0	0	0	0	0	-966.922
147.3	3531.53	4904.9	810.456	6.87549	8.01754	0	45.1689	82.927	5.63376	64.1403	8.72665	2.90888	304.182	12.3759	8	0	-8	0	0	0	0	0	0	0	0	-236658
147.6	3537.19	4912.76	811.204	6.87549	8.01754	0	45.2413	83.0035	5.64279	64.1403	8.72665	2.90888	316.558	12.3759	8	0	-8	0	0	0	0	0	0	0	0	-435396
147.9	3547.16	4926.61	812.527	6.87549	8.01754	0	45.3688	83.1389	5.65869	64.1403	8.72665	2.90888	328.934	12.3759	8	0	-8	0	0	0	0	0	0	0	0	-513398
148.2	3557.06	4940.36	813.837	6.87549	8.01754	0	45.4954	83.273	5.67448	64.1403	8.72665	2.90888	341.31	12.3759	8	0	-8	0	0	0	0	0	0	0	0	-444448
148.5	3563.09	4948.73	814.635	6.87549	8.01754	0	45.5725	83.3547	5.6841	64.1403	8.72665	2.90888	353.686	12.3759	8	0	-8	0	0	0	0	0	0	0	0	-261773
148.8	3563.21	4948.91	814.658	6.87549	8.01754	0	45.5741	83.357	5.6843	64.1403	8.72665	2.90888	6.06159	12.3759	8	0	-8	0	0	0	0	0	0	0	0	-37372.7
149.1	3557.42	4940.87	813.902	6.87549	8.01754	0	45.5001	83.2797	5.67507	64.1403	8.72665	2.90888	18.4375	12.3759	8	0	-8	0	0	0	0	0	0	0	0	143543
149.4	3547.65	4927.3	812.616	6.87549	8.01754	0	45.3751	83.148	5.65948	64.1403	8.72665	2.90888	30.8134	12.3759	8	0	-8	0	0	0	0	0	0	0	0	209658
149.7	3537.6	4913.33	811.277	6.87549	8.01754	0	45.2465	83.0111	5.64344	64.1403	8.72665	2.90888	43.1892	12.3759	8	0	-8	0	0	0	0	0	0	0	0	129358
150	3531.65	4905.08	810.478	6.87549	8.01754	0	45.1705	82.9293	5.63396	64.1403	8.72665	2.90888	55.5651	12.3759	8	0	-8	0	0	0	0	0	0	0	0	-70487.3
150.3	3532.58	4906.36	810.594	6.87549	8.01754	0	45.1823	82.9411	5.63543	64.1403	8.72665	2.90888	67.941	12.3759	8	0	-8	0	0	0	0	0	0	0	0	-305992
150.6	3539.95	4916.61	811.571	6.87549	8.01754	0	45.2767	83.0411	5.6472	64.1403	8.72665	2.90888	80.3169	12.3759	8	0	-8	0	0	0	0	0	0	0	0	-474687
150.9	3550.38	4931.08	812.955	6.87549	8.01754	0	45.41	83.1827	5.66383	64.1403	8.72665	2.90888	92.6928	12.3759	8	0	-8	0	0	0	0	0	0	0	0	-507683
151.2	3559.43	4943.66	814.152	6.87549	8.01754	0	45.5258	83.3052	5.67827	64.1403	8.72665	2.90888	105.069	12.3759	8	0	-8	0	0	0	0	0	0	0	0	-398464
151.5	3563.78	4949.7	814.729	6.87549	8.01754	0	45.5814	83.3643	5.68521	64.1403	8.72665	2.90888	117.445	12.3759	8	0	-8	0	0	0	0	0	0	0	0	-194326
151.8	3562.02	4947.26	814.504	6.87549	8.01754	0	45.5589	83.3412	5.68241	64.1403	8.72665	2.90888	129.82	12.3759	8	0	-8	0	0	0	0	0	0	0	0	25875.1
152.1	3554.73	4937.12	813.549	6.87549	8.01754	0	45.4656	83.2435	5.67077	64.1403	8.72665	2.90888	142.196	12.3759	8	0	-8	0	0	0	0	0	0	0	0	178135
152.4	3544.41	4922.79	812.186	6.87549	8.01754	0	45.3336	83.104	5.65431	64.1403	8.72665	2.90888	154.572	12.3759	8	0	-8	0	0	0	0	0	0	0	0	200903
152.7	3535.16	4909.95	810.952	6.87549	8.01754	0	45.2153	82.9778	5.63955	64.1403	8.72665	2.90888	166.948	12.3759	8	0	-8	0	0	0	0	0	0	0	0	78459.1
153	3531.15	4904.38	810.409	6.87549	8.01754	0	45.164	82.9222	5.63315	64.1403	8.72665	2.90888	179.324	12.3759	8	0	-8	0	0	0	0	0	0	0	0	-142914
153.3	3534.23	4908.65	810.813	6.87549	8.01754	0	45.2034	82.9635	5.63807	64.1403	8.72665	2.90888	191.7	12.3759	8	0	-8	0	0	0	0	0	0	0	0	-368296
153.6	3542.99	4920.82	811.974	6.87549	8.01754	0	45.3154	83.0823	5.65204	64.1403	8.72665	2.90888	204.076	12.3759	8	0	-8	0	0	0	0	0	0	0	0	-500384
153.9	3553.45	4935.35	813.362	6.87549	8.01754	0	45.4493	83.2243	5.66874	64.1403	8.72665	2.90888	216.452	12.3759	8	0	-8	0	0	0	0	0	0	0	0	-487971
154.2	3561.35	4946.33	814.406	6.87549	8.01754	0	45.5503	83.3312	5.68134	64.1403	8.72665	2.90888	228.827	12.3759	8	0	-8	0	0	0	0	0	0	0	0	-342947
154.5	3563.91	4949.88	814.749	6.87549	8.01754	0	45.5831	83.3662	5.68542	64.1403	8.72665	2.90888	241.203	12.3759	8	0	-8	0	0	0	0	0	0	0	0	-124840
154.8	3560.33	4944.9	814.282	6.87549	8.01754	0	45.5372	83.3185	5.6797	64.1403	8.72665	2.90888	253.579	12.3759	8	0	-8	0	0	0	0	0	0	0	0	83111.4
155.1	3551.76	4933	813.158	6.87549	8.01754	0	45.4276	83.2035	5.66603	64.1403	8.72665	2.90888	265.955	12.3759	8	0	-8	0	0	0	0	0	0	0	0	200822
155.4	3541.29	4918.46	811.77	6.87549	8.01754	0	45.2937	83.0615	5.64933	64.1403	8.72665	2.90888	278.331	12.3759	8	0	-8	0	0	0	0	0	0	0	0	178393
155.7	3533.25	4907.29	810.695	6.87549	8.01754	0	45.1909	82.9514	5.63651	64.1403	8.72665	2.90888	290.707	12.3759	8	0	-8	0	0	0	0	0	0	0	0	18134.6
156	3531.34	4904.65	810.432	6.87549	8.01754	0	45.1665	82.9245	5.63346	64.1403	8.72665	2.90888	303.083	12.3759	8	0	-8	0	0	0	0	0	0	0	0	-215740
156.3	3536.45	4911.74	811.106	6.87549	8.01754	0	45.2318	82.9935	5.64161	64.1403	8.72665	2.90888	315.459	12.3759	8	0	-8	0	0	0	0	0	0	0	0	-421778
156.6	3546.2	4925.29	812.4	6.87549	8.01754	0	45.3566	83.126	5.65717	64.1403	8.72665	2.90888	327.835	12.3759	8	0	-8	0	0	0	0	0	0	0	0	-512548
156.9	3556.29	4939.29	813.736	6.87549	8.01754	0	45.4856	83.2626	5.67326	64.1403	8.72665	2.90888	340.21	12.3759	8	0	-8	0	0	0	0	0	0	0	0	-456027
157.2	3562.77	4948.29	814.594	6.87549	8.01754	0	45.5685	83.3504	5.6836	64.1403	8.72665	2.90888	352.586	12.3759	8	0	-8	0	0	0	0	0	0	0	0	-280934
157.5	3563.45	4949.24	814.689	6.87549	8.01754	0	45.5772	83.3602	5.68469	64.1403	8.72665	2.90888	4.96217	12.3759	8	0	-8	0	0	0	0	0	0	0	0	-56790.4
157.8	3558.15	4941.87	813.997	6.87549	8.01754	0	45.5093	83.2893	5.67622	64.1403	8.72665	2.90888	17.3381	12.3759	8	0	-8	0	0	0	0	0	0	0	0	131303
158.1	3548.6	4928.61	812.741	6.87549	8.01754	0	45.3872	83.1608	5.66099	64.1403	8.72665	2.90888	29.7139	12.3759	8	0	-8	0	0	0	0	0	0	0	0	209625
158.4	3538.39	4914.43	811.383	6.87549	8.01754	0	45.2566	83.0219	5.6447	64.1403	8.72665	2.90888	42.0898	12.3759	8	0	-8	0	0	0	0	0	0	0	0	142205
158.7	3531.93	4905.46	810.515	6.87549	8.01754	0	45.174	82.9331	5.63439	64.1403	8.72665	2.90888	54.4657	12.3759	8	0	-8	0	0	0	0	0	0	0	0	-49751.3
159	3532.21	4905.85	810.545	6.87549	8.01754	0	45.1776	82.9361	5.63485	64.1403	8.72665	2.90888	66.8416	12.3759	8	0	-8	0	0	0	0	0	0	0	0	-286329
159.3	3539.11	4915.44	811.459	6.87549	8.01754	0	45.2659	83.0297	5.64586	64.1403	8.72665	2.90888	79.2175	12.3759	8	0	-8	0	0	0	0	0	0	0	0	-464552
159.6	3549.45	4929.79	812.831	6.87549	8.01754	0	45.3981	83.17	5.66234	64.1403	8.72665	2.90888	91.5933	12.3759	8	0	-8	0	0	0	0	0	0	0	0	-510811
159.9	3558.78	4942.75	814.066	6.87549	8.01754	0	45.5174	83.2963	5.67723	64.1403	8.72665	2.90888	103.969	12.3759	8	0	-8	0	0	0	0	0	0	0	0	-412938
160.2	3563.64	4949.5	814.71	6.87549	8.01754	0	45.5796	83.3623	5.68498	64.1403	8.72665	2.90888	116.345	12.3759	8	0	-8	0	0	0	0	0	0	0	0	-214321
160.5	3562.43	4947.82	814.557	6.87549	8.01754	0	45.5641	83.3466	5.68306	64.1403	8.72665	2.90888	128.721	12.3759	8	0	-8	0	0	0	0	0	0	0	0	7955.95
160.8	3555.55	4938.26	813.657	6.87549	8.01754	0	45.4761	83.2545	5.67208	64.1403	8.72665	2.90888	141.097	12.3759	8	0	-8	0	0	0	0	0	0	0	0	169261
161.1	3545.35	4924.1	812.311	6.87549	8.01754	0	45.3457	83.1168	5.65581	64.1403	8.72665	2.90888	153.473	12.3759	8	0	-8	0	0	0	0	0	0	0	0	204959
161.4	3535.83	4910.87	811.041	6.87549	8.01754	0	45.2238	82.9869	5.64062	64.1403	8.72665	2.90888	165.849	12.3759	8	0	-8	0	0	0	0	0	0	0	0	94477.7
161.7	3531.23	4904.48	810.42	6.87549	8.01754	0	45.165	82.9233	5.63328	64.1403	8.72665	2.90888	178.225	12.3759	8	0	-8	0	0	0	0	0	0	0	0	-121501
162	3533.68	4907.9	810.74	6.87549	8.01754	0	45.1965	82.9561	5.6372	64.1403	8.72665	2.90888	190.6	12.3759	8	0	-8	0	0	0	0	0	0	0	0	-350838
162.3	3542.08	4919.56	811.853	6.87549	8.01754	0	45.3038	83.07	5.65059	64.1403	8.72665	2.90888	202.976	12.3759	8	0	-8	0	0	0	0	0	0	0	0	-494205
162.6	3552.57	4934.13	813.245	6.87549	8.01754	0	45.4381	83.2124	5.66733	64.1403	8.72665	2.90888	215.352	12.3759	8	0	-8	0	0	0	0	0	0	0	0	-495030
162.9	3560.85	4945.62	814.339	6.87549	8.01754	0	45.5439	83.3243	5.68053	64.1403	8.72665	2.90888	227.728	12.3759	8	0	-8	0	0	0	0	0	0	0	0	-359974
163.2	3563.94	4949.91	814.751	6.87549	8.01754	0	45.5834	83.3665	5.68546	64.1403	8.72665	2.90888	240.104	12.3759	8	0	-8	0	0	0	0	0	0	0	0	-145132
163.5	3560.87	4945.66	814.354	6.87549	8.01754	0	45.5442	83.3259	5.68057	64.1403	8.72665	2.90888	252.48	12.3759	8	0	-8	0	0	0	0	0	0	0	0	67212.8
163.8	3552.66	4934.25	813.276	6.87549	8.01754	0	45.4391	83.2156	5.66746	64.1403	8.72665	2.90888	264.856	12.3759	8	0	-8	0	0	0	0	0	0	0	0	195589
164.1	3542.19	4919.71	811.89	6.87549	8.01754	0	45.3052	83.0737	5.65076	64.1403	8.72665	2.90888	277.232	12.3759	8	0	-8	0	0	0	0	0	0	0	0	186421
164.4	3533.75	4907.99	810.763	6.87549	8.01754	0	45.1973	82.9584	5.63731	64.1403	8.72665	2.90888	289.607	12.3759	8	0	-8	0	0	0	0	0	0	0	0	36645.7
164.7	3531.22	4904.47	810.416	6.87549	8.01754	0	45.1649	82.9229	5.63326	64.1403	8.72665	2.90888	301.983	12.3759	8	0	-8	0	0	0	0	0	0	0	0	-194576
165	3535.75	4910.77	811.013	6.87549	8.01754	0	45.2229	82.984	5.64049	64.1403	8.72665	2.90888	314.359	12.3759	8	0	-8	0	0	0	0	0	0	0	0	-407200
165.3	3545.25	4923.97	812.274	6.87549	8.01754	0	45.3444	83.1131	5.65566	64.1403	8.72665	2.90888	326.735	12.3759	8	0	-8	0	0	0	0	0	0	0	0	-510466
165.6	3555.49	4938.19	813.631	6.87549	8.01754	0	45.4754	83.2519	5.67199	64.1403	8.72665	2.90888	339.111	12.3759	8	0	-8	0	0	0	0	0	0	0	0	-466651
165.9	3562.41	4947.79	814.546	6.87549	8.01754	0	45.5639	83.3455	5.68302	64.1403	8.72665	2.90888	351.487	12.3759	8	0	-8	0	0	0	0	0	0	0	0	-299697
166.2	3563.65	4949.51	814.714	6.87549	8.01754	0	45.5797	83.3627	5.685	64.1403	8.72665	2.90888	3.86275	12.3759	8	0	-8	0	0	0	0	0	0	0	0	-76505.9
166.5	3558.83	4942.83	814.087	6.87549	8.01754	0	45.5181	83.2985	5.67732	64.1403	8.72665	2.90888	16.2386	12.3759	8	0	-8	0	0	0	0	0	0	0	0	118176
166.8	3549.54	4929.91	812.865	6.87549	8.01754	0	45.3992	83.1735	5.66249	64.1403	8.72665	2.90888	28.6145	12.3759	8	0	-8	0	0	0	0	0	0	0	0	208413
167.1	3539.21	4915.57	811.493	6.87549	8.01754	0	45.2671	83.0331	5.64601	64.1403	8.72665	2.90888	40.9904	12.3759	8	0	-8	0	0	0	0	0	0	0	0	154017
167.4	3532.25	4905.91	810.559	6.87549	8.01754	0	45.1781	82.9376	5.63491	64.1403	8.72665	2.90888	53.3663	12.3759	8	0	-8	0	0	0	0	0	0	0	0	-29382.7
167.7	3531.89	4905.41	810.503	6.87549	8.01754	0	45.1735	82.9318	5.63434	64.1403	8.72665	2.90888	65.7422	12.3759	8	0	-8	0	0	0	0	0	0	0	0	-266188
168	3538.3	4914.3	811.351	6.87549	8.01754	0	45.2555	83.0186	5.64456	64.1403	8.72665	2.90888	78.118	12.3759	8	0	-8	0	0	0	0	0	0	0	0	-453346
168.3	3548.51	4928.48	812.706	6.87549	8.01754	0	45.386	83.1573	5.66084	64.1403	8.72665	2.90888	90.4939	12.3759	8	0	-8	0	0	0	0	0	0	0	0	-512793
168.6	3558.09	4941.79	813.974	6.87549	8.01754	0	45.5086	83.287	5.67613	64.1403	8.72665	2.90888	102.87	12.3759	8	0	-8	0	0	0	0	0	0	0	0	-426626
168.9	3563.45	4949.24	814.684	6.87549	8.01754	0	45.5772	83.3597	5.68468	64.1403	8.72665	2.90888	115.246	12.3759	8	0	-8	0	0	0	0	0	0	0	0	-234143
169.2	3562.79	4948.32	814.604	6.87549	8.01754	0	45.5687	83.3514	5.68363	64.1403	8.72665	2.90888	127.622	12.3759	8	0	-8	0	0	0	0	0	0	0	0	-10490.3
169.5	3556.34	4939.37	813.761	6.87549	8.01754	0	45.4863	83.2652	5.67335	64.1403	8.72665	2.90888	139.997	12.3759	8	0	-8	0	0	0	0	0	0	0	0	159346
169.8	3546.3	4925.42	812.437	6.87549	8.01754	0	45.3578	83.1297	5.65732	64.1403	8.72665	2.90888	152.373	12.3759	8	0	-8	0	0	0	0	0	0	0	0	207790
170.1	3536.53	4911.85	811.136	6.87549	8.01754	0	45.2329	82.9966	5.64174	64.1403	8.72665	2.90888	164.749	12.3759	8	0	-8	0	0	0	0	0	0	0	0	109622
170.4	3531.36	4904.67	810.439	6.87549	8.01754	0	45.1667	82.9252	5.63349	64.1403	8.72665	2.90888	177.125	12.3759	8	0	-8	0	0	0	0	0	0	0	0	-100197
170.7	3533.19	4907.21	810.675	6.87549	8.01754	0	45.1901	82.9494	5.63641	64.1403	8.72665	2.90888	189.501	12.3759	8	0	-8	0	0	0	0	0	0	0	0	-332667
171	3541.19	4918.32	811.735	6.87549	8.01754	0	45.2924	83.0579	5.64917	64.1403	8.72665	2.90888	201.877	12.3759	8	0	-8	0	0	0	0	0	0	0	0	-486861
171.3	3551.68	4932.89	813.127	6.87549	8.01754	0	45.4266	83.2003	5.66591	64.1403	8.72665	2.90888	214.253	12.3759	8	0	-8	0	0	0	0	0	0	0	0	-500965
171.6	3560.29	4944.85	814.265	6.87549	8.01754	0	45.5368	83.3168	5.67965	64.1403	8.72665	2.90888	226.629	12.3759	8	0	-8	0	0	0	0	0	0	0	0	-376313
171.9	3563.91	4949.87	814.747	6.87549	8.01754	0	45.583	83.366	5.68541	64.1403	8.72665	2.90888	239.005	12.3759	8	0	-8	0	0	0	0	0	0	0	0	-165424
172.2	3561.38	4946.36	814.42	6.87549	8.01754	0	45.5507	83.3326	5.68138	64.1403	8.72665	2.90888	251.38	12.3759	8	0	-8	0	0	0	0	0	0	0	0	50642.5
172.5	3553.53	4935.46	813.392	6.87549	8.01754	0	45.4503	83.2274	5.66886	64.1403	8.72665	2.90888	263.756	12.3759	8	0	-8	0	0	0	0	0	0	0	0	189213
172.8	3543.1	4920.97	812.011	6.87549	8.01754	0	45.3169	83.0862	5.65222	64.1403	8.72665	2.90888	276.132	12.3759	8	0	-8	0	0	0	0	0	0	0	0	193289
173.1	3534.31	4908.76	810.837	6.87549	8.01754	0	45.2044	82.966	5.63819	64.1403	8.72665	2.90888	288.508	12.3759	8	0	-8	0	0	0	0	0	0	0	0	54491.7
173.4	3531.15	4904.38	810.407	6.87549	8.01754	0	45.1641	82.9221	5.63316	64.1403	8.72665	2.90888	300.884	12.3759	8	0	-8	0	0	0	0	0	0	0	0	-173249
173.7	3535.09	4909.85	810.926	6.87549	8.01754	0	45.2145	82.9751	5.63945	64.1403	8.72665	2.90888	313.26	12.3759	8	0	-8	0	0	0	0	0	0	0	0	-391715
174	3544.31	4922.66	812.149	6.87549	8.01754	0	45.3324	83.1003	5.65415	64.1403	8.72665	2.90888	325.636	12.3759	8	0	-8	0	0	0	0	0	0	0	0	-507170
174.3	3554.67	4937.05	813.522	6.87549	8.01754	0	45.4649	83.2407	5.67068	64.1403	8.72665	2.90888	338.012	12.3759	8	0	-8	0	0	0	0	0	0	0	0	-476263
174.6	3562.01	4947.23	814.492	6.87549	8.01754	0	45.5587	83.34	5.68238	64.1403	8.72665	2.90888	350.387	12.3759	8	0	-8	0	0	0	0	0	0	0	0	-318000
174.9	3563.8	4949.72	814.733	6.87549	8.01754	0	45.5816	83.3647	5.68524	64.1403	8.72665	2.90888	2.76332	12.3759	8	0	-8	0	0	0	0	0	0	0	0	-96456.8
175.2	3559.48	4943.73	814.171	6.87549	8.01754	0	45.5264	83.3072	5.67835	64.1403	8.72665	2.90888	15.1392	12.3759	8	0	-8	0	0	0	0	0	0	0	0	104184
175.5	3550.47	4931.21	812.988	6.87549	8.01754	0	45.4111	83.1861	5.66397	64.1403	8.72665	2.90888	27.5151	12.3759	8	0	-8	0	0	0	0	0	0	0	0	206017
175.8	3540.06	4916.75	811.606	6.87549	8.01754	0	45.2779	83.0446	5.64736	64.1403	8.72665	2.90888	39.891	12.3759	8	0	-8	0	0	0	0	0	0	0	0	164776
176.1	3532.63	4906.43	810.611	6.87549	8.01754	0	45.1829	82.9428	5.63551	64.1403	8.72665	2.90888	52.2669	12.3759	8	0	-8	0	0	0	0	0	0	0	0	-9450.54
176.4	3531.62	4905.04	810.468	6.87549	8.01754	0	45.1701	82.9283	5.63391	64.1403	8.72665	2.90888	64.6427	12.3759	8	0	-8	0	0	0	0	0	0	0	0	-245633
176.7	3537.51	4913.21	811.247	6.87549	8.01754	0	45.2454	83.0079	5.6433	64.1403	8.72665	2.90888	77.0186	12.3759	8	0	-8	0	0	0	0	0	0	0	0	-441073
177	3547.56	4927.16	812.58	6.87549	8.01754	0	45.3739	83.1444	5.65933	64.1403	8.72665	2.90888	89.3945	12.3759	8	0	-8	0	0	0	0	0	0	0	0	-513605
177.3	3557.37	4940.79	813.879	6.87549	8.01754	0	45.4994	83.2773	5.67498	64.1403	8.72665	2.90888	101.77	12.3759	8	0	-8	0	0	0	0	0	0	0	0	-439478
177.6	3563.2	4948.9	814.652	6.87549	8.01754	0	45.574	83.3563	5.68429	64.1403	8.72665	2.90888	114.146	12.3759	8	0	-8	0	0	0	0	0	0	0	0	-253743
177.9	3563.1	4948.75	814.644	6.87549	8.01754	0	45.5727	83.3555	5.68412	64.1403	8.72665	2.90888	126.522	12.3759	8	0	-8	0	0	0	0	0	0	0	0	-29378.4
178.2	3557.11	4940.43	813.862	6.87549	8.01754	0	45.4961	83.2755	5.67457	64.1403	8.72665	2.90888	138.898	12.3759	8	0	-8	0	0	0	0	0	0	0	0	148427
178.5	3547.25	4926.74	812.563	6.87549	8.01754	0	45.37	83.1426	5.65884	64.1403	8.72665	2.90888	151.274	12.3759	8	0	-8	0	0	0	0	0	0	0	0	209413
178.8	3537.27	4912.88	811.235	6.87549	8.01754	0	45.2424	83.0067	5.64293	64.1403	8.72665	2.90888	163.65	12.3759	8	0	-8	0	0	0	0	0	0	0	0	123823
179.1	3531.56	4904.94	810.465	6.87549	8.01754	0	45.1692	82.9279	5.6338	64.1403	8.72665	2.90888	176.026	12.3759	8	0	-8	0	0	0	0	0	0	0	0	-79087.8
179.4	3532.75	4906.6	810.617	6.87549	8.01754	0	45.1845	82.9434	5.63571	64.1403	8.72665	2.90888	188.402	12.3759	8	0	-8	0	0	0	0	0	0	0	0	-313850
179.7	3540.31	4917.11	811.619	6.87549	8.01754	0	45.2813	83.046	5.64778	64.1403	8.72665	2.90888	200.777	12.3759	8	0	-8	0	0	0	0	0	0	0	0	-478361
180	3550.77	4931.63	813.006	6.87549	8.01754	0	45.415	83.188	5.66445	64.1403	8.72665	2.90888	213.153	12.3759	8	0	-8	0	0	0	0	0	0	0	0	-505767
180.3	3559.7	4944.03	814.187	6.87549	8.01754	0	45.5292	83.3087	5.6787	64.1403	8.72665	2.90888	225.529	12.3759	8	0	-8	0	0	0	0	0	0	0	0	-391912
180.6	3563.83	4949.77	814.736	6.87549	8.01754	0	45.582	83.365	5.68529	64.1403	8.72665	2.90888	237.905	12.3759	8	0	-8	0	0	0	0	0	0	0	0	-185654
180.9	3561.85	4947.01	814.481	6.87549	8.01754	0	45.5566	83.3388	5.68212	64.1403	8.72665	2.90888	250.281	12.3759	8	0	-8	0	0	0	0	0	0	0	0	33455.7
181.2	3554.38	4936.65	813.504	6.87549	8.01754	0	45.4612	83.2389	5.67022	64.1403	8.72665	2.90888	262.657	12.3759	8	0	-8	0	0	0	0	0	0	0	0	181751
181.5	3544.03	4922.26	812.134	6.87549	8.01754	0	45.3287	83.0988	5.6537	64.1403	8.72665	2.90888	275.033	12.3759	8	0	-8	0	0	0	0	0	0	0	0	199003
181.8	3534.9	4909.59	810.917	6.87549	8.01754	0	45.2121	82.9742	5.63915	64.1403	8.72665	2.90888	287.409	12.3759	8	0	-8	0	0	0	0	0	0	0	0	71618
182.1	3531.14	4904.37	810.407	6.87549	8.01754	0	45.164	82.922	5.63315	64.1403	8.72665	2.90888	299.784	12.3759	8	0	-8	0	0	0	0	0	0	0	0	-151833
182.4	3534.48	4909	810.845	6.87549	8.01754	0	45.2066	82.9669	5.63847	64.1403	8.72665	2.90888	312.16	12.3759	8	0	-8	0	0	0	0	0	0	0	0	-375372
182.7	3543.38	4921.37	812.026	6.87549	8.01754	0	45.3205	83.0876	5.65267	64.1403	8.72665	2.90888	324.536	12.3759	8	0	-8	0	0	0	0	0	0	0	0	-502664
183	3553.82	4935.87	813.41	6.87549	8.01754	0	45.454	83.2293	5.66933	64.1403	8.72665	2.90888	336.912	12.3759	8	0	-8	0	0	0	0	0	0	0	0	-484786
183.3	3561.56	4946.62	814.433	6.87549	8.01754	0	45.553	83.334	5.68167	64.1403	8.72665	2.90888	349.288	12.3759	8	0	-8	0	0	0	0	0	0	0	0	-335773
183.6	3563.9	4949.86	814.746	6.87549	8.01754	0	45.5829	83.366	5.68539	64.1403	8.72665	2.90888	1.6639	12.3759	8	0	-8	0	0	0	0	0	0	0	0	-116554
183.9	3560.09	4944.57	814.251	6.87549	8.01754	0	45.5342	83.3153	5.67932	64.1403	8.72665	2.90888	14.0398	12.3759	8	0	-8	0	0	0	0	0	0	0	0	89364.7
184.2	3551.38	4932.48	813.109	6.87549	8.01754	0	45.4228	83.1984	5.66543	64.1403	8.72665	2.90888	26.4157	12.3759	8	0	-8	0	0	0	0	0	0	0	0	202461
184.5	3540.92	4917.95	811.721	6.87549	8.01754	0	45.289	83.0565	5.64875	64.1403	8.72665	2.90888	38.7915	12.3759	8	0	-8	0	0	0	0	0	0	0	0	174461
184.8	3533.06	4907.03	810.669	6.87549	8.01754	0	45.1884	82.9488	5.6362	64.1403	8.72665	2.90888	51.1674	12.3759	8	0	-8	0	0	0	0	0	0	0	0	9967.6
185.1	3531.41	4904.74	810.441	6.87549	8.01754	0	45.1674	82.9255	5.63358	64.1403	8.72665	2.90888	63.5433	12.3759	8	0	-8	0	0	0	0	0	0	0	0	-224756
185.4	3536.75	4912.16	811.147	6.87549	8.01754	0	45.2357	82.9977	5.6421	64.1403	8.72665	2.90888	75.9192	12.3759	8	0	-8	0	0	0	0	0	0	0	0	-427797
185.7	3546.6	4925.84	812.454	6.87549	8.01754	0	45.3617	83.1314	5.65781	64.1403	8.72665	2.90888	88.2951	12.3759	8	0	-8	0	0	0	0	0	0	0	0	-513222
186	3556.61	4939.74	813.779	6.87549	8.01754	0	45.4897	83.2671	5.67378	64.1403	8.72665	2.90888	100.671	12.3759	8	0	-8	0	0	0	0	0	0	0	0	-451417
186.3	3562.91	4948.48	814.612	6.87549	8.01754	0	45.5702	83.3523	5.68382	64.1403	8.72665	2.90888	113.047	12.3759	8	0	-8	0	0	0	0	0	0	0	0	-273030
186.6	3563.36	4949.11	814.677	6.87549	8.01754	0	45.576	83.3589	5.68454	64.1403	8.72665	2.90888	125.423	12.3759	8	0	-8	0	0	0	0	0	0	0	0	-48646.8
186.9	3557.85	4941.46	813.958	6.87549	8.01754	0	45.5055	83.2854	5.67575	64.1403	8.72665	2.90888	137.799	12.3759	8	0	-8	0	0	0	0	0	0	0	0	136555
187.2	3548.2	4928.06	812.689	6.87549	8.01754	0	45.3821	83.1555	5.66036	64.1403	8.72665	2.90888	150.174	12.3759	8	0	-8	0	0	0	0	0	0	0	0	209841
187.5	3538.05	4913.96	811.339	6.87549	8.01754	0	45.2523	83.0173	5.64417	64.1403	8.72665	2.90888	162.55	12.3759	8	0	-8	0	0	0	0	0	0	0	0	137048
187.8	3531.81	4905.29	810.499	6.87549	8.01754	0	45.1724	82.9314	5.6342	64.1403	8.72665	2.90888	174.926	12.3759	8	0	-8	0	0	0	0	0	0	0	0	-58258.7
188.1	3532.36	4906.06	810.565	6.87549	8.01754	0	45.1795	82.9382	5.63508	64.1403	8.72665	2.90888	187.302	12.3759	8	0	-8	0	0	0	0	0	0	0	0	-294459
188.4	3539.46	4915.92	811.506	6.87549	8.01754	0	45.2704	83.0344	5.64642	64.1403	8.72665	2.90888	199.678	12.3759	8	0	-8	0	0	0	0	0	0	0	0	-468744
188.7	3549.84	4930.34	812.883	6.87549	8.01754	0	45.4031	83.1754	5.66297	64.1403	8.72665	2.90888	212.054	12.3759	8	0	-8	0	0	0	0	0	0	0	0	-509442
189	3559.06	4943.14	814.103	6.87549	8.01754	0	45.521	83.3001	5.67768	64.1403	8.72665	2.90888	224.43	12.3759	8	0	-8	0	0	0	0	0	0	0	0	-406768
189.3	3563.71	4949.6	814.719	6.87549	8.01754	0	45.5805	83.3632	5.68509	64.1403	8.72665	2.90888	236.806	12.3759	8	0	-8	0	0	0	0	0	0	0	0	-205774
189.6	3562.27	4947.6	814.536	6.87549	8.01754	0	45.5621	83.3445	5.6828	64.1403	8.72665	2.90888	249.182	12.3759	8	0	-8	0	0	0	0	0	0	0	0	15699.7
189.9	3555.21	4937.8	813.613	6.87549	8.01754	0	45.4718	83.25	5.67154	64.1403	8.72665	2.90888	261.557	12.3759	8	0	-8	0	0	0	0	0	0	0	0	173256
190.2	3544.96	4923.56	812.259	6.87549	8.01754	0	45.3407	83.1115	5.65519	64.1403	8.72665	2.90888	273.933	12.3759	8	0	-8	0	0	0	0	0	0	0	0	203534
190.5	3535.55	4910.49	811.004	6.87549	8.01754	0	45.2203	82.9831	5.64017	64.1403	8.72665	2.90888	286.309	12.3759	8	0	-8	0	0	0	0	0	0	0	0	87959.7
190.8	3531.19	4904.44	810.415	6.87549	8.01754	0	45.1646	82.9228	5.63323	64.1403	8.72665	2.90888	298.685	12.3759	8	0	-8	0	0	0	0	0	0	0	0	-130411
191.1	3533.91	4908.22	810.77	6.87549	8.01754	0	45.1994	82.9592	5.63756	64.1403	8.72665	2.90888	311.061	12.3759	8	0	-8	0	0	0	0	0	0	0	0	-358230
191.4	3542.46	4920.09	811.904	6.87549	8.01754	0	45.3088	83.0752	5.65121	64.1403	8.72665	2.90888	323.437	12.3759	8	0	-8	0	0	0	0	0	0	0	0	-496963
191.7	3552.95	4934.66	813.295	6.87549	8.01754	0	45.4429	83.2175	5.66793	64.1403	8.72665	2.90888	335.813	12.3759	8	0	-8	0	0	0	0	0	0	0	0	-492272
192	3561.07	4945.93	814.368	6.87549	8.01754	0	45.5467	83.3273	5.68088	64.1403	8.72665	2.90888	348.189	12.3759	8	0	-8	0	0	0	0	0	0	0	0	-353015
192.3	3563.94	4949.91	814.751	6.87549	8.01754	0	45.5834	83.3665	5.68546	64.1403	8.72665	2.90888	0.56448	12.3759	8	0	-8	0	0	0	0	0	0	0	0	-136750
192.6	3560.65	4945.36	814.325	6.87549	8.01754	0	45.5414	83.3229	5.68022	64.1403	8.72665	2.90888	12.9404	12.3759	8	0	-8	0	0	0	0	0	0	0	0	73811.3
192.9	3552.29	4933.73	813.228	6.87549	8.01754	0	45.4344	83.2106	5.66687	64.1403	8.72665	2.90888	25.3162	12.3759	8	0	-8	0	0	0	0	0	0	0	0	197755
193.2	3541.81	4919.19	811.84	6.87549	8.01754	0	45.3004	83.0686	5.65016	64.1403	8.72665	2.90888	37.6921	12.3759	8	0	-8	0	0	0	0	0	0	0	0	183031
193.5	3533.54	4907.69	810.734	6.87549	8.01754	0	45.1946	82.9554	5.63697	64.1403	8.72665	2.90888	50.068	12.3759	8	0	-8	0	0	0	0	0	0	0	0	28803.9
193.8	3531.26	4904.54	810.422	6.87549	8.01754	0	45.1655	82.9235	5.63334	64.1403	8.72665	2.90888	62.4439	12.3759	8	0	-8	0	0	0	0	0	0	0	0	-203621
194.1	3536.04	4911.17	811.052	6.87549	8.01754	0	45.2266	82.988	5.64095	64.1403	8.72665	2.90888	74.8198	12.3759	8	0	-8	0	0	0	0	0	0	0	0	-413559
194.4	3545.65	4924.52	812.327	6.87549	8.01754	0	45.3495	83.1185	5.65629	64.1403	8.72665	2.90888	87.1957	12.3759	8	0	-8	0	0	0	0	0	0	0	0	-511600
194.7	3555.83	4938.66	813.675	6.87549	8.01754	0	45.4797	83.2564	5.67253	64.1403	8.72665	2.90888	99.5715	12.3759	8	0	-8	0	0	0	0	0	0	0	0	-462406
195	3562.57	4948.01	814.567	6.87549	8.01754	0	45.5659	83.3476	5.68327	64.1403	8.72665	2.90888	111.947	12.3759	8	0	-8	0	0	0	0	0	0	0	0	-291945
195.3	3563.57	4949.41	814.705	6.87549	8.01754	0	45.5787	83.3617	5.68488	64.1403	8.72665	2.90888	124.323	12.3759	8	0	-8	0	0	0	0	0	0	0	0	-68238.8
195.6	3558.55	4942.43	814.05	6.87549	8.01754	0	45.5145	83.2947	5.67686	64.1403	8.72665	2.90888	136.699	12.3759	8	0	-8	0	0	0	0	0	0	0	0	123787
195.9	3549.14	4929.37	812.813	6.87549	8.01754	0	45.3942	83.1682	5.66186	64.1403	8.72665	2.90888	149.075	12.3759	8	0	-8	0	0	0	0	0	0	0	0	209106
196.2	3538.86	4915.09	811.446	6.87549	8.01754	0	45.2627	83.0284	5.64546	64.1403	8.72665	2.90888	161.451	12.3759	8	0	-8	0	0	0	0	0	0	0	0	149265
196.5	3532.11	4905.71	810.54	6.87549	8.01754	0	45.1763	82.9356	5.63468	64.1403	8.72665	2.90888	173.827	12.3759	8	0	-8	0	0	0	0	0	0	0	0	-37774.1
196.8	3532.02	4905.58	810.52	6.87549	8.01754	0	45.1751	82.9336	5.63454	64.1403	8.72665	2.90888	186.203	12.3759	8	0	-8	0	0	0	0	0	0	0	0	-274571
197.1	3538.64	4914.77	811.396	6.87549	8.01754	0	45.2598	83.0232	5.6451	64.1403	8.72665	2.90888	198.579	12.3759	8	0	-8	0	0	0	0	0	0	0	0	-458044
197.4	3548.9	4929.03	812.759	6.87549	8.01754	0	45.3911	83.1627	5.66148	64.1403	8.72665	2.90888	210.954	12.3759	8	0	-8	0	0	0	0	0	0	0	0	-511967
197.7	3558.38	4942.2	814.013	6.87549	8.01754	0	45.5124	83.291	5.6766	64.1403	8.72665	2.90888	223.33	12.3759	8	0	-8	0	0	0	0	0	0	0	0	-420857
198	3563.54	4949.36	814.696	6.87549	8.01754	0	45.5783	83.3609	5.68482	64.1403	8.72665	2.90888	235.706	12.3759	8	0	-8	0	0	0	0	0	0	0	0	-225734
198.3	3562.65	4948.13	814.585	6.87549	8.01754	0	45.5669	83.3495	5.68341	64.1403	8.72665	2.90888	248.082	12.3759	8	0	-8	0	0	0	0	0	0	0	0	-2574.24
198.6	3556.02	4938.91	813.718	6.87549	8.01754	0	45.4821	83.2608	5.67283	64.1403	8.72665	2.90888	260.458	12.3759	8	0	-8	0	0	0	0	0	0	0	0	163732
198.9	3545.91	4924.87	812.384	6.87549	8.01754	0	45.3528	83.1243	5.6567	64.1403	8.72665	2.90888	272.834	12.3759	8	0	-8	0	0	0	0	0	0	0	0	206839
199.2	3536.24	4911.44	811.096	6.87549	8.01754	0	45.2291	82.9925	5.64127	64.1403	8.72665	2.90888	285.21	12.3759	8	0	-8	0	0	0	0	0	0	0	0	103450
199.5	3531.3	4904.59	810.43	6.87549	8.01754	0	45.166	82.9243	5.6334	64.1403	8.72665	2.90888	297.586	12.3759	8	0	-8	0	0	0	0	0	0	0	0	-109066
199.8	3533.4	4907.5	810.702	6.87549	8.01754	0	45.1928	82.9522	5.63674	64.1403	8.72665	2.90888	309.962	12.3759	8	0	-8	0	0	0	0	0	0	0	0	-340352
200.1	3541.56	4918.84	811.784	6.87549	8.01754	0	45.2972	83.0629	5.64977	64.1403	8.72665	2.90888	322.337	12.3759	8	0	-8	0	0	0	0	0	0	0	0	-490092
200.4	3552.06	4933.42	813.177	6.87549	8.01754	0	45.4315	83.2054	5.66651	64.1403	8.72665	2.90888	334.713	12.3759	8	0	-8	0	0	0	0	0	0	0	0	-498659
200.7	3560.53	4945.19	814.297	6.87549	8.01754	0	45.5399	83.3201	5.68003	64.1403	8.72665	2.90888	347.089	12.3759	8	0	-8	0	0	0	0	0	0	0	0	-369629
201	3563.93	4949.9	814.749	6.87549	8.01754	0	45.5833	83.3663	5.68545	64.1403	8.72665	2.90888	359.465	12.3759	8	0	-8	0	0	0	0	0	0	0	0	-157015
201.3	3561.18	4946.08	814.393	6.87549	8.01754	0	45.5481	83.3299	5.68106	64.1403	8.72665	2.90888	11.8409	12.3759	8	0	-8	0	0	0	0	0	0	0	0	57561.7
201.6	3553.17	4934.96	813.344	6.87549	8.01754	0	45.4457	83.2225	5.66828	64.1403	8.72665	2.90888	24.2168	12.3759	8	0	-8	0	0	0	0	0	0	0	0	191911
201.9	3542.72	4920.44	811.96	6.87549	8.01754	0	45.312	83.0809	5.65161	64.1403	8.72665	2.90888	36.5927	12.3759	8	0	-8	0	0	0	0	0	0	0	0	190438
202.2	3534.07	4908.43	810.805	6.87549	8.01754	0	45.2014	82.9627	5.63781	64.1403	8.72665	2.90888	48.9686	12.3759	8	0	-8	0	0	0	0	0	0	0	0	46985.1
202.5	3531.17	4904.41	810.41	6.87549	8.01754	0	45.1643	82.9223	5.63319	64.1403	8.72665	2.90888	61.3445	12.3759	8	0	-8	0	0	0	0	0	0	0	0	-182307
202.8	3535.36	4910.23	810.962	6.87549	8.01754	0	45.2179	82.9788	5.63988	64.1403	8.72665	2.90888	73.7204	12.3759	8	0	-8	0	0	0	0	0	0	0	0	-398407
203.1	3544.71	4923.2	812.201	6.87549	8.01754	0	45.3374	83.1056	5.65478	64.1403	8.72665	2.90888	86.0962	12.3759	8	0	-8	0	0	0	0	0	0	0	0	-508781
203.4	3555.02	4937.53	813.568	6.87549	8.01754	0	45.4693	83.2455	5.67123	64.1403	8.72665	2.90888	98.4721	12.3759	8	0	-8	0	0	0	0	0	0	0	0	-472428
203.7	3562.18	4947.48	814.516	6.87549	8.01754	0	45.5609	83.3424	5.68266	64.1403	8.72665	2.90888	110.848	12.3759	8	0	-8	0	0	0	0	0	0	0	0	-310435
204	3563.74	4949.64	814.726	6.87549	8.01754	0	45.5809	83.3639	5.68514	64.1403	8.72665	2.90888	123.224	12.3759	8	0	-8	0	0	0	0	0	0	0	0	-88094
204.3	3559.21	4943.36	814.137	6.87549	8.01754	0	45.523	83.3036	5.67793	64.1403	8.72665	2.90888	135.6	12.3759	8	0	-8	0	0	0	0	0	0	0	0	110159
204.6	3550.08	4930.67	812.937	6.87549	8.01754	0	45.4061	83.1808	5.66335	64.1403	8.72665	2.90888	147.976	12.3759	8	0	-8	0	0	0	0	0	0	0	0	207191
204.9	3539.7	4916.25	811.558	6.87549	8.01754	0	45.2734	83.0398	5.64679	64.1403	8.72665	2.90888	160.352	12.3759	8	0	-8	0	0	0	0	0	0	0	0	160446
205.2	3532.46	4906.2	810.588	6.87549	8.01754	0	45.1808	82.9406	5.63525	64.1403	8.72665	2.90888	172.727	12.3759	8	0	-8	0	0	0	0	0	0	0	0	-17677.6
205.5	3531.73	4905.18	810.482	6.87549	8.01754	0	45.1714	82.9297	5.63408	64.1403	8.72665	2.90888	185.103	12.3759	8	0	-8	0	0	0	0	0	0	0	0	-254209
205.8	3537.84	4913.66	811.29	6.87549	8.01754	0	45.2496	83.0124	5.64382	64.1403	8.72665	2.90888	197.479	12.3759	8	0	-8	0	0	0	0	0	0	0	0	-446253
206.1	3547.95	4927.72	812.633	6.87549	8.01754	0	45.379	83.1498	5.65996	64.1403	8.72665	2.90888	209.855	12.3759	8	0	-8	0	0	0	0	0	0	0	0	-513318
206.4	3557.68	4941.22	813.92	6.87549	8.01754	0	45.5033	83.2814	5.67547	64.1403	8.72665	2.90888	222.231	12.3759	8	0	-8	0	0	0	0	0	0	0	0	-434107
206.7	3563.32	4949.05	814.667	6.87549	8.01754	0	45.5754	83.3578	5.68447	64.1403	8.72665	2.90888	234.607	12.3759	8	0	-8	0	0	0	0	0	0	0	0	-245475
207	3562.98	4948.58	814.628	6.87549	8.01754	0	45.5711	83.3539	5.68393	64.1403	8.72665	2.90888	246.983	12.3759	8	0	-8	0	0	0	0	0	0	0	0	-21331
207.3	3556.8	4940	813.82	6.87549	8.01754	0	45.492	83.2713	5.67407	64.1403	8.72665	2.90888	259.359	12.3759	8	0	-8	0	0	0	0	0	0	0	0	153195
207.6	3546.86	4926.19	812.51	6.87549	8.01754	0	45.3649	83.1372	5.65821	64.1403	8.72665	2.90888	271.734	12.3759	8	0	-8	0	0	0	0	0	0	0	0	208942
207.9	3536.96	4912.45	811.193	6.87549	8.01754	0	45.2384	83.0024	5.64243	64.1403	8.72665	2.90888	284.11	12.3759	8	0	-8	0	0	0	0	0	0	0	0	118039
208.2	3531.47	4904.82	810.453	6.87549	8.01754	0	45.1681	82.9267	5.63367	64.1403	8.72665	2.90888	296.486	12.3759	8	0	-8	0	0	0	0	0	0	0	0	-87873.4
208.5	3532.93	4906.85	810.64	6.87549	8.01754	0	45.1868	82.9459	5.636	64.1403	8.72665	2.90888	308.862	12.3759	8	0	-8	0	0	0	0	0	0	0	0	-321797
208.8	3540.68	4917.61	811.667	6.87549	8.01754	0	45.2859	83.0509	5.64836	64.1403	8.72665	2.90888	321.238	12.3759	8	0	-8	0	0	0	0	0	0	0	0	-482070
209.1	3551.16	4932.16	813.057	6.87549	8.01754	0	45.4199	83.1932	5.66507	64.1403	8.72665	2.90888	333.614	12.3759	8	0	-8	0	0	0	0	0	0	0	0	-503915
209.4	3559.95	4944.38	814.22	6.87549	8.01754	0	45.5324	83.3122	5.67911	64.1403	8.72665	2.90888	345.99	12.3759	8	0	-8	0	0	0	0	0	0	0	0	-385510
209.7	3563.87	4949.82	814.741	6.87549	8.01754	0	45.5826	83.3655	5.68536	64.1403	8.72665	2.90888	358.366	12.3759	8	0	-8	0	0	0	0	0	0	0	0	-177248
210	3561.66	4946.75	814.456	6.87549	8.01754	0	45.5542	83.3363	5.68182	64.1403	8.72665	2.90888	10.7415	12.3759	8	0	-8	0	0	0	0	0	0	0	0	40658.2
210.3	3554.03	4936.16	813.457	6.87549	8.01754	0	45.4567	83.2341	5.66966	64.1403	8.72665	2.90888	23.1174	12.3759	8	0	-8	0	0	0	0	0	0	0	0	184928
210.6	3543.64	4921.72	812.083	6.87549	8.01754	0	45.3238	83.0935	5.65308	64.1403	8.72665	2.90888	35.4933	12.3759	8	0	-8	0	0	0	0	0	0	0	0	196670
210.9	3534.65	4909.24	810.883	6.87549	8.01754	0	45.2088	82.9707	5.63874	64.1403	8.72665	2.90888	47.8692	12.3759	8	0	-8	0	0	0	0	0	0	0	0	64454.3
211.2	3531.14	4904.37	810.407	6.87549	8.01754	0	45.1639	82.922	5.63314	64.1403	8.72665	2.90888	60.245	12.3759	8	0	-8	0	0	0	0	0	0	0	0	-160888
211.5	3534.73	4909.35	810.879	6.87549	8.01754	0	45.2099	82.9703	5.63887	64.1403	8.72665	2.90888	72.6209	12.3759	8	0	-8	0	0	0	0	0	0	0	0	-382389
211.8	3543.77	4921.9	812.077	6.87549	8.01754	0	45.3254	83.0929	5.65329	64.1403	8.72665	2.90888	84.9968	12.3759	8	0	-8	0	0	0	0	0	0	0	0	-504758
212.1	3554.18	4936.37	813.457	6.87549	8.01754	0	45.4586	83.2341	5.6699	64.1403	8.72665	2.90888	97.3727	12.3759	8	0	-8	0	0	0	0	0	0	0	0	-481391
212.4	3561.75	4946.88	814.459	6.87549	8.01754	0	45.5555	83.3366	5.68198	64.1403	8.72665	2.90888	109.749	12.3759	8	0	-8	0	0	0	0	0	0	0	0	-328425
212.7	3563.86	4949.81	814.741	6.87549	8.01754	0	45.5824	83.3655	5.68534	64.1403	8.72665	2.90888	122.124	12.3759	8	0	-8	0	0	0	0	0	0	0	0	-108137
213	3559.84	4944.22	814.218	6.87549	8.01754	0	45.531	83.312	5.67892	64.1403	8.72665	2.90888	134.5	12.3759	8	0	-8	0	0	0	0	0	0	0	0	95667.8
213.3	3551	4931.95	813.058	6.87549	8.01754	0	45.4179	83.1933	5.66482	64.1403	8.72665	2.90888	146.876	12.3759	8	0	-8	0	0	0	0	0	0	0	0	204109
213.6	3540.56	4917.44	811.673	6.87549	8.01754	0	45.2844	83.0515	5.64816	64.1403	8.72665	2.90888	159.252	12.3759	8	0	-8	0	0	0	0	0	0	0	0	170566
213.9	3532.87	4906.77	810.644	6.87549	8.01754	0	45.186	82.9462	5.6359	64.1403	8.72665	2.90888	171.628	12.3759	8	0	-8	0	0	0	0	0	0	0	0	1942.72
214.2	3531.5	4904.86	810.452	6.87549	8.01754	0	45.1685	82.9266	5.63371	64.1403	8.72665	2.90888	184.004	12.3759	8	0	-8	0	0	0	0	0	0	0	0	-233483
214.5	3537.07	4912.59	811.188	6.87549	8.01754	0	45.2397	83.0019	5.64259	64.1403	8.72665	2.90888	196.38	12.3759	8	0	-8	0	0	0	0	0	0	0	0	-433417
214.8	3547	4926.4	812.507	6.87549	8.01754	0	45.3668	83.1368	5.65845	64.1403	8.72665	2.90888	208.756	12.3759	8	0	-8	0	0	0	0	0	0	0	0	-513466
215.1	3556.93	4940.19	813.822	6.87549	8.01754	0	45.4938	83.2714	5.67429	64.1403	8.72665	2.90888	221.132	12.3759	8	0	-8	0	0	0	0	0	0	0	0	-446463
215.4	3563.04	4948.67	814.63	6.87549	8.01754	0	45.5719	83.3541	5.68403	64.1403	8.72665	2.90888	233.507	12.3759	8	0	-8	0	0	0	0	0	0	0	0	-264928
215.7	3563.26	4948.97	814.664	6.87549	8.01754	0	45.5747	83.3576	5.68437	64.1403	8.72665	2.90888	245.883	12.3759	8	0	-8	0	0	0	0	0	0	0	0	-40472
216	3557.55	4941.04	813.919	6.87549	8.01754	0	45.5016	83.2813	5.67526	64.1403	8.72665	2.90888	258.259	12.3759	8	0	-8	0	0	0	0	0	0	0	0	141692
216.3	3547.81	4927.51	812.637	6.87549	8.01754	0	45.3771	83.1501	5.65973	64.1403	8.72665	2.90888	270.635	12.3759	8	0	-8	0	0	0	0	0	0	0	0	209845
216.6	3537.72	4913.51	811.295	6.87549	8.01754	0	45.2481	83.0128	5.64364	64.1403	8.72665	2.90888	283.011	12.3759	8	0	-8	0	0	0	0	0	0	0	0	131661
216.9	3531.7	4905.14	810.484	6.87549	8.01754	0	45.171	82.9299	5.63403	64.1403	8.72665	2.90888	295.387	12.3759	8	0	-8	0	0	0	0	0	0	0	0	-66921.8
217.2	3532.52	4906.28	810.586	6.87549	8.01754	0	45.1815	82.9403	5.63534	64.1403	8.72665	2.90888	307.763	12.3759	8	0	-8	0	0	0	0	0	0	0	0	-302639
217.5	3539.82	4916.42	811.553	6.87549	8.01754	0	45.2749	83.0393	5.64699	64.1403	8.72665	2.90888	320.139	12.3759	8	0	-8	0	0	0	0	0	0	0	0	-472910
217.8	3550.23	4930.88	812.935	6.87549	8.01754	0	45.4081	83.1807	5.6636	64.1403	8.72665	2.90888	332.514	12.3759	8	0	-8	0	0	0	0	0	0	0	0	-508062
218.1	3559.33	4943.52	814.139	6.87549	8.01754	0	45.5245	83.3038	5.67812	64.1403	8.72665	2.90888	344.89	12.3759	8	0	-8	0	0	0	0	0	0	0	0	-400666
218.4	3563.77	4949.68	814.727	6.87549	8.01754	0	45.5812	83.364	5.68519	64.1403	8.72665	2.90888	357.266	12.3759	8	0	-8	0	0	0	0	0	0	0	0	-197403
218.7	3562.1	4947.36	814.513	6.87549	8.01754	0	45.5599	83.3422	5.68253	64.1403	8.72665	2.90888	9.6421	12.3759	8	0	-8	0	0	0	0	0	0	0	0	23155.4
219	3554.87	4937.32	813.568	6.87549	8.01754	0	45.4674	83.2454	5.67099	64.1403	8.72665	2.90888	22.018	12.3759	8	0	-8	0	0	0	0	0	0	0	0	176886
219.3	3544.57	4923.02	812.207	6.87549	8.01754	0	45.3357	83.1062	5.65457	64.1403	8.72665	2.90888	34.3939	12.3759	8	0	-8	0	0	0	0	0	0	0	0	201729
219.6	3535.27	4910.11	810.967	6.87549	8.01754	0	45.2168	82.9793	5.63974	64.1403	8.72665	2.90888	46.7697	12.3759	8	0	-8	0	0	0	0	0	0	0	0	81158
219.9	3531.17	4904.4	810.411	6.87549	8.01754	0	45.1642	82.9224	5.63318	64.1403	8.72665	2.90888	59.1456	12.3759	8	0	-8	0	0	0	0	0	0	0	0	-139434
220.2	3534.15	4908.54	810.801	6.87549	8.01754	0	45.2024	82.9623	5.63793	64.1403	8.72665	2.90888	71.5215	12.3759	8	0	-8	0	0	0	0	0	0	0	0	-365553
220.5	3542.85	4920.62	811.955	6.87549	8.01754	0	45.3136	83.0804	5.65182	64.1403	8.72665	2.90888	83.8974	12.3759	8	0	-8	0	0	0	0	0	0	0	0	-499535
220.8	3553.32	4935.17	813.343	6.87549	8.01754	0	45.4476	83.2225	5.66852	64.1403	8.72665	2.90888	96.2733	12.3759	8	0	-8	0	0	0	0	0	0	0	0	-489299
221.1	3561.28	4946.23	814.396	6.87549	8.01754	0	45.5494	83.3302	5.68122	64.1403	8.72665	2.90888	108.649	12.3759	8	0	-8	0	0	0	0	0	0	0	0	-345886
221.4	3563.93	4949.9	814.75	6.87549	8.01754	0	45.5833	83.3664	5.68544	64.1403	8.72665	2.90888	121.025	12.3759	8	0	-8	0	0	0	0	0	0	0	0	-128281
221.7	3560.42	4945.03	814.295	6.87549	8.01754	0	45.5384	83.3198	5.67985	64.1403	8.72665	2.90888	133.401	12.3759	8	0	-8	0	0	0	0	0	0	0	0	80411.2
222	3551.91	4933.21	813.178	6.87549	8.01754	0	45.4296	83.2055	5.66627	64.1403	8.72665	2.90888	145.777	12.3759	8	0	-8	0	0	0	0	0	0	0	0	199873
222.3	3541.44	4918.67	811.79	6.87549	8.01754	0	45.2956	83.0635	5.64957	64.1403	8.72665	2.90888	158.153	12.3759	8	0	-8	0	0	0	0	0	0	0	0	179602
222.6	3533.33	4907.41	810.706	6.87549	8.01754	0	45.1919	82.9526	5.63663	64.1403	8.72665	2.90888	170.529	12.3759	8	0	-8	0	0	0	0	0	0	0	0	21019.9
222.9	3531.32	4904.61	810.429	6.87549	8.01754	0	45.1662	82.9242	5.63343	64.1403	8.72665	2.90888	182.904	12.3759	8	0	-8	0	0	0	0	0	0	0	0	-212462
223.2	3536.33	4911.58	811.091	6.87549	8.01754	0	45.2303	82.992	5.64142	64.1403	8.72665	2.90888	195.28	12.3759	8	0	-8	0	0	0	0	0	0	0	0	-419594
223.5	3546.05	4925.07	812.38	6.87549	8.01754	0	45.3546	83.1239	5.65693	64.1403	8.72665	2.90888	207.656	12.3759	8	0	-8	0	0	0	0	0	0	0	0	-512378
223.8	3556.16	4939.12	813.72	6.87549	8.01754	0	45.484	83.261	5.67306	64.1403	8.72665	2.90888	220.032	12.3759	8	0	-8	0	0	0	0	0	0	0	0	-457866
224.1	3562.71	4948.22	814.587	6.87549	8.01754	0	45.5678	83.3497	5.68351	64.1403	8.72665	2.90888	232.408	12.3759	8	0	-8	0	0	0	0	0	0	0	0	-284023
224.4	3563.49	4949.29	814.694	6.87549	8.01754	0	45.5777	83.3606	5.68474	64.1403	8.72665	2.90888	244.784	12.3759	8	0	-8	0	0	0	0	0	0	0	0	-59953.3
224.7	3558.26	4942.03	814.012	6.87549	8.01754	0	45.5108	83.2909	5.6764	64.1403	8.72665	2.90888	257.16	12.3759	8	0	-8	0	0	0	0	0	0	0	0	129282
225	3548.75	4928.82	812.761	6.87549	8.01754	0	45.3892	83.1629	5.66124	64.1403	8.72665	2.90888	269.536	12.3759	8	0	-8	0	0	0	0	0	0	0	0	209588
225.3	3538.52	4914.61	811.401	6.87549	8.01754	0	45.2583	83.0237	5.64491	64.1403	8.72665	2.90888	281.912	12.3759	8	0	-8	0	0	0	0	0	0	0	0	144295
225.6	3531.98	4905.53	810.522	6.87549	8.01754	0	45.1746	82.9338	5.63447	64.1403	8.72665	2.90888	294.287	12.3759	8	0	-8	0	0	0	0	0	0	0	0	-46299.5
225.9	3532.16	4905.77	810.538	6.87549	8.01754	0	45.1769	82.9354	5.63476	64.1403	8.72665	2.90888	306.663	12.3759	8	0	-8	0	0	0	0	0	0	0	0	-282960
226.2	3538.98	4915.25	811.442	6.87549	8.01754	0	45.2642	83.0279	5.64565	64.1403	8.72665	2.90888	319.039	12.3759	8	0	-8	0	0	0	0	0	0	0	0	-462665
226.5	3549.3	4929.58	812.811	6.87549	8.01754	0	45.3962	83.168	5.66211	64.1403	8.72665	2.90888	331.415	12.3759	8	0	-8	0	0	0	0	0	0	0	0	-511069
226.8	3558.67	4942.6	814.051	6.87549	8.01754	0	45.5161	83.2949	5.67706	64.1403	8.72665	2.90888	343.791	12.3759	8	0	-8	0	0	0	0	0	0	0	0	-415078
227.1	3563.62	4949.47	814.707	6.87549	8.01754	0	45.5793	83.3619	5.68495	64.1403	8.72665	2.90888	356.167	12.3759	8	0	-8	0	0	0	0	0	0	0	0	-217426
227.4	3562.5	4947.92	814.565	6.87549	8.01754	0	45.565	83.3475	5.68316	64.1403	8.72665	2.90888	8.54267	12.3759	8	0	-8	0	0	0	0	0	0	0	0	5106.29
227.7	3555.68	4938.45	813.674	6.87549	8.01754	0	45.4778	83.2563	5.67229	64.1403	8.72665	2.90888	20.9186	12.3759	8	0	-8	0	0	0	0	0	0	0	0	167808
228	3545.51	4924.32	812.332	6.87549	8.01754	0	45.3477	83.1189	5.65606	64.1403	8.72665	2.90888	33.2944	12.3759	8	0	-8	0	0	0	0	0	0	0	0	205560
228.3	3535.94	4911.04	811.056	6.87549	8.01754	0	45.2254	82.9885	5.6408	64.1403	8.72665	2.90888	45.6703	12.3759	8	0	-8	0	0	0	0	0	0	0	0	97026.5
228.6	3531.25	4904.52	810.423	6.87549	8.01754	0	45.1653	82.9236	5.63331	64.1403	8.72665	2.90888	58.0462	12.3759	8	0	-8	0	0	0	0	0	0	0	0	-118032
228.9	3533.61	4907.79	810.73	6.87549	8.01754	0	45.1955	82.955	5.63708	64.1403	8.72665	2.90888	70.4221	12.3759	8	0	-8	0	0	0	0	0	0	0	0	-347962
229.2	3541.94	4919.36	811.834	6.87549	8.01754	0	45.302	83.068	5.65037	64.1403	8.72665	2.90888	82.798	12.3759	8	0	-8	0	0	0	0	0	0	0	0	-493142
229.5	3552.43	4933.94	813.227	6.87549	8.01754	0	45.4363	83.2105	5.66711	64.1403	8.72665	2.90888	95.1738	12.3759	8	0	-8	0	0	0	0	0	0	0	0	-496143
229.8	3560.76	4945.51	814.328	6.87549	8.01754	0	45.5428	83.3232	5.6804	64.1403	8.72665	2.90888	107.55	12.3759	8	0	-8	0	0	0	0	0	0	0	0	-362766
230.1	3563.94	4949.92	814.751	6.87549	8.01754	0	45.5834	83.3665	5.68546	64.1403	8.72665	2.90888	119.926	12.3759	8	0	-8	0	0	0	0	0	0	0	0	-148533
230.4	3560.96	4945.78	814.365	6.87549	8.01754	0	45.5454	83.327	5.68072	64.1403	8.72665	2.90888	132.301	12.3759	8	0	-8	0	0	0	0	0	0	0	0	64452.7
230.7	3552.8	4934.45	813.296	6.87549	8.01754	0	45.441	83.2176	5.6677	64.1403	8.72665	2.90888	144.677	12.3759	8	0	-8	0	0	0	0	0	0	0	0	194515
231	3542.34	4919.91	811.91	6.87549	8.01754	0	45.3071	83.0758	5.651	64.1403	8.72665	2.90888	157.053	12.3759	8	0	-8	0	0	0	0	0	0	0	0	187495
231.3	3533.84	4908.11	810.774	6.87549	8.01754	0	45.1985	82.9596	5.63745	64.1403	8.72665	2.90888	169.429	12.3759	8	0	-8	0	0	0	0	0	0	0	0	39474.4
231.6	3531.2	4904.45	810.414	6.87549	8.01754	0	45.1647	82.9227	5.63324	64.1403	8.72665	2.90888	181.805	12.3759	8	0	-8	0	0	0	0	0	0	0	0	-191226
231.9	3535.64	4910.61	810.999	6.87549	8.01754	0	45.2215	82.9826	5.64032	64.1403	8.72665	2.90888	194.181	12.3759	8	0	-8	0	0	0	0	0	0	0	0	-404832
232.2	3545.1	4923.75	812.254	6.87549	8.01754	0	45.3425	83.111	5.65541	64.1403	8.72665	2.90888	206.557	12.3759	8	0	-8	0	0	0	0	0	0	0	0	-510076
232.5	3555.36	4938.01	813.614	6.87549	8.01754	0	45.4737	83.2501	5.67178	64.1403	8.72665	2.90888	218.933	12.3759	8	0	-8	0	0	0	0	0	0	0	0	-468320
232.8	3562.35	4947.71	814.538	6.87549	8.01754	0	45.5631	83.3447	5.68293	64.1403	8.72665	2.90888	231.309	12.3759	8	0	-8	0	0	0	0	0	0	0	0	-302714
233.1	3563.68	4949.55	814.718	6.87549	8.01754	0	45.58	83.3631	5.68504	64.1403	8.72665	2.90888	243.684	12.3759	8	0	-8	0	0	0	0	0	0	0	0	-79718.5
233.4	3558.94	4942.98	814.101	6.87549	8.01754	0	45.5195	83.3	5.67749	64.1403	8.72665	2.90888	256.06	12.3759	8	0	-8	0	0	0	0	0	0	0	0	116000
233.7	3549.69	4930.13	812.885	6.87549	8.01754	0	45.4012	83.1756	5.66273	64.1403	8.72665	2.90888	268.436	12.3759	8	0	-8	0	0	0	0	0	0	0	0	208157
234	3539.35	4915.76	811.511	6.87549	8.01754	0	45.2689	83.035	5.64623	64.1403	8.72665	2.90888	280.812	12.3759	8	0	-8	0	0	0	0	0	0	0	0	155905
234.3	3532.31	4905.99	810.567	6.87549	8.01754	0	45.1789	82.9384	5.635	64.1403	8.72665	2.90888	293.188	12.3759	8	0	-8	0	0	0	0	0	0	0	0	-26032.3
234.6	3531.84	4905.34	810.497	6.87549	8.01754	0	45.1729	82.9312	5.63426	64.1403	8.72665	2.90888	305.564	12.3759	8	0	-8	0	0	0	0	0	0	0	0	-262784
234.9	3538.17	4914.13	811.334	6.87549	8.01754	0	45.2538	83.0169	5.64435	64.1403	8.72665	2.90888	317.94	12.3759	8	0	-8	0	0	0	0	0	0	0	0	-451328
235.2	3548.35	4928.27	812.686	6.87549	8.01754	0	45.3841	83.1552	5.6606	64.1403	8.72665	2.90888	330.316	12.3759	8	0	-8	0	0	0	0	0	0	0	0	-512907
235.5	3557.98	4941.64	813.96	6.87549	8.01754	0	45.5072	83.2855	5.67595	64.1403	8.72665	2.90888	342.691	12.3759	8	0	-8	0	0	0	0	0	0	0	0	-428675
235.8	3563.42	4949.19	814.68	6.87549	8.01754	0	45.5767	83.3592	5.68463	64.1403	8.72665	2.90888	355.067	12.3759	8	0	-8	0	0	0	0	0	0	0	0	-237254
236.1	3562.85	4948.4	814.611	6.87549	8.01754	0	45.5695	83.3522	5.68372	64.1403	8.72665	2.90888	7.44325	12.3759	8	0	-8	0	0	0	0	0	0	0	0	-13449.6
236.4	3556.47	4939.55	813.778	6.87549	8.01754	0	45.4879	83.2669	5.67355	64.1403	8.72665	2.90888	19.8191	12.3759	8	0	-8	0	0	0	0	0	0	0	0	157703
236.7	3546.46	4925.64	812.458	6.87549	8.01754	0	45.3598	83.1318	5.65758	64.1403	8.72665	2.90888	32.195	12.3759	8	0	-8	0	0	0	0	0	0	0	0	208178
237	3536.66	4912.02	811.152	6.87549	8.01754	0	45.2345	82.9982	5.64194	64.1403	8.72665	2.90888	44.5709	12.3759	8	0	-8	0	0	0	0	0	0	0	0	112017
237.3	3531.39	4904.72	810.443	6.87549	8.01754	0	45.1672	82.9256	5.63354	64.1403	8.72665	2.90888	56.9468	12.3759	8	0	-8	0	0	0	0	0	0	0	0	-96752.8
237.6	3533.12	4907.11	810.665	6.87549	8.01754	0	45.1892	82.9484	5.6363	64.1403	8.72665	2.90888	69.3227	12.3759	8	0	-8	0	0	0	0	0	0	0	0	-329672
237.9	3541.05	4918.13	811.716	6.87549	8.01754	0	45.2906	83.0559	5.64895	64.1403	8.72665	2.90888	81.6985	12.3759	8	0	-8	0	0	0	0	0	0	0	0	-485593
238.2	3551.54	4932.69	813.108	6.87549	8.01754	0	45.4248	83.1983	5.66568	64.1403	8.72665	2.90888	94.0744	12.3759	8	0	-8	0	0	0	0	0	0	0	0	-501869
238.5	3560.2	4944.73	814.253	6.87549	8.01754	0	45.5356	83.3156	5.6795	64.1403	8.72665	2.90888	106.45	12.3759	8	0	-8	0	0	0	0	0	0	0	0	-378957
238.8	3563.9	4949.87	814.745	6.87549	8.01754	0	45.5829	83.3659	5.6854	64.1403	8.72665	2.90888	118.826	12.3759	8	0	-8	0	0	0	0	0	0	0	0	-168786
239.1	3561.46	4946.48	814.43	6.87549	8.01754	0	45.5517	83.3337	5.68151	64.1403	8.72665	2.90888	131.202	12.3759	8	0	-8	0	0	0	0	0	0	0	0	47813.6
239.4	3553.67	4935.66	813.41	6.87549	8.01754	0	45.4521	83.2293	5.66908	64.1403	8.72665	2.90888	143.578	12.3759	8	0	-8	0	0	0	0	0	0	0	0	187989
239.7	3543.25	4921.18	812.031	6.87549	8.01754	0	45.3188	83.0882	5.65246	64.1403	8.72665	2.90888	155.954	12.3759	8	0	-8	0	0	0	0	0	0	0	0	194209
240	3534.4	4908.89	810.85	6.87549	8.01754	0	45.2056	82.9673	5.63834	64.1403	8.72665	2.90888	168.33	12.3759	8	0	-8	0	0	0	0	0	0	0	0	57239.8
240.3	3531.15	4904.37	810.407	6.87549	8.01754	0	45.164	82.922	5.63315	64.1403	8.72665	2.90888	180.706	12.3759	8	0	-8	0	0	0	0	0	0	0	0	-169851
240.6	3534.99	4909.71	810.913	6.87549	8.01754	0	45.2132	82.9738	5.63928	64.1403	8.72665	2.90888	193.081	12.3759	8	0	-8	0	0	0	0	0	0	0	0	-389181
240.9	3544.16	4922.45	812.129	6.87549	8.01754	0	45.3304	83.0982	5.65391	64.1403	8.72665	2.90888	205.457	12.3759	8	0	-8	0	0	0	0	0	0	0	0	-506567
241.2	3554.54	4936.86	813.504	6.87549	8.01754	0	45.4632	83.2389	5.67046	64.1403	8.72665	2.90888	217.833	12.3759	8	0	-8	0	0	0	0	0	0	0	0	-477747
241.5	3561.94	4947.14	814.483	6.87549	8.01754	0	45.5578	83.3391	5.68227	64.1403	8.72665	2.90888	230.209	12.3759	8	0	-8	0	0	0	0	0	0	0	0	-320931
241.8	3563.82	4949.75	814.736	6.87549	8.01754	0	45.5818	83.3649	5.68527	64.1403	8.72665	2.90888	242.585	12.3759	8	0	-8	0	0	0	0	0	0	0	0	-99703.7
242.1	3559.58	4943.87	814.185	6.87549	8.01754	0	45.5277	83.3086	5.67851	64.1403	8.72665	2.90888	254.961	12.3759	8	0	-8	0	0	0	0	0	0	0	0	101855
242.4	3550.62	4931.41	813.008	6.87549	8.01754	0	45.413	83.1881	5.66421	64.1403	8.72665	2.90888	267.337	12.3759	8	0	-8	0	0	0	0	0	0	0	0	205556
242.7	3540.2	4916.94	811.624	6.87549	8.01754	0	45.2797	83.0466	5.64759	64.1403	8.72665	2.90888	279.713	12.3759	8	0	-8	0	0	0	0	0	0	0	0	166470
243	3532.69	4906.52	810.62	6.87549	8.01754	0	45.1838	82.9438	5.63562	64.1403	8.72665	2.90888	292.089	12.3759	8	0	-8	0	0	0	0	0	0	0	0	-6205.21
243.3	3531.59	4904.98	810.464	6.87549	8.01754	0	45.1696	82.9278	5.63385	64.1403	8.72665	2.90888	304.464	12.3759	8	0	-8	0	0	0	0	0	0	0	0	-242200
243.6	3537.39	4913.04	811.23	6.87549	8.01754	0	45.2438	83.0062	5.6431	64.1403	8.72665	2.90888	316.84	12.3759	8	0	-8	0	0	0	0	0	0	0	0	-438916
243.9	3547.4	4926.95	812.56	6.87549	8.01754	0	45.3719	83.1423	5.65908	64.1403	8.72665	2.90888	329.216	12.3759	8	0	-8	0	0	0	0	0	0	0	0	-513553
244.2	3557.25	4940.63	813.863	6.87549	8.01754	0	45.4979	83.2757	5.67479	64.1403	8.72665	2.90888	341.592	12.3759	8	0	-8	0	0	0	0	0	0	0	0	-441410
244.5	3563.16	4948.84	814.646	6.87549	8.01754	0	45.5735	83.3557	5.68422	64.1403	8.72665	2.90888	353.968	12.3759	8	0	-8	0	0	0	0	0	0	0	0	-256832
244.8	3563.15	4948.82	814.65	6.87549	8.01754	0	45.5733	83.3561	5.6842	64.1403	8.72665	2.90888	6.34383	12.3759	8	0	-8	0	0	0	0	0	0	0	0	-32425.2
245.1	3557.24	4940.61	813.878	6.87549	8.01754	0	45.4977	83.2772	5.67477	64.1403	8.72665	2.90888	18.7197	12.3759	8	0	-8	0	0	0	0	0	0	0	0	146608
245.4	3547.41	4926.96	812.584	6.87549	8.01754	0	45.372	83.1447	5.65909	64.1403	8.72665	2.90888	31.0956	12.3759	8	0	-8	0	0	0	0	0	0	0	0	209594
245.7	3537.4	4913.06	811.251	6.87549	8.01754	0	45.244	83.0084	5.64313	64.1403	8.72665	2.90888	43.4715	12.3759	8	0	-8	0	0	0	0	0	0	0	0	126053
246	3531.6	4905	810.47	6.87549	8.01754	0	45.1697	82.9285	5.63387	64.1403	8.72665	2.90888	55.8474	12.3759	8	0	-8	0	0	0	0	0	0	0	0	-75683
246.3	3532.68	4906.51	810.608	6.87549	8.01754	0	45.1837	82.9426	5.6356	64.1403	8.72665	2.90888	68.2232	12.3759	8	0	-8	0	0	0	0	0	0	0	0	-310751
246.6	3540.18	4916.92	811.6	6.87549	8.01754	0	45.2795	83.0441	5.64756	64.1403	8.72665	2.90888	80.5991	12.3759	8	0	-8	0	0	0	0	0	0	0	0	-476898
246.9	3550.62	4931.42	812.987	6.87549	8.01754	0	45.4131	83.186	5.66422	64.1403	8.72665	2.90888	92.975	12.3759	8	0	-8	0	0	0	0	0	0	0	0	-506476
247.2	3559.6	4943.89	814.174	6.87549	8.01754	0	45.5279	83.3074	5.67854	64.1403	8.72665	2.90888	105.351	12.3759	8	0	-8	0	0	0	0	0	0	0	0	-394418
247.5	3563.82	4949.75	814.734	6.87549	8.01754	0	45.5819	83.3647	5.68527	64.1403	8.72665	2.90888	117.727	12.3759	8	0	-8	0	0	0	0	0	0	0	0	-188978
247.8	3561.92	4947.11	814.49	6.87549	8.01754	0	45.5576	83.3398	5.68224	64.1403	8.72665	2.90888	130.103	12.3759	8	0	-8	0	0	0	0	0	0	0	0	30555.7
248.1	3554.52	4936.84	813.522	6.87549	8.01754	0	45.463	83.2407	5.67044	64.1403	8.72665	2.90888	142.479	12.3759	8	0	-8	0	0	0	0	0	0	0	0	180381
248.4	3544.18	4922.47	812.155	6.87549	8.01754	0	45.3307	83.1008	5.65394	64.1403	8.72665	2.90888	154.854	12.3759	8	0	-8	0	0	0	0	0	0	0	0	199760
248.7	3535.01	4909.73	810.931	6.87549	8.01754	0	45.2134	82.9756	5.63931	64.1403	8.72665	2.90888	167.23	12.3759	8	0	-8	0	0	0	0	0	0	0	0	74266.8
249	3531.15	4904.38	810.408	6.87549	8.01754	0	45.164	82.9221	5.63315	64.1403	8.72665	2.90888	179.606	12.3759	8	0	-8	0	0	0	0	0	0	0	0	-148407
249.3	3534.39	4908.87	810.833	6.87549	8.01754	0	45.2054	82.9656	5.63832	64.1403	8.72665	2.90888	191.982	12.3759	8	0	-8	0	0	0	0	0	0	0	0	-372687
249.6	3543.23	4921.16	812.006	6.87549	8.01754	0	45.3186	83.0856	5.65243	64.1403	8.72665	2.90888	204.358	12.3759	8	0	-8	0	0	0	0	0	0	0	0	-501853
249.9	3553.68	4935.67	813.392	6.87549	8.01754	0	45.4523	83.2274	5.6691	64.1403	8.72665	2.90888	216.734	12.3759	8	0	-8	0	0	0	0	0	0	0	0	-486093
250.2	3561.48	4946.51	814.423	6.87549	8.01754	0	45.552	83.3329	5.68155	64.1403	8.72665	2.90888	229.11	12.3759	8	0	-8	0	0	0	0	0	0	0	0	-338616
250.5	3563.91	4949.87	814.747	6.87549	8.01754	0	45.583	83.3661	5.68541	64.1403	8.72665	2.90888	241.486	12.3759	8	0	-8	0	0	0	0	0	0	0	0	-119816
250.8	3560.18	4944.7	814.263	6.87549	8.01754	0	45.5354	83.3166	5.67947	64.1403	8.72665	2.90888	253.861	12.3759	8	0	-8	0	0	0	0	0	0	0	0	86904
251.1	3551.53	4932.68	813.128	6.87549	8.01754	0	45.4247	83.2004	5.66567	64.1403	8.72665	2.90888	266.237	12.3759	8	0	-8	0	0	0	0	0	0	0	0	201799
251.4	3541.07	4918.15	811.741	6.87549	8.01754	0	45.2909	83.0585	5.64898	64.1403	8.72665	2.90888	278.613	12.3759	8	0	-8	0	0	0	0	0	0	0	0	175962
251.7	3533.13	4907.13	810.679	6.87549	8.01754	0	45.1894	82.9498	5.63632	64.1403	8.72665	2.90888	290.989	12.3759	8	0	-8	0	0	0	0	0	0	0	0	13105.5
252	3531.39	4904.71	810.438	6.87549	8.01754	0	45.1671	82.9251	5.63353	64.1403	8.72665	2.90888	303.365	12.3759	8	0	-8	0	0	0	0	0	0	0	0	-221297
252.3	3536.64	4912	811.131	6.87549	8.01754	0	45.2342	82.9961	5.64191	64.1403	8.72665	2.90888	315.741	12.3759	8	0	-8	0	0	0	0	0	0	0	0	-425502
252.6	3546.45	4925.63	812.433	6.87549	8.01754	0	45.3597	83.1293	5.65756	64.1403	8.72665	2.90888	328.117	12.3759	8	0	-8	0	0	0	0	0	0	0	0	-512990
252.9	3556.49	4939.57	813.763	6.87549	8.01754	0	45.4881	83.2654	5.67358	64.1403	8.72665	2.90888	340.493	12.3759	8	0	-8	0	0	0	0	0	0	0	0	-453214
253.2	3562.86	4948.41	814.605	6.87549	8.01754	0	45.5696	83.3516	5.68374	64.1403	8.72665	2.90888	352.869	12.3759	8	0	-8	0	0	0	0	0	0	0	0	-276080
253.5	3563.4	4949.16	814.682	6.87549	8.01754	0	45.5765	83.3594	5.6846	64.1403	8.72665	2.90888	5.24441	12.3759	8	0	-8	0	0	0	0	0	0	0	0	-51765.2
253.8	3557.97	4941.62	813.973	6.87549	8.01754	0	45.507	83.2869	5.67593	64.1403	8.72665	2.90888	17.6203	12.3759	8	0	-8	0	0	0	0	0	0	0	0	134577
254.1	3548.36	4928.28	812.709	6.87549	8.01754	0	45.3841	83.1576	5.66061	64.1403	8.72665	2.90888	29.9962	12.3759	8	0	-8	0	0	0	0	0	0	0	0	209825
254.4	3538.18	4914.15	811.356	6.87549	8.01754	0	45.254	83.0191	5.64438	64.1403	8.72665	2.90888	42.3721	12.3759	8	0	-8	0	0	0	0	0	0	0	0	139112
254.7	3531.85	4905.35	810.505	6.87549	8.01754	0	45.173	82.9321	5.63428	64.1403	8.72665	2.90888	54.7479	12.3759	8	0	-8	0	0	0	0	0	0	0	0	-54909.3
255	3532.3	4905.98	810.557	6.87549	8.01754	0	45.1788	82.9374	5.63499	64.1403	8.72665	2.90888	67.1238	12.3759	8	0	-8	0	0	0	0	0	0	0	0	-291274
255.3	3539.33	4915.74	811.488	6.87549	8.01754	0	45.2686	83.0326	5.6462	64.1403	8.72665	2.90888	79.4997	12.3759	8	0	-8	0	0	0	0	0	0	0	0	-467099
255.6	3549.69	4930.13	812.863	6.87549	8.01754	0	45.4012	83.1734	5.66273	64.1403	8.72665	2.90888	91.8756	12.3759	8	0	-8	0	0	0	0	0	0	0	0	-509957
255.9	3558.95	4942.99	814.089	6.87549	8.01754	0	45.5197	83.2987	5.67751	64.1403	8.72665	2.90888	104.251	12.3759	8	0	-8	0	0	0	0	0	0	0	0	-409141
256.2	3563.68	4949.56	814.716	6.87549	8.01754	0	45.5802	83.3629	5.68506	64.1403	8.72665	2.90888	116.627	12.3759	8	0	-8	0	0	0	0	0	0	0	0	-209062
256.5	3562.34	4947.69	814.544	6.87549	8.01754	0	45.5629	83.3453	5.68291	64.1403	8.72665	2.90888	129.003	12.3759	8	0	-8	0	0	0	0	0	0	0	0	12729
256.8	3555.35	4937.98	813.63	6.87549	8.01754	0	45.4735	83.2518	5.67175	64.1403	8.72665	2.90888	141.379	12.3759	8	0	-8	0	0	0	0	0	0	0	0	171738
257.1	3545.12	4923.77	812.279	6.87549	8.01754	0	45.3427	83.1136	5.65544	64.1403	8.72665	2.90888	153.755	12.3759	8	0	-8	0	0	0	0	0	0	0	0	204109
257.4	3535.66	4910.64	811.018	6.87549	8.01754	0	45.2217	82.9845	5.64035	64.1403	8.72665	2.90888	166.131	12.3759	8	0	-8	0	0	0	0	0	0	0	0	90490.6
257.7	3531.21	4904.46	810.417	6.87549	8.01754	0	45.1648	82.923	5.63325	64.1403	8.72665	2.90888	178.507	12.3759	8	0	-8	0	0	0	0	0	0	0	0	-126978
258	3533.83	4908.09	810.759	6.87549	8.01754	0	45.1983	82.958	5.63743	64.1403	8.72665	2.90888	190.883	12.3759	8	0	-8	0	0	0	0	0	0	0	0	-355409
258.3	3542.32	4919.89	811.884	6.87549	8.01754	0	45.3069	83.0732	5.65097	64.1403	8.72665	2.90888	203.259	12.3759	8	0	-8	0	0	0	0	0	0	0	0	-495951
258.6	3552.81	4934.46	813.276	6.87549	8.01754	0	45.441	83.2155	5.66771	64.1403	8.72665	2.90888	215.634	12.3759	8	0	-8	0	0	0	0	0	0	0	0	-493399
258.9	3560.99	4945.82	814.357	6.87549	8.01754	0	45.5456	83.3262	5.68075	64.1403	8.72665	2.90888	228.01	12.3759	8	0	-8	0	0	0	0	0	0	0	0	-355762
259.2	3563.94	4949.92	814.751	6.87549	8.01754	0	45.5834	83.3665	5.68546	64.1403	8.72665	2.90888	240.386	12.3759	8	0	-8	0	0	0	0	0	0	0	0	-140034
259.5	3560.74	4945.48	814.336	6.87549	8.01754	0	45.5425	83.3241	5.68036	64.1403	8.72665	2.90888	252.762	12.3759	8	0	-8	0	0	0	0	0	0	0	0	71232.3
259.8	3552.43	4933.93	813.247	6.87549	8.01754	0	45.4362	83.2126	5.6671	64.1403	8.72665	2.90888	265.138	12.3759	8	0	-8	0	0	0	0	0	0	0	0	196904
260.1	3541.96	4919.39	811.859	6.87549	8.01754	0	45.3023	83.0706	5.6504	64.1403	8.72665	2.90888	277.514	12.3759	8	0	-8	0	0	0	0	0	0	0	0	184336
260.4	3533.62	4907.81	810.745	6.87549	8.01754	0	45.1956	82.9566	5.6371	64.1403	8.72665	2.90888	289.89	12.3759	8	0	-8	0	0	0	0	0	0	0	0	31827.8
260.7	3531.25	4904.51	810.419	6.87549	8.01754	0	45.1653	82.9233	5.63331	64.1403	8.72665	2.90888	302.266	12.3759	8	0	-8	0	0	0	0	0	0	0	0	-200141
261	3535.93	4911.01	811.037	6.87549	8.01754	0	45.2251	82.9865	5.64078	64.1403	8.72665	2.90888	314.641	12.3759	8	0	-8	0	0	0	0	0	0	0	0	-411127
261.3	3545.5	4924.31	812.307	6.87549	8.01754	0	45.3476	83.1164	5.65605	64.1403	8.72665	2.90888	327.017	12.3759	8	0	-8	0	0	0	0	0	0	0	0	-511190
261.6	3555.7	4938.48	813.658	6.87549	8.01754	0	45.4781	83.2547	5.67232	64.1403	8.72665	2.90888	339.393	12.3759	8	0	-8	0	0	0	0	0	0	0	0	-464065
261.9	3562.51	4947.93	814.559	6.87549	8.01754	0	45.5651	83.3468	5.68318	64.1403	8.72665	2.90888	351.769	12.3759	8	0	-8	0	0	0	0	0	0	0	0	-294943
262.2	3563.6	4949.45	814.709	6.87549	8.01754	0	45.5791	83.3622	5.68493	64.1403	8.72665	2.90888	4.14499	12.3759	8	0	-8	0	0	0	0	0	0	0	0	-71415.1
262.5	3558.66	4942.59	814.064	6.87549	8.01754	0	45.5159	83.2962	5.67704	64.1403	8.72665	2.90888	16.5209	12.3759	8	0	-8	0	0	0	0	0	0	0	0	121656
262.8	3549.3	4929.58	812.834	6.87549	8.01754	0	45.3961	83.1703	5.66211	64.1403	8.72665	2.90888	28.8968	12.3759	8	0	-8	0	0	0	0	0	0	0	0	208892
263.1	3539	4915.27	811.464	6.87549	8.01754	0	45.2644	83.0302	5.64567	64.1403	8.72665	2.90888	41.2726	12.3759	8	0	-8	0	0	0	0	0	0	0	0	151159
263.4	3532.16	4905.78	810.548	6.87549	8.01754	0	45.177	82.9364	5.63477	64.1403	8.72665	2.90888	53.6485	12.3759	8	0	-8	0	0	0	0	0	0	0	0	-34482.3
263.7	3531.97	4905.51	810.514	6.87549	8.01754	0	45.1745	82.9329	5.63446	64.1403	8.72665	2.90888	66.0244	12.3759	8	0	-8	0	0	0	0	0	0	0	0	-271301
264	3538.51	4914.59	811.379	6.87549	8.01754	0	45.2581	83.0214	5.64489	64.1403	8.72665	2.90888	78.4003	12.3759	8	0	-8	0	0	0	0	0	0	0	0	-456215
264.3	3548.75	4928.82	812.739	6.87549	8.01754	0	45.3892	83.1606	5.66123	64.1403	8.72665	2.90888	90.7762	12.3759	8	0	-8	0	0	0	0	0	0	0	0	-512281
264.6	3558.27	4942.05	813.999	6.87549	8.01754	0	45.511	83.2895	5.67643	64.1403	8.72665	2.90888	103.152	12.3759	8	0	-8	0	0	0	0	0	0	0	0	-423084
264.9	3563.51	4949.32	814.692	6.87549	8.01754	0	45.5779	83.3604	5.68477	64.1403	8.72665	2.90888	115.528	12.3759	8	0	-8	0	0	0	0	0	0	0	0	-228976
265.2	3562.71	4948.21	814.593	6.87549	8.01754	0	45.5677	83.3503	5.6835	64.1403	8.72665	2.90888	127.904	12.3759	8	0	-8	0	0	0	0	0	0	0	0	-5617.58
265.5	3556.15	4939.09	813.735	6.87549	8.01754	0	45.4837	83.2625	5.67303	64.1403	8.72665	2.90888	140.28	12.3759	8	0	-8	0	0	0	0	0	0	0	0	162061
265.8	3546.06	4925.09	812.405	6.87549	8.01754	0	45.3547	83.1264	5.65694	64.1403	8.72665	2.90888	152.656	12.3759	8	0	-8	0	0	0	0	0	0	0	0	207231
266.1	3536.35	4911.6	811.111	6.87549	8.01754	0	45.2306	82.9941	5.64146	64.1403	8.72665	2.90888	165.031	12.3759	8	0	-8	0	0	0	0	0	0	0	0	105852
266.4	3531.33	4904.62	810.433	6.87549	8.01754	0	45.1663	82.9247	5.63344	64.1403	8.72665	2.90888	177.407	12.3759	8	0	-8	0	0	0	0	0	0	0	0	-105642
266.7	3533.32	4907.39	810.691	6.87549	8.01754	0	45.1918	82.9511	5.63661	64.1403	8.72665	2.90888	189.783	12.3759	8	0	-8	0	0	0	0	0	0	0	0	-337409
267	3541.42	4918.64	811.765	6.87549	8.01754	0	45.2954	83.061	5.64954	64.1403	8.72665	2.90888	202.159	12.3759	8	0	-8	0	0	0	0	0	0	0	0	-488887
267.3	3551.91	4933.22	813.158	6.87549	8.01754	0	45.4296	83.2035	5.66628	64.1403	8.72665	2.90888	214.535	12.3759	8	0	-8	0	0	0	0	0	0	0	0	-499601
267.6	3560.44	4945.06	814.285	6.87549	8.01754	0	45.5387	83.3188	5.67989	64.1403	8.72665	2.90888	226.911	12.3759	8	0	-8	0	0	0	0	0	0	0	0	-372258
267.9	3563.92	4949.89	814.749	6.87549	8.01754	0	45.5832	83.3662	5.68544	64.1403	8.72665	2.90888	239.287	12.3759	8	0	-8	0	0	0	0	0	0	0	0	-160299
268.2	3561.26	4946.19	814.404	6.87549	8.01754	0	45.5491	83.331	5.68119	64.1403	8.72665	2.90888	251.663	12.3759	8	0	-8	0	0	0	0	0	0	0	0	54869
268.5	3553.31	4935.16	813.363	6.87549	8.01754	0	45.4475	83.2244	5.66851	64.1403	8.72665	2.90888	264.039	12.3759	8	0	-8	0	0	0	0	0	0	0	0	190864
268.8	3542.87	4920.65	811.98	6.87549	8.01754	0	45.3139	83.083	5.65184	64.1403	8.72665	2.90888	276.414	12.3759	8	0	-8	0	0	0	0	0	0	0	0	191544
269.1	3534.16	4908.56	810.817	6.87549	8.01754	0	45.2025	82.964	5.63796	64.1403	8.72665	2.90888	288.79	12.3759	8	0	-8	0	0	0	0	0	0	0	0	49887.9
269.4	3531.16	4904.4	810.409	6.87549	8.01754	0	45.1642	82.9222	5.63318	64.1403	8.72665	2.90888	301.166	12.3759	8	0	-8	0	0	0	0	0	0	0	0	-178816
269.7	3535.26	4910.08	810.948	6.87549	8.01754	0	45.2166	82.9774	5.63971	64.1403	8.72665	2.90888	313.542	12.3759	8	0	-8	0	0	0	0	0	0	0	0	-395842
270	3544.55	4922.99	812.181	6.87549	8.01754	0	45.3355	83.1035	5.65454	64.1403	8.72665	2.90888	325.918	12.3759	8	0	-8	0	0	0	0	0	0	0	0	-508185
270.3	3554.89	4937.34	813.55	6.87549	8.01754	0	45.4676	83.2436	5.67102	64.1403	8.72665	2.90888	338.294	12.3759	8	0	-8	0	0	0	0	0	0	0	0	-473934
270.6	3562.12	4947.38	814.507	6.87549	8.01754	0	45.5601	83.3415	5.68255	64.1403	8.72665	2.90888	350.67	12.3759	8	0	-8	0	0	0	0	0	0	0	0	-313367
270.9	3563.76	4949.67	814.729	6.87549	8.01754	0	45.5812	83.3643	5.68518	64.1403	8.72665	2.90888	3.04556	12.3759	8	0	-8	0	0	0	0	0	0	0	0	-91315.1
271.2	3559.32	4943.5	814.15	6.87549	8.01754	0	45.5243	83.305	5.67809	64.1403	8.72665	2.90888	15.4214	12.3759	8	0	-8	0	0	0	0	0	0	0	0	107879
271.5	3550.23	4930.88	812.957	6.87549	8.01754	0	45.4081	83.1829	5.66359	64.1403	8.72665	2.90888	27.7973	12.3759	8	0	-8	0	0	0	0	0	0	0	0	206781
271.8	3539.84	4916.44	811.577	6.87549	8.01754	0	45.2751	83.0417	5.64701	64.1403	8.72665	2.90888	40.1732	12.3759	8	0	-8	0	0	0	0	0	0	0	0	162167
272.1	3532.53	4906.29	810.597	6.87549	8.01754	0	45.1816	82.9414	5.63535	64.1403	8.72665	2.90888	52.5491	12.3759	8	0	-8	0	0	0	0	0	0	0	0	-14458.3
272.4	3531.69	4905.13	810.477	6.87549	8.01754	0	45.1709	82.9291	5.63401	64.1403	8.72665	2.90888	64.925	12.3759	8	0	-8	0	0	0	0	0	0	0	0	-250871
272.7	3537.71	4913.49	811.273	6.87549	8.01754	0	45.2479	83.0106	5.64362	64.1403	8.72665	2.90888	77.3009	12.3759	8	0	-8	0	0	0	0	0	0	0	0	-444246
273	3547.8	4927.5	812.613	6.87549	8.01754	0	45.377	83.1477	5.65972	64.1403	8.72665	2.90888	89.6767	12.3759	8	0	-8	0	0	0	0	0	0	0	0	-513434
273.3	3557.56	4941.06	813.904	6.87549	8.01754	0	45.5018	83.2798	5.67528	64.1403	8.72665	2.90888	102.053	12.3759	8	0	-8	0	0	0	0	0	0	0	0	-436188
273.6	3563.27	4948.99	814.661	6.87549	8.01754	0	45.5749	83.3573	5.6844	64.1403	8.72665	2.90888	114.429	12.3759	8	0	-8	0	0	0	0	0	0	0	0	-248668
273.9	3563.03	4948.65	814.634	6.87549	8.01754	0	45.5717	83.3545	5.68401	64.1403	8.72665	2.90888	126.804	12.3759	8	0	-8	0	0	0	0	0	0	0	0	-24429.5
274.2	3556.92	4940.17	813.837	6.87549	8.01754	0	45.4936	83.2729	5.67426	64.1403	8.72665	2.90888	139.18	12.3759	8	0	-8	0	0	0	0	0	0	0	0	151374
274.5	3547.01	4926.41	812.531	6.87549	8.01754	0	45.3669	83.1393	5.65846	64.1403	8.72665	2.90888	151.556	12.3759	8	0	-8	0	0	0	0	0	0	0	0	209150
274.8	3537.08	4912.62	811.209	6.87549	8.01754	0	45.2399	83.0041	5.64262	64.1403	8.72665	2.90888	163.932	12.3759	8	0	-8	0	0	0	0	0	0	0	0	120294
275.1	3531.5	4904.87	810.458	6.87549	8.01754	0	45.1686	82.9272	5.63372	64.1403	8.72665	2.90888	176.308	12.3759	8	0	-8	0	0	0	0	0	0	0	0	-84475.5
275.4	3532.86	4906.75	810.631	6.87549	8.01754	0	45.1859	82.9449	5.63588	64.1403	8.72665	2.90888	188.684	12.3759	8	0	-8	0	0	0	0	0	0	0	0	-318745
275.7	3540.54	4917.42	811.648	6.87549	8.01754	0	45.2841	83.049	5.64814	64.1403	8.72665	2.90888	201.06	12.3759	8	0	-8	0	0	0	0	0	0	0	0	-480673
276	3551.01	4931.96	813.038	6.87549	8.01754	0	45.418	83.1912	5.66483	64.1403	8.72665	2.90888	213.436	12.3759	8	0	-8	0	0	0	0	0	0	0	0	-504672
276.3	3559.86	4944.25	814.208	6.87549	8.01754	0	45.5312	83.3109	5.67895	64.1403	8.72665	2.90888	225.811	12.3759	8	0	-8	0	0	0	0	0	0	0	0	-388023
276.6	3563.86	4949.8	814.739	6.87549	8.01754	0	45.5824	83.3653	5.68533	64.1403	8.72665	2.90888	238.187	12.3759	8	0	-8	0	0	0	0	0	0	0	0	-180524
276.9	3561.73	4946.85	814.466	6.87549	8.01754	0	45.5552	83.3373	5.68194	64.1403	8.72665	2.90888	250.563	12.3759	8	0	-8	0	0	0	0	0	0	0	0	37862.6
277.2	3554.17	4936.35	813.475	6.87549	8.01754	0	45.4584	83.236	5.66988	64.1403	8.72665	2.90888	262.939	12.3759	8	0	-8	0	0	0	0	0	0	0	0	183703
277.5	3543.79	4921.93	812.103	6.87549	8.01754	0	45.3257	83.0955	5.65332	64.1403	8.72665	2.90888	275.315	12.3759	8	0	-8	0	0	0	0	0	0	0	0	197582
277.8	3534.75	4909.37	810.896	6.87549	8.01754	0	45.21	82.9721	5.63889	64.1403	8.72665	2.90888	287.691	12.3759	8	0	-8	0	0	0	0	0	0	0	0	67230.7
278.1	3531.14	4904.37	810.407	6.87549	8.01754	0	45.1639	82.922	5.63314	64.1403	8.72665	2.90888	300.067	12.3759	8	0	-8	0	0	0	0	0	0	0	0	-157394
278.4	3534.63	4909.22	810.866	6.87549	8.01754	0	45.2086	82.9689	5.63871	64.1403	8.72665	2.90888	312.443	12.3759	8	0	-8	0	0	0	0	0	0	0	0	-379696
278.7	3543.62	4921.7	812.057	6.87549	8.01754	0	45.3235	83.0909	5.65305	64.1403	8.72665	2.90888	324.818	12.3759	8	0	-8	0	0	0	0	0	0	0	0	-503975
279	3554.04	4936.17	813.439	6.87549	8.01754	0	45.4569	83.2323	5.66968	64.1403	8.72665	2.90888	337.194	12.3759	8	0	-8	0	0	0	0	0	0	0	0	-482726
279.3	3561.68	4946.78	814.449	6.87549	8.01754	0	45.5545	83.3356	5.68186	64.1403	8.72665	2.90888	349.57	12.3759	8	0	-8	0	0	0	0	0	0	0	0	-331276
279.6	3563.88	4949.83	814.743	6.87549	8.01754	0	45.5826	83.3657	5.68536	64.1403	8.72665	2.90888	1.94614	12.3759	8	0	-8	0	0	0	0	0	0	0	0	-111386
279.9	3559.94	4944.36	814.231	6.87549	8.01754	0	45.5322	83.3133	5.67908	64.1403	8.72665	2.90888	14.322	12.3759	8	0	-8	0	0	0	0	0	0	0	0	93254.6
280.2	3551.15	4932.15	813.078	6.87549	8.01754	0	45.4198	83.1953	5.66506	64.1403	8.72665	2.90888	26.6979	12.3759	8	0	-8	0	0	0	0	0	0	0	0	203509
280.5	3540.7	4917.64	811.692	6.87549	8.01754	0	45.2862	83.0534	5.64839	64.1403	8.72665	2.90888	39.0738	12.3759	8	0	-8	0	0	0	0	0	0	0	0	172113
280.8	3532.94	4906.87	810.653	6.87549	8.01754	0	45.187	82.9472	5.63601	64.1403	8.72665	2.90888	51.4497	12.3759	8	0	-8	0	0	0	0	0	0	0	0	5078.15
281.1	3531.46	4904.81	810.447	6.87549	8.01754	0	45.168	82.9261	5.63366	64.1403	8.72665	2.90888	63.8256	12.3759	8	0	-8	0	0	0	0	0	0	0	0	-230093
281.4	3536.95	4912.43	811.172	6.87549	8.01754	0	45.2382	83.0003	5.6424	64.1403	8.72665	2.90888	76.2014	12.3759	8	0	-8	0	0	0	0	0	0	0	0	-431245
281.7	3546.85	4926.18	812.486	6.87549	8.01754	0	45.3648	83.1348	5.6582	64.1403	8.72665	2.90888	88.5773	12.3759	8	0	-8	0	0	0	0	0	0	0	0	-513383
282	3556.81	4940.02	813.805	6.87549	8.01754	0	45.4923	83.2697	5.67409	64.1403	8.72665	2.90888	100.953	12.3759	8	0	-8	0	0	0	0	0	0	0	0	-448389
282.3	3562.99	4948.6	814.623	6.87549	8.01754	0	45.5713	83.3534	5.68395	64.1403	8.72665	2.90888	113.329	12.3759	8	0	-8	0	0	0	0	0	0	0	0	-268063
282.6	3563.3	4949.03	814.669	6.87549	8.01754	0	45.5752	83.3581	5.68444	64.1403	8.72665	2.90888	125.705	12.3759	8	0	-8	0	0	0	0	0	0	0	0	-43623.5
282.9	3557.66	4941.2	813.934	6.87549	8.01754	0	45.5032	83.2829	5.67545	64.1403	8.72665	2.90888	138.081	12.3759	8	0	-8	0	0	0	0	0	0	0	0	139723
283.2	3547.96	4927.73	812.657	6.87549	8.01754	0	45.3791	83.1522	5.65998	64.1403	8.72665	2.90888	150.457	12.3759	8	0	-8	0	0	0	0	0	0	0	0	209867
283.5	3537.85	4913.69	811.312	6.87549	8.01754	0	45.2498	83.0146	5.64385	64.1403	8.72665	2.90888	162.833	12.3759	8	0	-8	0	0	0	0	0	0	0	0	133765
283.8	3531.74	4905.2	810.49	6.87549	8.01754	0	45.1716	82.9305	5.6341	64.1403	8.72665	2.90888	175.208	12.3759	8	0	-8	0	0	0	0	0	0	0	0	-63566.9
284.1	3532.46	4906.19	810.578	6.87549	8.01754	0	45.1807	82.9395	5.63524	64.1403	8.72665	2.90888	187.584	12.3759	8	0	-8	0	0	0	0	0	0	0	0	-299492
284.4	3539.68	4916.23	811.535	6.87549	8.01754	0	45.2732	83.0374	5.64677	64.1403	8.72665	2.90888	199.96	12.3759	8	0	-8	0	0	0	0	0	0	0	0	-471331
284.7	3550.08	4930.67	812.915	6.87549	8.01754	0	45.4062	83.1787	5.66336	64.1403	8.72665	2.90888	212.336	12.3759	8	0	-8	0	0	0	0	0	0	0	0	-508633
285	3559.23	4943.38	814.125	6.87549	8.01754	0	45.5232	83.3024	5.67795	64.1403	8.72665	2.90888	224.712	12.3759	8	0	-8	0	0	0	0	0	0	0	0	-403056
285.3	3563.75	4949.65	814.724	6.87549	8.01754	0	45.5809	83.3638	5.68516	64.1403	8.72665	2.90888	237.088	12.3759	8	0	-8	0	0	0	0	0	0	0	0	-200661
285.6	3562.17	4947.46	814.522	6.87549	8.01754	0	45.5607	83.3431	5.68264	64.1403	8.72665	2.90888	249.464	12.3759	8	0	-8	0	0	0	0	0	0	0	0	20266.2
285.9	3555	4937.51	813.585	6.87549	8.01754	0	45.4691	83.2472	5.67121	64.1403	8.72665	2.90888	261.84	12.3759	8	0	-8	0	0	0	0	0	0	0	0	175489
286.2	3544.72	4923.23	812.227	6.87549	8.01754	0	45.3376	83.1082	5.65481	64.1403	8.72665	2.90888	274.216	12.3759	8	0	-8	0	0	0	0	0	0	0	0	202445
286.5	3535.38	4910.25	810.981	6.87549	8.01754	0	45.2181	82.9807	5.6399	64.1403	8.72665	2.90888	286.591	12.3759	8	0	-8	0	0	0	0	0	0	0	0	83800.3
286.8	3531.18	4904.41	810.412	6.87549	8.01754	0	45.1644	82.9225	5.6332	64.1403	8.72665	2.90888	298.967	12.3759	8	0	-8	0	0	0	0	0	0	0	0	-135946
287.1	3534.05	4908.41	810.789	6.87549	8.01754	0	45.2012	82.9611	5.63779	64.1403	8.72665	2.90888	311.343	12.3759	8	0	-8	0	0	0	0	0	0	0	0	-362738
287.4	3542.7	4920.42	811.935	6.87549	8.01754	0	45.3118	83.0784	5.65158	64.1403	8.72665	2.90888	323.719	12.3759	8	0	-8	0	0	0	0	0	0	0	0	-498564
287.7	3553.18	4934.97	813.325	6.87549	8.01754	0	45.4458	83.2205	5.66829	64.1403	8.72665	2.90888	336.095	12.3759	8	0	-8	0	0	0	0	0	0	0	0	-490472
288	3561.2	4946.11	814.385	6.87549	8.01754	0	45.5484	83.3291	5.68109	64.1403	8.72665	2.90888	348.471	12.3759	8	0	-8	0	0	0	0	0	0	0	0	-348655
288.3	3563.93	4949.91	814.75	6.87549	8.01754	0	45.5833	83.3664	5.68545	64.1403	8.72665	2.90888	0.84672	12.3759	8	0	-8	0	0	0	0	0	0	0	0	-131552
288.6	3560.51	4945.16	814.307	6.87549	8.01754	0	45.5396	83.321	5.68	64.1403	8.72665	2.90888	13.2226	12.3759	8	0	-8	0	0	0	0	0	0	0	0	77879.1
288.9	3552.06	4933.41	813.197	6.87549	8.01754	0	45.4314	83.2075	5.66651	64.1403	8.72665	2.90888	25.5985	12.3759	8	0	-8	0	0	0	0	0	0	0	0	199084
289.2	3541.58	4918.87	811.809	6.87549	8.01754	0	45.2975	83.0655	5.6498	64.1403	8.72665	2.90888	37.9744	12.3759	8	0	-8	0	0	0	0	0	0	0	0	180965
289.5	3533.41	4907.52	810.716	6.87549	8.01754	0	45.1929	82.9537	5.63676	64.1403	8.72665	2.90888	50.3502	12.3759	8	0	-8	0	0	0	0	0	0	0	0	24059.2
289.8	3531.3	4904.58	810.426	6.87549	8.01754	0	45.1659	82.9239	5.63339	64.1403	8.72665	2.90888	62.7261	12.3759	8	0	-8	0	0	0	0	0	0	0	0	-209031
290.1	3536.22	4911.42	811.076	6.87549	8.01754	0	45.2289	82.9904	5.64124	64.1403	8.72665	2.90888	75.102	12.3759	8	0	-8	0	0	0	0	0	0	0	0	-417265
290.4	3545.9	4924.86	812.36	6.87549	8.01754	0	45.3527	83.1218	5.65668	64.1403	8.72665	2.90888	87.4779	12.3759	8	0	-8	0	0	0	0	0	0	0	0	-512091
290.7	3556.04	4938.94	813.703	6.87549	8.01754	0	45.4823	83.2592	5.67286	64.1403	8.72665	2.90888	99.8538	12.3759	8	0	-8	0	0	0	0	0	0	0	0	-459635
291	3562.66	4948.14	814.579	6.87549	8.01754	0	45.567	83.3489	5.68342	64.1403	8.72665	2.90888	112.23	12.3759	8	0	-8	0	0	0	0	0	0	0	0	-287092
291.3	3563.52	4949.34	814.698	6.87549	8.01754	0	45.5781	83.3611	5.6848	64.1403	8.72665	2.90888	124.606	12.3759	8	0	-8	0	0	0	0	0	0	0	0	-63150.7
291.6	3558.37	4942.19	814.027	6.87549	8.01754	0	45.5122	83.2924	5.67659	64.1403	8.72665	2.90888	136.981	12.3759	8	0	-8	0	0	0	0	0	0	0	0	127175
291.9	3548.9	4929.04	812.782	6.87549	8.01754	0	45.3911	83.165	5.66148	64.1403	8.72665	2.90888	149.357	12.3759	8	0	-8	0	0	0	0	0	0	0	0	209426
292.2	3538.65	4914.8	811.418	6.87549	8.01754	0	45.26	83.0255	5.64512	64.1403	8.72665	2.90888	161.733	12.3759	8	0	-8	0	0	0	0	0	0	0	0	146239
292.5	3532.03	4905.6	810.529	6.87549	8.01754	0	45.1753	82.9345	5.63456	64.1403	8.72665	2.90888	174.109	12.3759	8	0	-8	0	0	0	0	0	0	0	0	-42996.2
292.8	3532.1	4905.7	810.531	6.87549	8.01754	0	45.1762	82.9347	5.63467	64.1403	8.72665	2.90888	186.485	12.3759	8	0	-8	0	0	0	0	0	0	0	0	-279730
293.1	3538.85	4915.07	811.424	6.87549	8.01754	0	45.2625	83.0261	5.64543	64.1403	8.72665	2.90888	198.861	12.3759	8	0	-8	0	0	0	0	0	0	0	0	-460907
293.4	3549.15	4929.37	812.791	6.87549	8.01754	0	45.3942	83.166	5.66186	64.1403	8.72665	2.90888	211.237	12.3759	8	0	-8	0	0	0	0	0	0	0	0	-511451
293.7	3558.56	4942.45	814.037	6.87549	8.01754	0	45.5147	83.2934	5.67689	64.1403	8.72665	2.90888	223.613	12.3759	8	0	-8	0	0	0	0	0	0	0	0	-417343
294	3563.59	4949.43	814.703	6.87549	8.01754	0	45.5789	83.3616	5.6849	64.1403	8.72665	2.90888	235.988	12.3759	8	0	-8	0	0	0	0	0	0	0	0	-220657
294.3	3562.56	4948	814.573	6.87549	8.01754	0	45.5658	83.3483	5.68326	64.1403	8.72665	2.90888	248.364	12.3759	8	0	-8	0	0	0	0	0	0	0	0	2132.78
294.6	3555.81	4938.63	813.692	6.87549	8.01754	0	45.4795	83.2581	5.6725	64.1403	8.72665	2.90888	260.74	12.3759	8	0	-8	0	0	0	0	0	0	0	0	166242
294.9	3545.66	4924.54	812.352	6.87549	8.01754	0	45.3497	83.121	5.65631	64.1403	8.72665	2.90888	273.116	12.3759	8	0	-8	0	0	0	0	0	0	0	0	206072
295.2	3536.06	4911.19	811.072	6.87549	8.01754	0	45.2268	82.99	5.64098	64.1403	8.72665	2.90888	285.492	12.3759	8	0	-8	0	0	0	0	0	0	0	0	99525.2
295.5	3531.27	4904.54	810.425	6.87549	8.01754	0	45.1656	82.9239	5.63335	64.1403	8.72665	2.90888	297.868	12.3759	8	0	-8	0	0	0	0	0	0	0	0	-114563
295.8	3533.52	4907.68	810.719	6.87549	8.01754	0	45.1944	82.9539	5.63694	64.1403	8.72665	2.90888	310.244	12.3759	8	0	-8	0	0	0	0	0	0	0	0	-345033
296.1	3541.79	4919.16	811.815	6.87549	8.01754	0	45.3002	83.0661	5.65014	64.1403	8.72665	2.90888	322.62	12.3759	8	0	-8	0	0	0	0	0	0	0	0	-491987
296.4	3552.29	4933.74	813.207	6.87549	8.01754	0	45.4344	83.2085	5.66688	64.1403	8.72665	2.90888	334.996	12.3759	8	0	-8	0	0	0	0	0	0	0	0	-497140
296.7	3560.68	4945.39	814.316	6.87549	8.01754	0	45.5417	83.322	5.68026	64.1403	8.72665	2.90888	347.371	12.3759	8	0	-8	0	0	0	0	0	0	0	0	-365435
297	3563.94	4949.91	814.75	6.87549	8.01754	0	45.5834	83.3664	5.68546	64.1403	8.72665	2.90888	359.747	12.3759	8	0	-8	0	0	0	0	0	0	0	0	-151813
297.3	3561.05	4945.9	814.376	6.87549	8.01754	0	45.5464	83.3281	5.68085	64.1403	8.72665	2.90888	12.1232	12.3759	8	0	-8	0	0	0	0	0	0	0	0	61804.2
297.6	3552.94	4934.65	813.314	6.87549	8.01754	0	45.4428	83.2195	5.66792	64.1403	8.72665	2.90888	24.4991	12.3759	8	0	-8	0	0	0	0	0	0	0	0	193539
297.9	3542.48	4920.12	811.929	6.87549	8.01754	0	45.309	83.0778	5.65124	64.1403	8.72665	2.90888	36.8749	12.3759	8	0	-8	0	0	0	0	0	0	0	0	188667
298.2	3533.93	4908.24	810.786	6.87549	8.01754	0	45.1996	82.9608	5.63759	64.1403	8.72665	2.90888	49.2508	12.3759	8	0	-8	0	0	0	0	0	0	0	0	42405.2
298.5	3531.19	4904.43	810.412	6.87549	8.01754	0	45.1646	82.9226	5.63322	64.1403	8.72665	2.90888	61.6267	12.3759	8	0	-8	0	0	0	0	0	0	0	0	-187767
298.8	3535.53	4910.46	810.985	6.87549	8.01754	0	45.2201	82.9811	5.64015	64.1403	8.72665	2.90888	74.0026	12.3759	8	0	-8	0	0	0	0	0	0	0	0	-402355
299.1	3544.95	4923.54	812.234	6.87549	8.01754	0	45.3405	83.1089	5.65517	64.1403	8.72665	2.90888	86.3785	12.3759	8	0	-8	0	0	0	0	0	0	0	0	-509592
299.4	3555.23	4937.82	813.596	6.87549	8.01754	0	45.472	83.2483	5.67157	64.1403	8.72665	2.90888	98.7544	12.3759	8	0	-8	0	0	0	0	0	0	0	0	-469925
299.7	3562.28	4947.62	814.529	6.87549	8.01754	0	45.5623	83.3438	5.68282	64.1403	8.72665	2.90888	111.13	12.3759	8	0	-8	0	0	0	0	0	0	0	0	-305708
300	3563.7	4949.59	814.721	6.87549	8.01754	0	45.5804	83.3635	5.68508	64.1403	8.72665	2.90888	123.506	12.3759	8	0	-8	0	0	0	0	0	0	0	0	-82953.2
300.3	3559.05	4943.13	814.115	6.87549	8.01754	0	45.5209	83.3014	5.67766	64.1403	8.72665	2.90888	135.882	12.3759	8	0	-8	0	0	0	0	0	0	0	0	113760
300.6	3549.84	4930.34	812.905	6.87549	8.01754	0	45.4031	83.1776	5.66297	64.1403	8.72665	2.90888	148.258	12.3759	8	0	-8	0	0	0	0	0	0	0	0	207806

