# Sensor: Rotor
# Record count: 1002
# Storage mode: Memory
# Datetime of save: 2026-03-07T10:43:35
# Statistical parameters for each field (time series) are placed above the column of the respective time series.

# Results earlier than the 'Statistics start time' (see below) are not included when calculating the statistic variables.
# Statistics start time: 0 s

# Column
1	2	3	4	5	6	7	8	9	10	11	12	13	14	15	16	17	18	19	20	21	22	23	24	25	26	27	
Time [s]	Power (aero) [k W]	Torque (aero) [k Nm]	Thrust (aero) [k N]	RPM [rpm]	TSR []	Representative demanded pitch angle [°]	Power coef. (CP) [%]	Thrust coef. (CT) [%]	Torque coef. (CQ) [%]	Tip speed [m/s]	1P (one revolution) [s]	nP (blade passing) [s]	Azimuth angle [°]	Rotation per timestep [°]	Wind speed at hub, magnitude [m/s]	Wind speed at hub.x [m/s]	Wind speed at hub.y [m/s]	Wind speed at hub.z [m/s]	Turbulence at hub (local).x [m/s]	Turbulence at hub (local).y [m/s]	Turbulence at hub (local).z [m/s]	Wind angle at hub [°]	Yaw angle relative to forward [°]	Yaw angle to reference direction [°]	Yaw error [°]	Torque about yaw axis [Nm]
----------	----------	----------	----------	----------	----------	----------	----------	----------	----------	----------	----------	----------	----------	----------	----------	----------	----------	----------	----------	----------	----------	----------	----------	----------	----------	----------
Min	0 [0s]	0 [0s]	0 [0s]	6.87549 [0s]	8.01754 [0s]	0 [0s]	0 [0s]	0 [0s]	0 [0s]	64.1403 [0s]	8.72665 [0s]	2.90888 [0s]	0 [0s]	12.3759 [0s]	8 [0s]	0 [0s]	-8 [0s]	0 [0s]	0 [0s]	0 [0s]	0 [0s]	0 [0s]	0 [0s]	0 [0s]	0 [0s]	-1.59256e-07 [265.5s]
Max	4447.96 [150.6s]	6177.73 [150.6s]	894.835 [150.6s]	6.87549 [0s]	8.01754 [0s]	2 [101.7s]	56.8903 [150.6s]	91.5608 [150.6s]	7.09572 [150.6s]	64.1403 [0s]	8.72665 [0s]	2.90888 [0s]	359.754 [297s]	12.3759 [0s]	8 [0s]	0 [0s]	-8 [0s]	0 [0s]	0 [0s]	0 [0s]	0 [0s]	0 [0s]	0 [0s]	0 [0s]	0 [0s]	1.60187e-07 [290.4s]
Mean	3630.32	5042.11	806	6.87549	8.01754	0.325349	46.4325	82.471	5.79136	64.1403	8.72665	2.90888	178.535	12.3759	8	0	-8	0	0	0	0	0	0	0	0	3.15563e-09
Standard deviation	199.967	277.732	53.8036	1.5275e-06	3.61713e-07	0.738506	2.55761	5.50526	0.319002	2.89371e-06	nan	nan	104.274	nan	0	0	0	0	0	0	0	0	0	0	0	5.53756e-08
----------	----------	----------	----------	----------	----------	----------	----------	----------	----------	----------	----------	----------	----------	----------	----------	----------	----------	----------	----------	----------	----------	----------	----------	----------	----------	----------
0	0	0	0	6.87549	8.01754	0	0	0	0	64.1403	8.72665	2.90888	0	12.3759	8	0	-8	0	0	0	0	0	0	0	0	0
0.3	3643.06	5059.81	823.488	6.87549	8.01754	0	46.5954	84.2605	5.81169	64.1403	8.72665	2.90888	0	12.3759	8	0	-8	0	0	0	0	0	0	0	0	1.30385e-08
0.6	3644.14	5061.3	823.739	6.87549	8.01754	0	46.6092	84.2861	5.8134	64.1403	8.72665	2.90888	12.3759	12.3759	8	0	-8	0	0	0	0	0	0	0	0	-2.79397e-08
0.9	3644.08	5061.22	823.73	6.87549	8.01754	0	46.6084	84.2853	5.81331	64.1403	8.72665	2.90888	24.7518	12.3759	8	0	-8	0	0	0	0	0	0	0	0	-8.9407e-08
1.2	3644.03	5061.16	823.724	6.87549	8.01754	0	46.6078	84.2846	5.81323	64.1403	8.72665	2.90888	37.1277	12.3759	8	0	-8	0	0	0	0	0	0	0	0	2.79397e-08
1.5	3643.99	5061.1	823.719	6.87549	8.01754	0	46.6073	84.2841	5.81317	64.1403	8.72665	2.90888	49.5036	12.3759	8	0	-8	0	0	0	0	0	0	0	0	2.04891e-08
1.8	3643.96	5061.05	823.714	6.87549	8.01754	0	46.6069	84.2836	5.81311	64.1403	8.72665	2.90888	61.8794	12.3759	8	0	-8	0	0	0	0	0	0	0	0	3.53903e-08
2.1	3643.92	5061.01	823.71	6.87549	8.01754	0	46.6064	84.2832	5.81306	64.1403	8.72665	2.90888	74.2553	12.3759	8	0	-8	0	0	0	0	0	0	0	0	-1.49012e-08
2.4	3643.89	5060.96	823.707	6.87549	8.01754	0	46.6061	84.2829	5.81301	64.1403	8.72665	2.90888	86.6312	12.3759	8	0	-8	0	0	0	0	0	0	0	0	1.22935e-07
2.7	3643.87	5060.93	823.704	6.87549	8.01754	0	46.6057	84.2825	5.81297	64.1403	8.72665	2.90888	99.0071	12.3759	8	0	-8	0	0	0	0	0	0	0	0	-4.28408e-08
3	3643.84	5060.89	823.701	6.87549	8.01754	0	46.6054	84.2823	5.81293	64.1403	8.72665	2.90888	111.383	12.3759	8	0	-8	0	0	0	0	0	0	0	0	-4.47035e-08
3.3	3643.82	5060.86	823.698	6.87549	8.01754	0	46.6051	84.282	5.81289	64.1403	8.72665	2.90888	123.759	12.3759	8	0	-8	0	0	0	0	0	0	0	0	-9.31323e-10
3.6	3643.79	5060.82	823.696	6.87549	8.01754	0	46.6048	84.2817	5.81285	64.1403	8.72665	2.90888	136.135	12.3759	8	0	-8	0	0	0	0	0	0	0	0	-1.30385e-08
3.9	3643.77	5060.79	823.693	6.87549	8.01754	0	46.6045	84.2815	5.81282	64.1403	8.72665	2.90888	148.511	12.3759	8	0	-8	0	0	0	0	0	0	0	0	4.74975e-08
4.2	3643.75	5060.77	823.691	6.87549	8.01754	0	46.6042	84.2813	5.81278	64.1403	8.72665	2.90888	160.887	12.3759	8	0	-8	0	0	0	0	0	0	0	0	0
4.5	3643.73	5060.74	823.689	6.87549	8.01754	0	46.604	84.281	5.81275	64.1403	8.72665	2.90888	173.262	12.3759	8	0	-8	0	0	0	0	0	0	0	0	2.04891e-08
4.8	3643.71	5060.71	823.687	6.87549	8.01754	0	46.6037	84.2808	5.81272	64.1403	8.72665	2.90888	185.638	12.3759	8	0	-8	0	0	0	0	0	0	0	0	1.86265e-09
5.1	3643.69	5060.69	823.685	6.87549	8.01754	0	46.6035	84.2806	5.81269	64.1403	8.72665	2.90888	198.014	12.3759	8	0	-8	0	0	0	0	0	0	0	0	4.65661e-08
5.4	3643.68	5060.66	823.683	6.87549	8.01754	0	46.6033	84.2804	5.81266	64.1403	8.72665	2.90888	210.39	12.3759	8	0	-8	0	0	0	0	0	0	0	0	4.47035e-08
5.7	3643.66	5060.64	823.681	6.87549	8.01754	0	46.6031	84.2803	5.81264	64.1403	8.72665	2.90888	222.766	12.3759	8	0	-8	0	0	0	0	0	0	0	0	2.79397e-08
6	3643.64	5060.62	823.68	6.87549	8.01754	0	46.6029	84.2801	5.81261	64.1403	8.72665	2.90888	235.142	12.3759	8	0	-8	0	0	0	0	0	0	0	0	3.72529e-09
6.3	3643.63	5060.59	823.678	6.87549	8.01754	0	46.6027	84.2799	5.81259	64.1403	8.72665	2.90888	247.518	12.3759	8	0	-8	0	0	0	0	0	0	0	0	0
6.6	3643.61	5060.57	823.677	6.87549	8.01754	0	46.6025	84.2798	5.81256	64.1403	8.72665	2.90888	259.894	12.3759	8	0	-8	0	0	0	0	0	0	0	0	6.70552e-08
6.9	3643.6	5060.55	823.675	6.87549	8.01754	0	46.6023	84.2796	5.81254	64.1403	8.72665	2.90888	272.27	12.3759	8	0	-8	0	0	0	0	0	0	0	0	4.56348e-08
7.2	3643.59	5060.53	823.674	6.87549	8.01754	0	46.6021	84.2795	5.81252	64.1403	8.72665	2.90888	284.645	12.3759	8	0	-8	0	0	0	0	0	0	0	0	-4.56348e-08
7.5	3643.57	5060.52	823.672	6.87549	8.01754	0	46.6019	84.2793	5.8125	64.1403	8.72665	2.90888	297.021	12.3759	8	0	-8	0	0	0	0	0	0	0	0	-8.84756e-09
7.8	3643.56	5060.5	823.671	6.87549	8.01754	0	46.6018	84.2792	5.81248	64.1403	8.72665	2.90888	309.397	12.3759	8	0	-8	0	0	0	0	0	0	0	0	5.12227e-09
8.1	3643.55	5060.48	823.67	6.87549	8.01754	0	46.6016	84.279	5.81245	64.1403	8.72665	2.90888	321.773	12.3759	8	0	-8	0	0	0	0	0	0	0	0	-6.51926e-09
8.4	3643.53	5060.46	823.668	6.87549	8.01754	0	46.6014	84.2789	5.81244	64.1403	8.72665	2.90888	334.149	12.3759	8	0	-8	0	0	0	0	0	0	0	0	-5.58794e-08
8.7	3643.52	5060.45	823.667	6.87549	8.01754	0	46.6013	84.2788	5.81242	64.1403	8.72665	2.90888	346.525	12.3759	8	0	-8	0	0	0	0	0	0	0	0	-3.91155e-08
9	3643.51	5060.43	823.666	6.87549	8.01754	0	46.6012	84.2787	5.8124	64.1403	8.72665	2.90888	358.901	12.3759	8	0	-8	0	0	0	0	0	0	0	0	1.30385e-08
9.3	3643.5	5060.42	823.665	6.87549	8.01754	0	46.601	84.2786	5.81238	64.1403	8.72665	2.90888	11.2767	12.3759	8	0	-8	0	0	0	0	0	0	0	0	5.58794e-09
9.6	3643.49	5060.4	823.664	6.87549	8.01754	0	46.6009	84.2784	5.81236	64.1403	8.72665	2.90888	23.6526	12.3759	8	0	-8	0	0	0	0	0	0	0	0	-3.91155e-08
9.9	3643.48	5060.39	823.662	6.87549	8.01754	0	46.6007	84.2783	5.81235	64.1403	8.72665	2.90888	36.0285	12.3759	8	0	-8	0	0	0	0	0	0	0	0	1.08033e-07
10.2	3643.47	5060.37	823.661	6.87549	8.01754	0	46.6006	84.2782	5.81233	64.1403	8.72665	2.90888	48.4043	12.3759	8	0	-8	0	0	0	0	0	0	0	0	-1.11759e-07
10.5	3643.46	5060.36	823.66	6.87549	8.01754	0	46.6005	84.2781	5.81232	64.1403	8.72665	2.90888	60.7802	12.3759	8	0	-8	0	0	0	0	0	0	0	0	1.49012e-08
10.8	3643.45	5060.35	823.659	6.87549	8.01754	0	46.6004	84.278	5.8123	64.1403	8.72665	2.90888	73.1561	12.3759	8	0	-8	0	0	0	0	0	0	0	0	2.79397e-08
11.1	3643.44	5060.33	823.658	6.87549	8.01754	0	46.6002	84.2779	5.81229	64.1403	8.72665	2.90888	85.532	12.3759	8	0	-8	0	0	0	0	0	0	0	0	4.47035e-08
11.4	3643.43	5060.32	823.658	6.87549	8.01754	0	46.6001	84.2778	5.81227	64.1403	8.72665	2.90888	97.9079	12.3759	8	0	-8	0	0	0	0	0	0	0	0	-3.1665e-08
11.7	3643.42	5060.31	823.657	6.87549	8.01754	0	46.6	84.2777	5.81226	64.1403	8.72665	2.90888	110.284	12.3759	8	0	-8	0	0	0	0	0	0	0	0	5.58794e-09
12	3643.41	5060.3	823.656	6.87549	8.01754	0	46.5999	84.2776	5.81224	64.1403	8.72665	2.90888	122.66	12.3759	8	0	-8	0	0	0	0	0	0	0	0	1.0943e-08
12.3	3643.41	5060.29	823.655	6.87549	8.01754	0	46.5998	84.2775	5.81223	64.1403	8.72665	2.90888	135.036	12.3759	8	0	-8	0	0	0	0	0	0	0	0	-7.91624e-08
12.6	3643.4	5060.27	823.654	6.87549	8.01754	0	46.5997	84.2775	5.81222	64.1403	8.72665	2.90888	147.411	12.3759	8	0	-8	0	0	0	0	0	0	0	0	-5.30854e-08
12.9	3643.39	5060.26	823.653	6.87549	8.01754	0	46.5996	84.2774	5.81221	64.1403	8.72665	2.90888	159.787	12.3759	8	0	-8	0	0	0	0	0	0	0	0	-7.63685e-08
13.2	3643.38	5060.25	823.652	6.87549	8.01754	0	46.5995	84.2773	5.81219	64.1403	8.72665	2.90888	172.163	12.3759	8	0	-8	0	0	0	0	0	0	0	0	-1.08033e-07
13.5	3643.38	5060.24	823.652	6.87549	8.01754	0	46.5994	84.2772	5.81218	64.1403	8.72665	2.90888	184.539	12.3759	8	0	-8	0	0	0	0	0	0	0	0	4.09782e-08
13.8	3643.37	5060.23	823.651	6.87549	8.01754	0	46.5993	84.2771	5.81217	64.1403	8.72665	2.90888	196.915	12.3759	8	0	-8	0	0	0	0	0	0	0	0	1.86265e-08
14.1	3643.36	5060.22	823.65	6.87549	8.01754	0	46.5992	84.2771	5.81216	64.1403	8.72665	2.90888	209.291	12.3759	8	0	-8	0	0	0	0	0	0	0	0	6.51926e-08
14.4	3643.35	5060.21	823.649	6.87549	8.01754	0	46.5992	84.277	5.81215	64.1403	8.72665	2.90888	221.667	12.3759	8	0	-8	0	0	0	0	0	0	0	0	-6.89179e-08
14.7	3643.35	5060.21	823.649	6.87549	8.01754	0	46.5991	84.2769	5.81214	64.1403	8.72665	2.90888	234.043	12.3759	8	0	-8	0	0	0	0	0	0	0	0	1.11759e-08
15	3643.34	5060.2	823.648	6.87549	8.01754	0	46.599	84.2769	5.81213	64.1403	8.72665	2.90888	246.419	12.3759	8	0	-8	0	0	0	0	0	0	0	0	7.63685e-08
15.3	3643.34	5060.19	823.647	6.87549	8.01754	0	46.5989	84.2768	5.81212	64.1403	8.72665	2.90888	258.794	12.3759	8	0	-8	0	0	0	0	0	0	0	0	3.35276e-08
15.6	3643.33	5060.18	823.647	6.87549	8.01754	0	46.5988	84.2767	5.81211	64.1403	8.72665	2.90888	271.17	12.3759	8	0	-8	0	0	0	0	0	0	0	0	-5.7742e-08
15.9	3643.32	5060.17	823.646	6.87549	8.01754	0	46.5988	84.2767	5.8121	64.1403	8.72665	2.90888	283.546	12.3759	8	0	-8	0	0	0	0	0	0	0	0	-4.65661e-08
16.2	3643.32	5060.16	823.646	6.87549	8.01754	0	46.5987	84.2766	5.81209	64.1403	8.72665	2.90888	295.922	12.3759	8	0	-8	0	0	0	0	0	0	0	0	6.10016e-08
16.5	3643.31	5060.16	823.645	6.87549	8.01754	0	46.5986	84.2765	5.81208	64.1403	8.72665	2.90888	308.298	12.3759	8	0	-8	0	0	0	0	0	0	0	0	-7.72998e-08
16.8	3643.31	5060.15	823.644	6.87549	8.01754	0	46.5985	84.2765	5.81207	64.1403	8.72665	2.90888	320.674	12.3759	8	0	-8	0	0	0	0	0	0	0	0	-8.19564e-08
17.1	3643.3	5060.14	823.644	6.87549	8.01754	0	46.5985	84.2764	5.81206	64.1403	8.72665	2.90888	333.05	12.3759	8	0	-8	0	0	0	0	0	0	0	0	-8.9407e-08
17.4	3643.3	5060.13	823.643	6.87549	8.01754	0	46.5984	84.2764	5.81206	64.1403	8.72665	2.90888	345.426	12.3759	8	0	-8	0	0	0	0	0	0	0	0	-3.72529e-08
17.7	3643.29	5060.13	823.643	6.87549	8.01754	0	46.5983	84.2763	5.81205	64.1403	8.72665	2.90888	357.802	12.3759	8	0	-8	0	0	0	0	0	0	0	0	0
18	3643.29	5060.12	823.642	6.87549	8.01754	0	46.5983	84.2763	5.81204	64.1403	8.72665	2.90888	10.1775	12.3759	8	0	-8	0	0	0	0	0	0	0	0	4.84288e-08
18.3	3643.28	5060.11	823.642	6.87549	8.01754	0	46.5982	84.2762	5.81203	64.1403	8.72665	2.90888	22.5534	12.3759	8	0	-8	0	0	0	0	0	0	0	0	-5.96046e-08
18.6	3643.28	5060.11	823.641	6.87549	8.01754	0	46.5982	84.2762	5.81203	64.1403	8.72665	2.90888	34.9292	12.3759	8	0	-8	0	0	0	0	0	0	0	0	2.42144e-08
18.9	3643.27	5060.1	823.641	6.87549	8.01754	0	46.5981	84.2761	5.81202	64.1403	8.72665	2.90888	47.3051	12.3759	8	0	-8	0	0	0	0	0	0	0	0	-5.40167e-08
19.2	3643.27	5060.09	823.64	6.87549	8.01754	0	46.598	84.2761	5.81201	64.1403	8.72665	2.90888	59.681	12.3759	8	0	-8	0	0	0	0	0	0	0	0	-2.42144e-08
19.5	3643.26	5060.09	823.64	6.87549	8.01754	0	46.598	84.276	5.812	64.1403	8.72665	2.90888	72.0569	12.3759	8	0	-8	0	0	0	0	0	0	0	0	-2.79397e-08
19.8	3643.26	5060.08	823.639	6.87549	8.01754	0	46.5979	84.276	5.812	64.1403	8.72665	2.90888	84.4328	12.3759	8	0	-8	0	0	0	0	0	0	0	0	1.19209e-07
20.1	3643.26	5060.08	823.639	6.87549	8.01754	0	46.5979	84.2759	5.81199	64.1403	8.72665	2.90888	96.8087	12.3759	8	0	-8	0	0	0	0	0	0	0	0	4.74975e-08
20.4	3643.25	5060.07	823.639	6.87549	8.01754	0	46.5978	84.2759	5.81198	64.1403	8.72665	2.90888	109.185	12.3759	8	0	-8	0	0	0	0	0	0	0	0	3.1665e-08
20.7	3643.25	5060.07	823.638	6.87549	8.01754	0	46.5978	84.2758	5.81198	64.1403	8.72665	2.90888	121.56	12.3759	8	0	-8	0	0	0	0	0	0	0	0	-3.15486e-08
21	3643.24	5060.06	823.638	6.87549	8.01754	0	46.5977	84.2758	5.81197	64.1403	8.72665	2.90888	133.936	12.3759	8	0	-8	0	0	0	0	0	0	0	0	3.44589e-08
21.3	3643.24	5060.05	823.637	6.87549	8.01754	0	46.5977	84.2758	5.81197	64.1403	8.72665	2.90888	146.312	12.3759	8	0	-8	0	0	0	0	0	0	0	0	-1.02445e-08
21.6	3643.24	5060.05	823.637	6.87549	8.01754	0	46.5976	84.2757	5.81196	64.1403	8.72665	2.90888	158.688	12.3759	8	0	-8	0	0	0	0	0	0	0	0	6.70552e-08
21.9	3643.23	5060.04	823.637	6.87549	8.01754	0	46.5976	84.2757	5.81195	64.1403	8.72665	2.90888	171.064	12.3759	8	0	-8	0	0	0	0	0	0	0	0	5.96046e-08
22.2	3643.23	5060.04	823.636	6.87549	8.01754	0	46.5975	84.2756	5.81195	64.1403	8.72665	2.90888	183.44	12.3759	8	0	-8	0	0	0	0	0	0	0	0	3.72529e-08
22.5	3643.23	5060.03	823.636	6.87549	8.01754	0	46.5975	84.2756	5.81194	64.1403	8.72665	2.90888	195.816	12.3759	8	0	-8	0	0	0	0	0	0	0	0	-2.04891e-08
22.8	3643.22	5060.03	823.635	6.87549	8.01754	0	46.5975	84.2756	5.81194	64.1403	8.72665	2.90888	208.192	12.3759	8	0	-8	0	0	0	0	0	0	0	0	5.7742e-08
23.1	3643.22	5060.03	823.635	6.87549	8.01754	0	46.5974	84.2755	5.81193	64.1403	8.72665	2.90888	220.568	12.3759	8	0	-8	0	0	0	0	0	0	0	0	4.09782e-08
23.4	3643.22	5060.02	823.635	6.87549	8.01754	0	46.5974	84.2755	5.81193	64.1403	8.72665	2.90888	232.943	12.3759	8	0	-8	0	0	0	0	0	0	0	0	-9.12696e-08
23.7	3643.21	5060.02	823.634	6.87549	8.01754	0	46.5973	84.2755	5.81192	64.1403	8.72665	2.90888	245.319	12.3759	8	0	-8	0	0	0	0	0	0	0	0	1.86265e-08
24	3643.21	5060.01	823.634	6.87549	8.01754	0	46.5973	84.2754	5.81192	64.1403	8.72665	2.90888	257.695	12.3759	8	0	-8	0	0	0	0	0	0	0	0	9.31323e-09
24.3	3643.21	5060.01	823.634	6.87549	8.01754	0	46.5973	84.2754	5.81191	64.1403	8.72665	2.90888	270.071	12.3759	8	0	-8	0	0	0	0	0	0	0	0	-4.65661e-09
24.6	3643.2	5060	823.633	6.87549	8.01754	0	46.5972	84.2754	5.81191	64.1403	8.72665	2.90888	282.447	12.3759	8	0	-8	0	0	0	0	0	0	0	0	-3.44589e-08
24.9	3643.2	5060	823.633	6.87549	8.01754	0	46.5972	84.2753	5.8119	64.1403	8.72665	2.90888	294.823	12.3759	8	0	-8	0	0	0	0	0	0	0	0	9.59262e-08
25.2	3643.2	5060	823.633	6.87549	8.01754	0	46.5971	84.2753	5.8119	64.1403	8.72665	2.90888	307.199	12.3759	8	0	-8	0	0	0	0	0	0	0	0	-3.77186e-08
25.5	3643.19	5059.99	823.633	6.87549	8.01754	0	46.5971	84.2753	5.81189	64.1403	8.72665	2.90888	319.575	12.3759	8	0	-8	0	0	0	0	0	0	0	0	-5.68107e-08
25.8	3643.19	5059.99	823.632	6.87549	8.01754	0	46.5971	84.2752	5.81189	64.1403	8.72665	2.90888	331.951	12.3759	8	0	-8	0	0	0	0	0	0	0	0	-3.72529e-09
26.1	3643.19	5059.98	823.632	6.87549	8.01754	0	46.597	84.2752	5.81188	64.1403	8.72665	2.90888	344.326	12.3759	8	0	-8	0	0	0	0	0	0	0	0	-2.04891e-08
26.4	3643.19	5059.98	823.632	6.87549	8.01754	0	46.597	84.2752	5.81188	64.1403	8.72665	2.90888	356.702	12.3759	8	0	-8	0	0	0	0	0	0	0	0	-2.23517e-08
26.7	3643.18	5059.98	823.631	6.87549	8.01754	0	46.597	84.2751	5.81188	64.1403	8.72665	2.90888	9.07825	12.3759	8	0	-8	0	0	0	0	0	0	0	0	-9.31323e-08
27	3643.18	5059.97	823.631	6.87549	8.01754	0	46.5969	84.2751	5.81187	64.1403	8.72665	2.90888	21.4541	12.3759	8	0	-8	0	0	0	0	0	0	0	0	5.7742e-08
27.3	3643.18	5059.97	823.631	6.87549	8.01754	0	46.5969	84.2751	5.81187	64.1403	8.72665	2.90888	33.83	12.3759	8	0	-8	0	0	0	0	0	0	0	0	9.31323e-09
27.6	3643.18	5059.97	823.631	6.87549	8.01754	0	46.5969	84.2751	5.81186	64.1403	8.72665	2.90888	46.2059	12.3759	8	0	-8	0	0	0	0	0	0	0	0	7.63685e-08
27.9	3643.17	5059.96	823.63	6.87549	8.01754	0	46.5968	84.275	5.81186	64.1403	8.72665	2.90888	58.5818	12.3759	8	0	-8	0	0	0	0	0	0	0	0	-4.84288e-08
28.2	3643.17	5059.96	823.63	6.87549	8.01754	0	46.5968	84.275	5.81186	64.1403	8.72665	2.90888	70.9577	12.3759	8	0	-8	0	0	0	0	0	0	0	0	3.91155e-08
28.5	3643.17	5059.96	823.63	6.87549	8.01754	0	46.5968	84.275	5.81185	64.1403	8.72665	2.90888	83.3336	12.3759	8	0	-8	0	0	0	0	0	0	0	0	9.31323e-08
28.8	3643.17	5059.95	823.63	6.87549	8.01754	0	46.5968	84.275	5.81185	64.1403	8.72665	2.90888	95.7095	12.3759	8	0	-8	0	0	0	0	0	0	0	0	4.47035e-08
29.1	3643.16	5059.95	823.629	6.87549	8.01754	0	46.5967	84.2749	5.81185	64.1403	8.72665	2.90888	108.085	12.3759	8	0	-8	0	0	0	0	0	0	0	0	1.08499e-07
29.4	3643.16	5059.95	823.629	6.87549	8.01754	0	46.5967	84.2749	5.81184	64.1403	8.72665	2.90888	120.461	12.3759	8	0	-8	0	0	0	0	0	0	0	0	-7.79401e-08
29.7	3643.16	5059.94	823.629	6.87549	8.01754	0	46.5967	84.2749	5.81184	64.1403	8.72665	2.90888	132.837	12.3759	8	0	-8	0	0	0	0	0	0	0	0	-2.09548e-08
30	3643.16	5059.94	823.629	6.87549	8.01754	0	46.5966	84.2749	5.81184	64.1403	8.72665	2.90888	145.213	12.3759	8	0	-8	0	0	0	0	0	0	0	0	8.00937e-08
30.3	3643.16	5059.94	823.629	6.87549	8.01754	0	46.5966	84.2748	5.81183	64.1403	8.72665	2.90888	157.589	12.3759	8	0	-8	0	0	0	0	0	0	0	0	-5.58794e-08
30.6	3643.15	5059.94	823.628	6.87549	8.01754	0	46.5966	84.2748	5.81183	64.1403	8.72665	2.90888	169.965	12.3759	8	0	-8	0	0	0	0	0	0	0	0	1.19209e-07
30.9	3643.15	5059.93	823.628	6.87549	8.01754	0	46.5966	84.2748	5.81183	64.1403	8.72665	2.90888	182.341	12.3759	8	0	-8	0	0	0	0	0	0	0	0	2.42144e-08
31.2	3643.15	5059.93	823.628	6.87549	8.01754	0	46.5965	84.2748	5.81182	64.1403	8.72665	2.90888	194.717	12.3759	8	0	-8	0	0	0	0	0	0	0	0	-3.1665e-08
31.5	3643.15	5059.93	823.628	6.87549	8.01754	0	46.5965	84.2748	5.81182	64.1403	8.72665	2.90888	207.092	12.3759	8	0	-8	0	0	0	0	0	0	0	0	2.23517e-08
31.8	3643.15	5059.92	823.627	6.87549	8.01754	0	46.5965	84.2747	5.81182	64.1403	8.72665	2.90888	219.468	12.3759	8	0	-8	0	0	0	0	0	0	0	0	1.28523e-07
32.1	3643.14	5059.92	823.627	6.87549	8.01754	0	46.5965	84.2747	5.81181	64.1403	8.72665	2.90888	231.844	12.3759	8	0	-8	0	0	0	0	0	0	0	0	7.45058e-08
32.4	3643.14	5059.92	823.627	6.87549	8.01754	0	46.5964	84.2747	5.81181	64.1403	8.72665	2.90888	244.22	12.3759	8	0	-8	0	0	0	0	0	0	0	0	-5.58794e-09
32.7	3643.14	5059.92	823.627	6.87549	8.01754	0	46.5964	84.2747	5.81181	64.1403	8.72665	2.90888	256.596	12.3759	8	0	-8	0	0	0	0	0	0	0	0	-7.07805e-08
33	3643.14	5059.91	823.627	6.87549	8.01754	0	46.5964	84.2747	5.81181	64.1403	8.72665	2.90888	268.972	12.3759	8	0	-8	0	0	0	0	0	0	0	0	8.19564e-08
33.3	3643.14	5059.91	823.627	6.87549	8.01754	0	46.5964	84.2746	5.8118	64.1403	8.72665	2.90888	281.348	12.3759	8	0	-8	0	0	0	0	0	0	0	0	-1.76951e-08
33.6	3643.14	5059.91	823.626	6.87549	8.01754	0	46.5964	84.2746	5.8118	64.1403	8.72665	2.90888	293.724	12.3759	8	0	-8	0	0	0	0	0	0	0	0	3.74857e-08
33.9	3643.13	5059.91	823.626	6.87549	8.01754	0	46.5963	84.2746	5.8118	64.1403	8.72665	2.90888	306.1	12.3759	8	0	-8	0	0	0	0	0	0	0	0	8.03266e-08
34.2	3643.13	5059.91	823.626	6.87549	8.01754	0	46.5963	84.2746	5.81179	64.1403	8.72665	2.90888	318.475	12.3759	8	0	-8	0	0	0	0	0	0	0	0	2.14204e-08
34.5	3643.13	5059.9	823.626	6.87549	8.01754	0	46.5963	84.2746	5.81179	64.1403	8.72665	2.90888	330.851	12.3759	8	0	-8	0	0	0	0	0	0	0	0	1.19209e-07
34.8	3643.13	5059.9	823.626	6.87549	8.01754	0	46.5963	84.2746	5.81179	64.1403	8.72665	2.90888	343.227	12.3759	8	0	-8	0	0	0	0	0	0	0	0	9.87202e-08
35.1	3643.13	5059.9	823.626	6.87549	8.01754	0	46.5962	84.2745	5.81179	64.1403	8.72665	2.90888	355.603	12.3759	8	0	-8	0	0	0	0	0	0	0	0	1.49012e-08
35.4	3643.13	5059.9	823.625	6.87549	8.01754	0	46.5962	84.2745	5.81178	64.1403	8.72665	2.90888	7.97904	12.3759	8	0	-8	0	0	0	0	0	0	0	0	-3.53903e-08
35.7	3643.12	5059.89	823.625	6.87549	8.01754	0	46.5962	84.2745	5.81178	64.1403	8.72665	2.90888	20.3549	12.3759	8	0	-8	0	0	0	0	0	0	0	0	-9.31323e-08
36	3643.12	5059.89	823.625	6.87549	8.01754	0	46.5962	84.2745	5.81178	64.1403	8.72665	2.90888	32.7308	12.3759	8	0	-8	0	0	0	0	0	0	0	0	-8.19564e-08
36.3	3643.12	5059.89	823.625	6.87549	8.01754	0	46.5962	84.2745	5.81178	64.1403	8.72665	2.90888	45.1067	12.3759	8	0	-8	0	0	0	0	0	0	0	0	-2.42144e-08
36.6	3643.12	5059.89	823.625	6.87549	8.01754	0	46.5962	84.2745	5.81178	64.1403	8.72665	2.90888	57.4826	12.3759	8	0	-8	0	0	0	0	0	0	0	0	-6.33299e-08
36.9	3643.12	5059.89	823.625	6.87549	8.01754	0	46.5961	84.2744	5.81177	64.1403	8.72665	2.90888	69.8585	12.3759	8	0	-8	0	0	0	0	0	0	0	0	5.21541e-08
37.2	3643.12	5059.88	823.624	6.87549	8.01754	0	46.5961	84.2744	5.81177	64.1403	8.72665	2.90888	82.2344	12.3759	8	0	-8	0	0	0	0	0	0	0	0	1.67638e-08
37.5	3643.12	5059.88	823.624	6.87549	8.01754	0	46.5961	84.2744	5.81177	64.1403	8.72665	2.90888	94.6103	12.3759	8	0	-8	0	0	0	0	0	0	0	0	-5.58794e-09
37.8	3643.11	5059.88	823.624	6.87549	8.01754	0	46.5961	84.2744	5.81177	64.1403	8.72665	2.90888	106.986	12.3759	8	0	-8	0	0	0	0	0	0	0	0	6.47269e-08
38.1	3643.11	5059.88	823.624	6.87549	8.01754	0	46.5961	84.2744	5.81176	64.1403	8.72665	2.90888	119.362	12.3759	8	0	-8	0	0	0	0	0	0	0	0	-7.0695e-09
38.4	3643.11	5059.88	823.624	6.87549	8.01754	0	46.596	84.2744	5.81176	64.1403	8.72665	2.90888	131.738	12.3759	8	0	-8	0	0	0	0	0	0	0	0	-7.63685e-08
38.7	3643.11	5059.88	823.624	6.87549	8.01754	0	46.596	84.2744	5.81176	64.1403	8.72665	2.90888	144.114	12.3759	8	0	-8	0	0	0	0	0	0	0	0	-3.1665e-08
39	3643.11	5059.87	823.624	6.87549	8.01754	0	46.596	84.2743	5.81176	64.1403	8.72665	2.90888	156.49	12.3759	8	0	-8	0	0	0	0	0	0	0	0	-2.04891e-08
39.3	3643.11	5059.87	823.623	6.87549	8.01754	0	46.596	84.2743	5.81176	64.1403	8.72665	2.90888	168.866	12.3759	8	0	-8	0	0	0	0	0	0	0	0	1.2666e-07
39.6	3643.11	5059.87	823.623	6.87549	8.01754	0	46.596	84.2743	5.81175	64.1403	8.72665	2.90888	181.241	12.3759	8	0	-8	0	0	0	0	0	0	0	0	-3.91155e-08
39.9	3643.11	5059.87	823.623	6.87549	8.01754	0	46.596	84.2743	5.81175	64.1403	8.72665	2.90888	193.617	12.3759	8	0	-8	0	0	0	0	0	0	0	0	8.19564e-08
40.2	3643.1	5059.87	823.623	6.87549	8.01754	0	46.596	84.2743	5.81175	64.1403	8.72665	2.90888	205.993	12.3759	8	0	-8	0	0	0	0	0	0	0	0	4.84288e-08
40.5	3643.1	5059.86	823.623	6.87549	8.01754	0	46.5959	84.2743	5.81175	64.1403	8.72665	2.90888	218.369	12.3759	8	0	-8	0	0	0	0	0	0	0	0	-3.72529e-08
40.8	3643.1	5059.86	823.623	6.87549	8.01754	0	46.5959	84.2743	5.81175	64.1403	8.72665	2.90888	230.745	12.3759	8	0	-8	0	0	0	0	0	0	0	0	1.86265e-09
41.1	3643.1	5059.86	823.623	6.87549	8.01754	0	46.5959	84.2743	5.81174	64.1403	8.72665	2.90888	243.121	12.3759	8	0	-8	0	0	0	0	0	0	0	0	-6.51926e-08
41.4	3643.1	5059.86	823.623	6.87549	8.01754	0	46.5959	84.2742	5.81174	64.1403	8.72665	2.90888	255.497	12.3759	8	0	-8	0	0	0	0	0	0	0	0	-2.04891e-08
41.7	3643.1	5059.86	823.623	6.87549	8.01754	0	46.5959	84.2742	5.81174	64.1403	8.72665	2.90888	267.873	12.3759	8	0	-8	0	0	0	0	0	0	0	0	1.30385e-08
42	3643.1	5059.86	823.622	6.87549	8.01754	0	46.5959	84.2742	5.81174	64.1403	8.72665	2.90888	280.249	12.3759	8	0	-8	0	0	0	0	0	0	0	0	-6.0536e-08
42.3	3643.1	5059.86	823.622	6.87549	8.01754	0	46.5959	84.2742	5.81174	64.1403	8.72665	2.90888	292.624	12.3759	8	0	-8	0	0	0	0	0	0	0	0	1.93249e-08
42.6	3643.1	5059.85	823.622	6.87549	8.01754	0	46.5958	84.2742	5.81174	64.1403	8.72665	2.90888	305	12.3759	8	0	-8	0	0	0	0	0	0	0	0	-2.95695e-08
42.9	3643.09	5059.85	823.622	6.87549	8.01754	0	46.5958	84.2742	5.81173	64.1403	8.72665	2.90888	317.376	12.3759	8	0	-8	0	0	0	0	0	0	0	0	-6.61239e-08
43.2	3643.09	5059.85	823.622	6.87549	8.01754	0	46.5958	84.2742	5.81173	64.1403	8.72665	2.90888	329.752	12.3759	8	0	-8	0	0	0	0	0	0	0	0	5.21541e-08
43.5	3643.09	5059.85	823.622	6.87549	8.01754	0	46.5958	84.2742	5.81173	64.1403	8.72665	2.90888	342.128	12.3759	8	0	-8	0	0	0	0	0	0	0	0	-3.91155e-08
43.8	3643.09	5059.85	823.622	6.87549	8.01754	0	46.5958	84.2742	5.81173	64.1403	8.72665	2.90888	354.504	12.3759	8	0	-8	0	0	0	0	0	0	0	0	-7.26432e-08
44.1	3643.09	5059.85	823.622	6.87549	8.01754	0	46.5958	84.2741	5.81173	64.1403	8.72665	2.90888	6.87982	12.3759	8	0	-8	0	0	0	0	0	0	0	0	-3.53903e-08
44.4	3643.09	5059.85	823.622	6.87549	8.01754	0	46.5958	84.2741	5.81173	64.1403	8.72665	2.90888	19.2557	12.3759	8	0	-8	0	0	0	0	0	0	0	0	-4.28408e-08
44.7	3643.09	5059.84	823.621	6.87549	8.01754	0	46.5958	84.2741	5.81173	64.1403	8.72665	2.90888	31.6316	12.3759	8	0	-8	0	0	0	0	0	0	0	0	5.58794e-09
45	3643.09	5059.84	823.621	6.87549	8.01754	0	46.5957	84.2741	5.81172	64.1403	8.72665	2.90888	44.0075	12.3759	8	0	-8	0	0	0	0	0	0	0	0	-6.70552e-08
45.3	3643.09	5059.84	823.621	6.87549	8.01754	0	46.5957	84.2741	5.81172	64.1403	8.72665	2.90888	56.3834	12.3759	8	0	-8	0	0	0	0	0	0	0	0	5.21541e-08
45.6	3643.09	5059.84	823.621	6.87549	8.01754	0	46.5957	84.2741	5.81172	64.1403	8.72665	2.90888	68.7593	12.3759	8	0	-8	0	0	0	0	0	0	0	0	3.72529e-09
45.9	3643.08	5059.84	823.621	6.87549	8.01754	0	46.5957	84.2741	5.81172	64.1403	8.72665	2.90888	81.1352	12.3759	8	0	-8	0	0	0	0	0	0	0	0	7.63685e-08
46.2	3643.08	5059.84	823.621	6.87549	8.01754	0	46.5957	84.2741	5.81172	64.1403	8.72665	2.90888	93.511	12.3759	8	0	-8	0	0	0	0	0	0	0	0	-9.31323e-09
46.5	3643.08	5059.84	823.621	6.87549	8.01754	0	46.5957	84.2741	5.81172	64.1403	8.72665	2.90888	105.887	12.3759	8	0	-8	0	0	0	0	0	0	0	0	-1.39698e-08
46.8	3643.08	5059.84	823.621	6.87549	8.01754	0	46.5957	84.2741	5.81172	64.1403	8.72665	2.90888	118.263	12.3759	8	0	-8	0	0	0	0	0	0	0	0	-1.07568e-07
47.1	3643.08	5059.84	823.621	6.87549	8.01754	0	46.5957	84.2741	5.81171	64.1403	8.72665	2.90888	130.639	12.3759	8	0	-8	0	0	0	0	0	0	0	0	-5.07571e-08
47.4	3643.08	5059.83	823.621	6.87549	8.01754	0	46.5957	84.274	5.81171	64.1403	8.72665	2.90888	143.015	12.3759	8	0	-8	0	0	0	0	0	0	0	0	2.70084e-08
47.7	3643.08	5059.83	823.621	6.87549	8.01754	0	46.5956	84.274	5.81171	64.1403	8.72665	2.90888	155.39	12.3759	8	0	-8	0	0	0	0	0	0	0	0	-6.33299e-08
48	3643.08	5059.83	823.62	6.87549	8.01754	0	46.5956	84.274	5.81171	64.1403	8.72665	2.90888	167.766	12.3759	8	0	-8	0	0	0	0	0	0	0	0	5.96046e-08
48.3	3643.08	5059.83	823.62	6.87549	8.01754	0	46.5956	84.274	5.81171	64.1403	8.72665	2.90888	180.142	12.3759	8	0	-8	0	0	0	0	0	0	0	0	-5.58794e-09
48.6	3643.08	5059.83	823.62	6.87549	8.01754	0	46.5956	84.274	5.81171	64.1403	8.72665	2.90888	192.518	12.3759	8	0	-8	0	0	0	0	0	0	0	0	7.45058e-08
48.9	3643.08	5059.83	823.62	6.87549	8.01754	0	46.5956	84.274	5.81171	64.1403	8.72665	2.90888	204.894	12.3759	8	0	-8	0	0	0	0	0	0	0	0	-2.6077e-08
49.2	3643.08	5059.83	823.62	6.87549	8.01754	0	46.5956	84.274	5.81171	64.1403	8.72665	2.90888	217.27	12.3759	8	0	-8	0	0	0	0	0	0	0	0	7.07805e-08
49.5	3643.08	5059.83	823.62	6.87549	8.01754	0	46.5956	84.274	5.8117	64.1403	8.72665	2.90888	229.646	12.3759	8	0	-8	0	0	0	0	0	0	0	0	2.42144e-08
49.8	3643.07	5059.83	823.62	6.87549	8.01754	0	46.5956	84.274	5.8117	64.1403	8.72665	2.90888	242.022	12.3759	8	0	-8	0	0	0	0	0	0	0	0	6.14673e-08
50.1	3643.07	5059.82	823.62	6.87549	8.01754	0	46.5956	84.274	5.8117	64.1403	8.72665	2.90888	254.398	12.3759	8	0	-8	0	0	0	0	0	0	0	0	7.45058e-09
50.4	3643.07	5059.82	823.62	6.87549	8.01754	0	46.5956	84.274	5.8117	64.1403	8.72665	2.90888	266.773	12.3759	8	0	-8	0	0	0	0	0	0	0	0	-7.63685e-08
50.7	3643.07	5059.82	823.62	6.87549	8.01754	0	46.5955	84.274	5.8117	64.1403	8.72665	2.90888	279.149	12.3759	8	0	-8	0	0	0	0	0	0	0	0	-7.26432e-08
51	3643.07	5059.82	823.62	6.87549	8.01754	0	46.5955	84.274	5.8117	64.1403	8.72665	2.90888	291.525	12.3759	8	0	-8	0	0	0	0	0	0	0	0	-6.42613e-08
51.3	3643.07	5059.82	823.62	6.87549	8.01754	0	46.5955	84.2739	5.8117	64.1403	8.72665	2.90888	303.901	12.3759	8	0	-8	0	0	0	0	0	0	0	0	-5.37839e-08
51.6	3643.07	5059.82	823.62	6.87549	8.01754	0	46.5955	84.2739	5.8117	64.1403	8.72665	2.90888	316.277	12.3759	8	0	-8	0	0	0	0	0	0	0	0	1.39698e-08
51.9	3643.07	5059.82	823.62	6.87549	8.01754	0	46.5955	84.2739	5.8117	64.1403	8.72665	2.90888	328.653	12.3759	8	0	-8	0	0	0	0	0	0	0	0	-6.42613e-08
52.2	3643.07	5059.82	823.619	6.87549	8.01754	0	46.5955	84.2739	5.81169	64.1403	8.72665	2.90888	341.029	12.3759	8	0	-8	0	0	0	0	0	0	0	0	9.31323e-08
52.5	3643.07	5059.82	823.619	6.87549	8.01754	0	46.5955	84.2739	5.81169	64.1403	8.72665	2.90888	353.405	12.3759	8	0	-8	0	0	0	0	0	0	0	0	2.98023e-08
52.8	3643.07	5059.82	823.619	6.87549	8.01754	0	46.5955	84.2739	5.81169	64.1403	8.72665	2.90888	5.78061	12.3759	8	0	-8	0	0	0	0	0	0	0	0	1.49012e-08
53.1	3643.07	5059.82	823.619	6.87549	8.01754	0	46.5955	84.2739	5.81169	64.1403	8.72665	2.90888	18.1565	12.3759	8	0	-8	0	0	0	0	0	0	0	0	2.04891e-08
53.4	3643.07	5059.81	823.619	6.87549	8.01754	0	46.5955	84.2739	5.81169	64.1403	8.72665	2.90888	30.5324	12.3759	8	0	-8	0	0	0	0	0	0	0	0	2.6077e-08
53.7	3643.07	5059.81	823.619	6.87549	8.01754	0	46.5955	84.2739	5.81169	64.1403	8.72665	2.90888	42.9083	12.3759	8	0	-8	0	0	0	0	0	0	0	0	2.42144e-08
54	3643.07	5059.81	823.619	6.87549	8.01754	0	46.5955	84.2739	5.81169	64.1403	8.72665	2.90888	55.2842	12.3759	8	0	-8	0	0	0	0	0	0	0	0	3.35276e-08
54.3	3643.06	5059.81	823.619	6.87549	8.01754	0	46.5955	84.2739	5.81169	64.1403	8.72665	2.90888	67.6601	12.3759	8	0	-8	0	0	0	0	0	0	0	0	0
54.6	3643.06	5059.81	823.619	6.87549	8.01754	0	46.5954	84.2739	5.81169	64.1403	8.72665	2.90888	80.0359	12.3759	8	0	-8	0	0	0	0	0	0	0	0	5.21541e-08
54.9	3643.06	5059.81	823.619	6.87549	8.01754	0	46.5954	84.2739	5.81169	64.1403	8.72665	2.90888	92.4118	12.3759	8	0	-8	0	0	0	0	0	0	0	0	6.98492e-08
55.2	3643.06	5059.81	823.619	6.87549	8.01754	0	46.5954	84.2739	5.81168	64.1403	8.72665	2.90888	104.788	12.3759	8	0	-8	0	0	0	0	0	0	0	0	-5.7742e-08
55.5	3643.06	5059.81	823.619	6.87549	8.01754	0	46.5954	84.2739	5.81168	64.1403	8.72665	2.90888	117.164	12.3759	8	0	-8	0	0	0	0	0	0	0	0	-2.14204e-08
55.8	3643.06	5059.81	823.619	6.87549	8.01754	0	46.5954	84.2738	5.81168	64.1403	8.72665	2.90888	129.54	12.3759	8	0	-8	0	0	0	0	0	0	0	0	1.30385e-08
56.1	3643.06	5059.81	823.619	6.87549	8.01754	0	46.5954	84.2738	5.81168	64.1403	8.72665	2.90888	141.915	12.3759	8	0	-8	0	0	0	0	0	0	0	0	-3.81842e-08
56.4	3643.06	5059.81	823.619	6.87549	8.01754	0	46.5954	84.2738	5.81168	64.1403	8.72665	2.90888	154.291	12.3759	8	0	-8	0	0	0	0	0	0	0	0	6.70552e-08
56.7	3643.06	5059.81	823.619	6.87549	8.01754	0	46.5954	84.2738	5.81168	64.1403	8.72665	2.90888	166.667	12.3759	8	0	-8	0	0	0	0	0	0	0	0	-2.23517e-08
57	3643.06	5059.81	823.619	6.87549	8.01754	0	46.5954	84.2738	5.81168	64.1403	8.72665	2.90888	179.043	12.3759	8	0	-8	0	0	0	0	0	0	0	0	3.72529e-09
57.3	3643.06	5059.8	823.618	6.87549	8.01754	0	46.5954	84.2738	5.81168	64.1403	8.72665	2.90888	191.419	12.3759	8	0	-8	0	0	0	0	0	0	0	0	5.02914e-08
57.6	3643.06	5059.8	823.618	6.87549	8.01754	0	46.5954	84.2738	5.81168	64.1403	8.72665	2.90888	203.795	12.3759	8	0	-8	0	0	0	0	0	0	0	0	-3.53903e-08
57.9	3643.06	5059.8	823.618	6.87549	8.01754	0	46.5954	84.2738	5.81168	64.1403	8.72665	2.90888	216.171	12.3759	8	0	-8	0	0	0	0	0	0	0	0	-3.53903e-08
58.2	3643.06	5059.8	823.618	6.87549	8.01754	0	46.5954	84.2738	5.81168	64.1403	8.72665	2.90888	228.547	12.3759	8	0	-8	0	0	0	0	0	0	0	0	7.45058e-08
58.5	3643.06	5059.8	823.618	6.87549	8.01754	0	46.5954	84.2738	5.81168	64.1403	8.72665	2.90888	240.923	12.3759	8	0	-8	0	0	0	0	0	0	0	0	-3.72529e-08
58.8	3643.06	5059.8	823.618	6.87549	8.01754	0	46.5954	84.2738	5.81168	64.1403	8.72665	2.90888	253.298	12.3759	8	0	-8	0	0	0	0	0	0	0	0	1.86265e-09
59.1	3643.06	5059.8	823.618	6.87549	8.01754	0	46.5953	84.2738	5.81167	64.1403	8.72665	2.90888	265.674	12.3759	8	0	-8	0	0	0	0	0	0	0	0	1.86265e-09
59.4	3643.06	5059.8	823.618	6.87549	8.01754	0	46.5953	84.2738	5.81167	64.1403	8.72665	2.90888	278.05	12.3759	8	0	-8	0	0	0	0	0	0	0	0	-8.00937e-08
59.7	3643.06	5059.8	823.618	6.87549	8.01754	0	46.5953	84.2738	5.81167	64.1403	8.72665	2.90888	290.426	12.3759	8	0	-8	0	0	0	0	0	0	0	0	-2.32831e-09
60	3643.06	5059.8	823.618	6.87549	8.01754	0	46.5953	84.2738	5.81167	64.1403	8.72665	2.90888	302.802	12.3759	8	0	-8	0	0	0	0	0	0	0	0	3.45754e-08
60.3	3643.05	5059.8	823.618	6.87549	8.01754	0	46.5953	84.2738	5.81167	64.1403	8.72665	2.90888	315.178	12.3759	8	0	-8	0	0	0	0	0	0	0	0	2.23517e-08
60.6	3643.05	5059.8	823.618	6.87549	8.01754	0	46.5953	84.2738	5.81167	64.1403	8.72665	2.90888	327.554	12.3759	8	0	-8	0	0	0	0	0	0	0	0	1.49012e-08
60.9	3643.05	5059.8	823.618	6.87549	8.01754	0	46.5953	84.2738	5.81167	64.1403	8.72665	2.90888	339.93	12.3759	8	0	-8	0	0	0	0	0	0	0	0	4.28408e-08
61.2	3643.05	5059.8	823.618	6.87549	8.01754	0	46.5953	84.2738	5.81167	64.1403	8.72665	2.90888	352.306	12.3759	8	0	-8	0	0	0	0	0	0	0	0	-2.42144e-08
61.5	3643.05	5059.8	823.618	6.87549	8.01754	0	46.5953	84.2738	5.81167	64.1403	8.72665	2.90888	4.6814	12.3759	8	0	-8	0	0	0	0	0	0	0	0	1.30385e-08
61.8	3643.05	5059.8	823.618	6.87549	8.01754	0	46.5953	84.2737	5.81167	64.1403	8.72665	2.90888	17.0573	12.3759	8	0	-8	0	0	0	0	0	0	0	0	-3.91155e-08
62.1	3643.05	5059.79	823.618	6.87549	8.01754	0	46.5953	84.2737	5.81167	64.1403	8.72665	2.90888	29.4332	12.3759	8	0	-8	0	0	0	0	0	0	0	0	1.86265e-08
62.4	3643.05	5059.79	823.618	6.87549	8.01754	0	46.5953	84.2737	5.81167	64.1403	8.72665	2.90888	41.8091	12.3759	8	0	-8	0	0	0	0	0	0	0	0	-2.6077e-08
62.7	3643.05	5059.79	823.618	6.87549	8.01754	0	46.5953	84.2737	5.81167	64.1403	8.72665	2.90888	54.185	12.3759	8	0	-8	0	0	0	0	0	0	0	0	-1.49012e-08
63	3643.05	5059.79	823.618	6.87549	8.01754	0	46.5953	84.2737	5.81167	64.1403	8.72665	2.90888	66.5608	12.3759	8	0	-8	0	0	0	0	0	0	0	0	9.12696e-08
63.3	3643.05	5059.79	823.618	6.87549	8.01754	0	46.5953	84.2737	5.81167	64.1403	8.72665	2.90888	78.9367	12.3759	8	0	-8	0	0	0	0	0	0	0	0	-9.31323e-09
63.6	3643.05	5059.79	823.618	6.87549	8.01754	0	46.5953	84.2737	5.81166	64.1403	8.72665	2.90888	91.3126	12.3759	8	0	-8	0	0	0	0	0	0	0	0	1.13621e-07
63.9	3643.05	5059.79	823.617	6.87549	8.01754	0	46.5953	84.2737	5.81166	64.1403	8.72665	2.90888	103.689	12.3759	8	0	-8	0	0	0	0	0	0	0	0	1.22003e-07
64.2	3643.05	5059.79	823.617	6.87549	8.01754	0	46.5953	84.2737	5.81166	64.1403	8.72665	2.90888	116.064	12.3759	8	0	-8	0	0	0	0	0	0	0	0	-3.60887e-09
64.5	3643.05	5059.79	823.617	6.87549	8.01754	0	46.5953	84.2737	5.81166	64.1403	8.72665	2.90888	128.44	12.3759	8	0	-8	0	0	0	0	0	0	0	0	-8.3819e-09
64.8	3643.05	5059.79	823.617	6.87549	8.01754	0	46.5952	84.2737	5.81166	64.1403	8.72665	2.90888	140.816	12.3759	8	0	-8	0	0	0	0	0	0	0	0	1.58325e-08
65.1	3643.05	5059.79	823.617	6.87549	8.01754	0	46.5952	84.2737	5.81166	64.1403	8.72665	2.90888	153.192	12.3759	8	0	-8	0	0	0	0	0	0	0	0	-3.1665e-08
65.4	3643.05	5059.79	823.617	6.87549	8.01754	0	46.5952	84.2737	5.81166	64.1403	8.72665	2.90888	165.568	12.3759	8	0	-8	0	0	0	0	0	0	0	0	-2.04891e-08
65.7	3643.05	5059.79	823.617	6.87549	8.01754	0	46.5952	84.2737	5.81166	64.1403	8.72665	2.90888	177.944	12.3759	8	0	-8	0	0	0	0	0	0	0	0	7.45058e-08
66	3643.05	5059.79	823.617	6.87549	8.01754	0	46.5952	84.2737	5.81166	64.1403	8.72665	2.90888	190.32	12.3759	8	0	-8	0	0	0	0	0	0	0	0	5.58794e-09
66.3	3643.05	5059.79	823.617	6.87549	8.01754	0	46.5952	84.2737	5.81166	64.1403	8.72665	2.90888	202.696	12.3759	8	0	-8	0	0	0	0	0	0	0	0	4.65661e-08
66.6	3643.05	5059.79	823.617	6.87549	8.01754	0	46.5952	84.2737	5.81166	64.1403	8.72665	2.90888	215.072	12.3759	8	0	-8	0	0	0	0	0	0	0	0	8.19564e-08
66.9	3643.05	5059.79	823.617	6.87549	8.01754	0	46.5952	84.2737	5.81166	64.1403	8.72665	2.90888	227.447	12.3759	8	0	-8	0	0	0	0	0	0	0	0	2.79397e-08
67.2	3643.05	5059.79	823.617	6.87549	8.01754	0	46.5952	84.2737	5.81166	64.1403	8.72665	2.90888	239.823	12.3759	8	0	-8	0	0	0	0	0	0	0	0	3.72529e-09
67.5	3643.05	5059.79	823.617	6.87549	8.01754	0	46.5952	84.2737	5.81166	64.1403	8.72665	2.90888	252.199	12.3759	8	0	-8	0	0	0	0	0	0	0	0	3.1665e-08
67.8	3643.05	5059.79	823.617	6.87549	8.01754	0	46.5952	84.2737	5.81166	64.1403	8.72665	2.90888	264.575	12.3759	8	0	-8	0	0	0	0	0	0	0	0	0
68.1	3643.05	5059.79	823.617	6.87549	8.01754	0	46.5952	84.2737	5.81166	64.1403	8.72665	2.90888	276.951	12.3759	8	0	-8	0	0	0	0	0	0	0	0	-6.79865e-08
68.4	3643.05	5059.78	823.617	6.87549	8.01754	0	46.5952	84.2737	5.81166	64.1403	8.72665	2.90888	289.327	12.3759	8	0	-8	0	0	0	0	0	0	0	0	-5.58794e-09
68.7	3643.05	5059.78	823.617	6.87549	8.01754	0	46.5952	84.2737	5.81166	64.1403	8.72665	2.90888	301.703	12.3759	8	0	-8	0	0	0	0	0	0	0	0	-7.98609e-08
69	3643.04	5059.78	823.617	6.87549	8.01754	0	46.5952	84.2737	5.81166	64.1403	8.72665	2.90888	314.079	12.3759	8	0	-8	0	0	0	0	0	0	0	0	6.51926e-09
69.3	3643.04	5059.78	823.617	6.87549	8.01754	0	46.5952	84.2737	5.81165	64.1403	8.72665	2.90888	326.455	12.3759	8	0	-8	0	0	0	0	0	0	0	0	1.08965e-07
69.6	3643.04	5059.78	823.617	6.87549	8.01754	0	46.5952	84.2737	5.81165	64.1403	8.72665	2.90888	338.83	12.3759	8	0	-8	0	0	0	0	0	0	0	0	-4.09782e-08
69.9	3643.04	5059.78	823.617	6.87549	8.01754	0	46.5952	84.2737	5.81165	64.1403	8.72665	2.90888	351.206	12.3759	8	0	-8	0	0	0	0	0	0	0	0	-2.6077e-08
70.2	3643.04	5059.78	823.617	6.87549	8.01754	0	46.5952	84.2737	5.81165	64.1403	8.72665	2.90888	3.58218	12.3759	8	0	-8	0	0	0	0	0	0	0	0	2.98023e-08
70.5	3643.04	5059.78	823.617	6.87549	8.01754	0	46.5952	84.2736	5.81165	64.1403	8.72665	2.90888	15.9581	12.3759	8	0	-8	0	0	0	0	0	0	0	0	-4.28408e-08
70.8	3643.04	5059.78	823.617	6.87549	8.01754	0	46.5952	84.2736	5.81165	64.1403	8.72665	2.90888	28.334	12.3759	8	0	-8	0	0	0	0	0	0	0	0	-8.19564e-08
71.1	3643.04	5059.78	823.617	6.87549	8.01754	0	46.5952	84.2736	5.81165	64.1403	8.72665	2.90888	40.7099	12.3759	8	0	-8	0	0	0	0	0	0	0	0	8.56817e-08
71.4	3643.04	5059.78	823.617	6.87549	8.01754	0	46.5952	84.2736	5.81165	64.1403	8.72665	2.90888	53.0857	12.3759	8	0	-8	0	0	0	0	0	0	0	0	-2.98023e-08
71.7	3643.04	5059.78	823.617	6.87549	8.01754	0	46.5952	84.2736	5.81165	64.1403	8.72665	2.90888	65.4616	12.3759	8	0	-8	0	0	0	0	0	0	0	0	7.45058e-09
72	3643.04	5059.78	823.617	6.87549	8.01754	0	46.5952	84.2736	5.81165	64.1403	8.72665	2.90888	77.8375	12.3759	8	0	-8	0	0	0	0	0	0	0	0	3.72529e-08
72.3	3643.04	5059.78	823.617	6.87549	8.01754	0	46.5952	84.2736	5.81165	64.1403	8.72665	2.90888	90.2134	12.3759	8	0	-8	0	0	0	0	0	0	0	0	3.91155e-08
72.6	3643.04	5059.78	823.617	6.87549	8.01754	0	46.5952	84.2736	5.81165	64.1403	8.72665	2.90888	102.589	12.3759	8	0	-8	0	0	0	0	0	0	0	0	-7.54371e-08
72.9	3643.04	5059.78	823.617	6.87549	8.01754	0	46.5952	84.2736	5.81165	64.1403	8.72665	2.90888	114.965	12.3759	8	0	-8	0	0	0	0	0	0	0	0	4.19095e-09
73.2	3643.04	5059.78	823.617	6.87549	8.01754	0	46.5951	84.2736	5.81165	64.1403	8.72665	2.90888	127.341	12.3759	8	0	-8	0	0	0	0	0	0	0	0	5.6345e-08
73.5	3643.04	5059.78	823.617	6.87549	8.01754	0	46.5951	84.2736	5.81165	64.1403	8.72665	2.90888	139.717	12.3759	8	0	-8	0	0	0	0	0	0	0	0	1.86265e-09
73.8	3643.04	5059.78	823.617	6.87549	8.01754	0	46.5951	84.2736	5.81165	64.1403	8.72665	2.90888	152.093	12.3759	8	0	-8	0	0	0	0	0	0	0	0	5.02914e-08
74.1	3643.04	5059.78	823.616	6.87549	8.01754	0	46.5951	84.2736	5.81165	64.1403	8.72665	2.90888	164.469	12.3759	8	0	-8	0	0	0	0	0	0	0	0	2.79397e-08
74.4	3643.04	5059.78	823.616	6.87549	8.01754	0	46.5951	84.2736	5.81165	64.1403	8.72665	2.90888	176.845	12.3759	8	0	-8	0	0	0	0	0	0	0	0	5.96046e-08
74.7	3643.04	5059.78	823.616	6.87549	8.01754	0	46.5951	84.2736	5.81165	64.1403	8.72665	2.90888	189.221	12.3759	8	0	-8	0	0	0	0	0	0	0	0	5.21541e-08
75	3643.04	5059.78	823.616	6.87549	8.01754	0	46.5951	84.2736	5.81165	64.1403	8.72665	2.90888	201.596	12.3759	8	0	-8	0	0	0	0	0	0	0	0	-6.89179e-08
75.3	3643.04	5059.78	823.616	6.87549	8.01754	0	46.5951	84.2736	5.81165	64.1403	8.72665	2.90888	213.972	12.3759	8	0	-8	0	0	0	0	0	0	0	0	1.86265e-09
75.6	3643.04	5059.78	823.616	6.87549	8.01754	0	46.5951	84.2736	5.81165	64.1403	8.72665	2.90888	226.348	12.3759	8	0	-8	0	0	0	0	0	0	0	0	3.91155e-08
75.9	3643.04	5059.78	823.616	6.87549	8.01754	0	46.5951	84.2736	5.81165	64.1403	8.72665	2.90888	238.724	12.3759	8	0	-8	0	0	0	0	0	0	0	0	9.31323e-08
76.2	3643.04	5059.78	823.616	6.87549	8.01754	0	46.5951	84.2736	5.81165	64.1403	8.72665	2.90888	251.1	12.3759	8	0	-8	0	0	0	0	0	0	0	0	-8.19564e-08
76.5	3643.04	5059.78	823.616	6.87549	8.01754	0	46.5951	84.2736	5.81165	64.1403	8.72665	2.90888	263.476	12.3759	8	0	-8	0	0	0	0	0	0	0	0	-9.31323e-09
76.8	3643.04	5059.78	823.616	6.87549	8.01754	0	46.5951	84.2736	5.81165	64.1403	8.72665	2.90888	275.852	12.3759	8	0	-8	0	0	0	0	0	0	0	0	6.51926e-09
77.1	3643.04	5059.78	823.616	6.87549	8.01754	0	46.5951	84.2736	5.81165	64.1403	8.72665	2.90888	288.228	12.3759	8	0	-8	0	0	0	0	0	0	0	0	2.32831e-08
77.4	3643.04	5059.77	823.616	6.87549	8.01754	0	46.5951	84.2736	5.81164	64.1403	8.72665	2.90888	300.604	12.3759	8	0	-8	0	0	0	0	0	0	0	0	-4.65661e-09
77.7	3643.04	5059.77	823.616	6.87549	8.01754	0	46.5951	84.2736	5.81164	64.1403	8.72665	2.90888	312.979	12.3759	8	0	-8	0	0	0	0	0	0	0	0	6.1933e-08
78	3643.04	5059.77	823.616	6.87549	8.01754	0	46.5951	84.2736	5.81164	64.1403	8.72665	2.90888	325.355	12.3759	8	0	-8	0	0	0	0	0	0	0	0	-3.63216e-08
78.3	3643.04	5059.77	823.616	6.87549	8.01754	0	46.5951	84.2736	5.81164	64.1403	8.72665	2.90888	337.731	12.3759	8	0	-8	0	0	0	0	0	0	0	0	-2.98023e-08
78.6	3643.04	5059.77	823.616	6.87549	8.01754	0	46.5951	84.2736	5.81164	64.1403	8.72665	2.90888	350.107	12.3759	8	0	-8	0	0	0	0	0	0	0	0	1.30385e-08
78.9	3643.04	5059.77	823.616	6.87549	8.01754	0	46.5951	84.2736	5.81164	64.1403	8.72665	2.90888	2.48297	12.3759	8	0	-8	0	0	0	0	0	0	0	0	6.51926e-08
79.2	3643.04	5059.77	823.616	6.87549	8.01754	0	46.5951	84.2736	5.81164	64.1403	8.72665	2.90888	14.8589	12.3759	8	0	-8	0	0	0	0	0	0	0	0	3.72529e-09
79.5	3643.04	5059.77	823.616	6.87549	8.01754	0	46.5951	84.2736	5.81164	64.1403	8.72665	2.90888	27.2347	12.3759	8	0	-8	0	0	0	0	0	0	0	0	2.23517e-08
79.8	3643.04	5059.77	823.616	6.87549	8.01754	0	46.5951	84.2736	5.81164	64.1403	8.72665	2.90888	39.6106	12.3759	8	0	-8	0	0	0	0	0	0	0	0	4.28408e-08
80.1	3643.04	5059.77	823.616	6.87549	8.01754	0	46.5951	84.2736	5.81164	64.1403	8.72665	2.90888	51.9865	12.3759	8	0	-8	0	0	0	0	0	0	0	0	-1.49012e-08
80.4	3643.04	5059.77	823.616	6.87549	8.01754	0	46.5951	84.2736	5.81164	64.1403	8.72665	2.90888	64.3624	12.3759	8	0	-8	0	0	0	0	0	0	0	0	3.72529e-08
80.7	3643.04	5059.77	823.616	6.87549	8.01754	0	46.5951	84.2736	5.81164	64.1403	8.72665	2.90888	76.7383	12.3759	8	0	-8	0	0	0	0	0	0	0	0	-9.68575e-08
81	3643.04	5059.77	823.616	6.87549	8.01754	0	46.5951	84.2736	5.81164	64.1403	8.72665	2.90888	89.1142	12.3759	8	0	-8	0	0	0	0	0	0	0	0	-3.1665e-08
81.3	3643.04	5059.77	823.616	6.87549	8.01754	0	46.5951	84.2736	5.81164	64.1403	8.72665	2.90888	101.49	12.3759	8	0	-8	0	0	0	0	0	0	0	0	-1.21072e-08
81.6	3643.04	5059.77	823.616	6.87549	8.01754	0	46.5951	84.2736	5.81164	64.1403	8.72665	2.90888	113.866	12.3759	8	0	-8	0	0	0	0	0	0	0	0	9.52277e-08
81.9	3643.04	5059.77	823.616	6.87549	8.01754	0	46.5951	84.2736	5.81164	64.1403	8.72665	2.90888	126.242	12.3759	8	0	-8	0	0	0	0	0	0	0	0	-9.31323e-10
82.2	3643.04	5059.77	823.616	6.87549	8.01754	0	46.5951	84.2736	5.81164	64.1403	8.72665	2.90888	138.618	12.3759	8	0	-8	0	0	0	0	0	0	0	0	2.42144e-08
82.5	3643.04	5059.77	823.616	6.87549	8.01754	0	46.5951	84.2736	5.81164	64.1403	8.72665	2.90888	150.994	12.3759	8	0	-8	0	0	0	0	0	0	0	0	5.58794e-08
82.8	3643.04	5059.77	823.616	6.87549	8.01754	0	46.5951	84.2736	5.81164	64.1403	8.72665	2.90888	163.37	12.3759	8	0	-8	0	0	0	0	0	0	0	0	2.23517e-08
83.1	3643.04	5059.77	823.616	6.87549	8.01754	0	46.5951	84.2736	5.81164	64.1403	8.72665	2.90888	175.745	12.3759	8	0	-8	0	0	0	0	0	0	0	0	1.546e-07
83.4	3643.03	5059.77	823.616	6.87549	8.01754	0	46.5951	84.2736	5.81164	64.1403	8.72665	2.90888	188.121	12.3759	8	0	-8	0	0	0	0	0	0	0	0	-6.70552e-08
83.7	3643.03	5059.77	823.616	6.87549	8.01754	0	46.5951	84.2736	5.81164	64.1403	8.72665	2.90888	200.497	12.3759	8	0	-8	0	0	0	0	0	0	0	0	2.04891e-08
84	3643.03	5059.77	823.616	6.87549	8.01754	0	46.5951	84.2736	5.81164	64.1403	8.72665	2.90888	212.873	12.3759	8	0	-8	0	0	0	0	0	0	0	0	-1.49012e-08
84.3	3643.03	5059.77	823.616	6.87549	8.01754	0	46.5951	84.2736	5.81164	64.1403	8.72665	2.90888	225.249	12.3759	8	0	-8	0	0	0	0	0	0	0	0	4.47035e-08
84.6	3643.03	5059.77	823.616	6.87549	8.01754	0	46.5951	84.2736	5.81164	64.1403	8.72665	2.90888	237.625	12.3759	8	0	-8	0	0	0	0	0	0	0	0	-3.72529e-09
84.9	3643.03	5059.77	823.616	6.87549	8.01754	0	46.5951	84.2736	5.81164	64.1403	8.72665	2.90888	250.001	12.3759	8	0	-8	0	0	0	0	0	0	0	0	-1.11759e-07
85.2	3643.03	5059.77	823.616	6.87549	8.01754	0	46.5951	84.2736	5.81164	64.1403	8.72665	2.90888	262.377	12.3759	8	0	-8	0	0	0	0	0	0	0	0	-3.72529e-08
85.5	3643.03	5059.77	823.616	6.87549	8.01754	0	46.5951	84.2735	5.81164	64.1403	8.72665	2.90888	274.753	12.3759	8	0	-8	0	0	0	0	0	0	0	0	3.25963e-08
85.8	3643.03	5059.77	823.616	6.87549	8.01754	0	46.5951	84.2735	5.81164	64.1403	8.72665	2.90888	287.128	12.3759	8	0	-8	0	0	0	0	0	0	0	0	2.7474e-08
86.1	3643.03	5059.77	823.616	6.87549	8.01754	0	46.5951	84.2735	5.81164	64.1403	8.72665	2.90888	299.504	12.3759	8	0	-8	0	0	0	0	0	0	0	0	8.28659e-08
86.4	3643.03	5059.77	823.616	6.87549	8.01754	0	46.5951	84.2735	5.81164	64.1403	8.72665	2.90888	311.88	12.3759	8	0	-8	0	0	0	0	0	0	0	0	5.12227e-09
86.7	3643.03	5059.77	823.616	6.87549	8.01754	0	46.595	84.2735	5.81164	64.1403	8.72665	2.90888	324.256	12.3759	8	0	-8	0	0	0	0	0	0	0	0	6.51926e-09
87	3643.03	5059.77	823.616	6.87549	8.01754	0	46.595	84.2735	5.81164	64.1403	8.72665	2.90888	336.632	12.3759	8	0	-8	0	0	0	0	0	0	0	0	8.56817e-08
87.3	3643.03	5059.77	823.616	6.87549	8.01754	0	46.595	84.2735	5.81164	64.1403	8.72665	2.90888	349.008	12.3759	8	0	-8	0	0	0	0	0	0	0	0	2.79397e-08
87.6	3643.03	5059.77	823.616	6.87549	8.01754	0	46.595	84.2735	5.81164	64.1403	8.72665	2.90888	1.38376	12.3759	8	0	-8	0	0	0	0	0	0	0	0	9.31323e-09
87.9	3643.03	5059.77	823.616	6.87549	8.01754	0	46.595	84.2735	5.81164	64.1403	8.72665	2.90888	13.7596	12.3759	8	0	-8	0	0	0	0	0	0	0	0	6.14673e-08
88.2	3643.03	5059.77	823.616	6.87549	8.01754	0	46.595	84.2735	5.81164	64.1403	8.72665	2.90888	26.1355	12.3759	8	0	-8	0	0	0	0	0	0	0	0	-8.19564e-08
88.5	3643.03	5059.77	823.616	6.87549	8.01754	0	46.595	84.2735	5.81164	64.1403	8.72665	2.90888	38.5114	12.3759	8	0	-8	0	0	0	0	0	0	0	0	-6.89179e-08
88.8	3643.03	5059.77	823.616	6.87549	8.01754	0	46.595	84.2735	5.81164	64.1403	8.72665	2.90888	50.8873	12.3759	8	0	-8	0	0	0	0	0	0	0	0	-5.58794e-08
89.1	3643.03	5059.77	823.616	6.87549	8.01754	0	46.595	84.2735	5.81164	64.1403	8.72665	2.90888	63.2632	12.3759	8	0	-8	0	0	0	0	0	0	0	0	2.6077e-08
89.4	3643.03	5059.77	823.616	6.87549	8.01754	0	46.595	84.2735	5.81164	64.1403	8.72665	2.90888	75.6391	12.3759	8	0	-8	0	0	0	0	0	0	0	0	-1.49012e-08
89.7	3643.03	5059.77	823.616	6.87549	8.01754	0	46.595	84.2735	5.81164	64.1403	8.72665	2.90888	88.015	12.3759	8	0	-8	0	0	0	0	0	0	0	0	5.02914e-08
90	3643.03	5059.77	823.616	6.87549	8.01754	0	46.595	84.2735	5.81164	64.1403	8.72665	2.90888	100.391	12.3759	8	0	-8	0	0	0	0	0	0	0	0	9.40636e-08
90.3	3643.03	5059.77	823.616	6.87549	8.01754	0	46.595	84.2735	5.81164	64.1403	8.72665	2.90888	112.767	12.3759	8	0	-8	0	0	0	0	0	0	0	0	3.91155e-08
90.6	3643.03	5059.77	823.616	6.87549	8.01754	0	46.595	84.2735	5.81164	64.1403	8.72665	2.90888	125.143	12.3759	8	0	-8	0	0	0	0	0	0	0	0	9.40636e-08
90.9	3643.03	5059.77	823.616	6.87549	8.01754	0	46.595	84.2735	5.81163	64.1403	8.72665	2.90888	137.519	12.3759	8	0	-8	0	0	0	0	0	0	0	0	-1.39698e-08
91.2	3643.03	5059.77	823.616	6.87549	8.01754	0	46.595	84.2735	5.81163	64.1403	8.72665	2.90888	149.894	12.3759	8	0	-8	0	0	0	0	0	0	0	0	5.21541e-08
91.5	3643.03	5059.77	823.616	6.87549	8.01754	0	46.595	84.2735	5.81163	64.1403	8.72665	2.90888	162.27	12.3759	8	0	-8	0	0	0	0	0	0	0	0	6.89179e-08
91.8	3643.03	5059.77	823.616	6.87549	8.01754	0	46.595	84.2735	5.81163	64.1403	8.72665	2.90888	174.646	12.3759	8	0	-8	0	0	0	0	0	0	0	0	1.86265e-08
92.1	3643.03	5059.77	823.616	6.87549	8.01754	0	46.595	84.2735	5.81163	64.1403	8.72665	2.90888	187.022	12.3759	8	0	-8	0	0	0	0	0	0	0	0	-5.58794e-08
92.4	3643.03	5059.77	823.616	6.87549	8.01754	0	46.595	84.2735	5.81163	64.1403	8.72665	2.90888	199.398	12.3759	8	0	-8	0	0	0	0	0	0	0	0	5.02914e-08
92.7	3643.03	5059.77	823.616	6.87549	8.01754	0	46.595	84.2735	5.81163	64.1403	8.72665	2.90888	211.774	12.3759	8	0	-8	0	0	0	0	0	0	0	0	5.21541e-08
93	3643.03	5059.77	823.616	6.87549	8.01754	0	46.595	84.2735	5.81163	64.1403	8.72665	2.90888	224.15	12.3759	8	0	-8	0	0	0	0	0	0	0	0	1.04308e-07
93.3	3643.03	5059.77	823.616	6.87549	8.01754	0	46.595	84.2735	5.81163	64.1403	8.72665	2.90888	236.526	12.3759	8	0	-8	0	0	0	0	0	0	0	0	0
93.6	3643.03	5059.76	823.616	6.87549	8.01754	0	46.595	84.2735	5.81163	64.1403	8.72665	2.90888	248.902	12.3759	8	0	-8	0	0	0	0	0	0	0	0	7.82311e-08
93.9	3643.03	5059.76	823.616	6.87549	8.01754	0	46.595	84.2735	5.81163	64.1403	8.72665	2.90888	261.277	12.3759	8	0	-8	0	0	0	0	0	0	0	0	5.40167e-08
94.2	3643.03	5059.76	823.615	6.87549	8.01754	0	46.595	84.2735	5.81163	64.1403	8.72665	2.90888	273.653	12.3759	8	0	-8	0	0	0	0	0	0	0	0	-2.6077e-08
94.5	3643.03	5059.76	823.615	6.87549	8.01754	0	46.595	84.2735	5.81163	64.1403	8.72665	2.90888	286.029	12.3759	8	0	-8	0	0	0	0	0	0	0	0	-2.18861e-08
94.8	3643.03	5059.76	823.615	6.87549	8.01754	0	46.595	84.2735	5.81163	64.1403	8.72665	2.90888	298.405	12.3759	8	0	-8	0	0	0	0	0	0	0	0	6.85686e-08
95.1	3643.03	5059.76	823.615	6.87549	8.01754	0	46.595	84.2735	5.81163	64.1403	8.72665	2.90888	310.781	12.3759	8	0	-8	0	0	0	0	0	0	0	0	-1.07568e-07
95.4	3643.03	5059.76	823.615	6.87549	8.01754	0	46.595	84.2735	5.81163	64.1403	8.72665	2.90888	323.157	12.3759	8	0	-8	0	0	0	0	0	0	0	0	8.56817e-08
95.7	3643.03	5059.76	823.615	6.87549	8.01754	0	46.595	84.2735	5.81163	64.1403	8.72665	2.90888	335.533	12.3759	8	0	-8	0	0	0	0	0	0	0	0	3.72529e-09
96	3643.03	5059.76	823.615	6.87549	8.01754	0	46.595	84.2735	5.81163	64.1403	8.72665	2.90888	347.909	12.3759	8	0	-8	0	0	0	0	0	0	0	0	1.86265e-08
96.3	3643.03	5059.76	823.615	6.87549	8.01754	0	46.595	84.2735	5.81163	64.1403	8.72665	2.90888	0.284544	12.3759	8	0	-8	0	0	0	0	0	0	0	0	3.72529e-08
96.6	3643.03	5059.76	823.615	6.87549	8.01754	0	46.595	84.2735	5.81163	64.1403	8.72665	2.90888	12.6604	12.3759	8	0	-8	0	0	0	0	0	0	0	0	-8.75443e-08
96.9	3643.03	5059.76	823.615	6.87549	8.01754	0	46.595	84.2735	5.81163	64.1403	8.72665	2.90888	25.0363	12.3759	8	0	-8	0	0	0	0	0	0	0	0	5.58794e-08
97.2	3643.03	5059.76	823.615	6.87549	8.01754	0	46.595	84.2735	5.81163	64.1403	8.72665	2.90888	37.4122	12.3759	8	0	-8	0	0	0	0	0	0	0	0	2.98023e-08
97.5	3643.03	5059.76	823.615	6.87549	8.01754	0	46.595	84.2735	5.81163	64.1403	8.72665	2.90888	49.7881	12.3759	8	0	-8	0	0	0	0	0	0	0	0	6.14673e-08
97.8	3643.03	5059.76	823.615	6.87549	8.01754	0	46.595	84.2735	5.81163	64.1403	8.72665	2.90888	62.164	12.3759	8	0	-8	0	0	0	0	0	0	0	0	8.19564e-08
98.1	3643.03	5059.76	823.615	6.87549	8.01754	0	46.595	84.2735	5.81163	64.1403	8.72665	2.90888	74.5399	12.3759	8	0	-8	0	0	0	0	0	0	0	0	-3.1665e-08
98.4	3643.03	5059.76	823.615	6.87549	8.01754	0	46.595	84.2735	5.81163	64.1403	8.72665	2.90888	86.9158	12.3759	8	0	-8	0	0	0	0	0	0	0	0	7.45058e-09
98.7	3643.03	5059.76	823.615	6.87549	8.01754	0	46.595	84.2735	5.81163	64.1403	8.72665	2.90888	99.2917	12.3759	8	0	-8	0	0	0	0	0	0	0	0	-8.19564e-08
99	3643.03	5059.76	823.615	6.87549	8.01754	0	46.595	84.2735	5.81163	64.1403	8.72665	2.90888	111.668	12.3759	8	0	-8	0	0	0	0	0	0	0	0	5.12227e-08
99.3	3643.03	5059.76	823.615	6.87549	8.01754	0	46.595	84.2735	5.81163	64.1403	8.72665	2.90888	124.043	12.3759	8	0	-8	0	0	0	0	0	0	0	0	6.96164e-08
99.6	3643.03	5059.76	823.615	6.87549	8.01754	0	46.595	84.2735	5.81163	64.1403	8.72665	2.90888	136.419	12.3759	8	0	-8	0	0	0	0	0	0	0	0	1.86265e-08
99.9	3643.03	5059.76	823.615	6.87549	8.01754	0	46.595	84.2735	5.81163	64.1403	8.72665	2.90888	148.795	12.3759	8	0	-8	0	0	0	0	0	0	0	0	2.70084e-08
100.2	3643.03	5059.76	823.615	6.87549	8.01754	0	46.595	84.2735	5.81163	64.1403	8.72665	2.90888	161.171	12.3759	8	0	-8	0	0	0	0	0	0	0	0	-1.11759e-08
100.5	3643.03	5059.76	823.615	6.87549	8.01754	0	46.595	84.2735	5.81163	64.1403	8.72665	2.90888	173.547	12.3759	8	0	-8	0	0	0	0	0	0	0	0	-7.63685e-08
100.8	3643.03	5059.76	823.615	6.87549	8.01754	0	46.595	84.2735	5.81163	64.1403	8.72665	2.90888	185.923	12.3759	8	0	-8	0	0	0	0	0	0	0	0	-5.40167e-08
101.1	3643.03	5059.76	823.615	6.87549	8.01754	0	46.595	84.2735	5.81163	64.1403	8.72665	2.90888	198.299	12.3759	8	0	-8	0	0	0	0	0	0	0	0	-6.70552e-08
101.4	3643.03	5059.76	823.615	6.87549	8.01754	0	46.595	84.2735	5.81163	64.1403	8.72665	2.90888	210.675	12.3759	8	0	-8	0	0	0	0	0	0	0	0	1.2666e-07
101.7	2811.39	3904.7	644.919	6.87549	8.01754	2	35.9581	65.989	4.48493	64.1403	8.72665	2.90888	223.051	12.3759	8	0	-8	0	0	0	0	0	0	0	0	-2.42144e-08
102	2843.93	3949.9	649.044	6.87549	8.01754	2	36.3743	66.4111	4.53684	64.1403	8.72665	2.90888	235.426	12.3759	8	0	-8	0	0	0	0	0	0	0	0	7.82311e-08
102.3	2870.83	3987.26	652.141	6.87549	8.01754	2	36.7184	66.728	4.57976	64.1403	8.72665	2.90888	247.802	12.3759	8	0	-8	0	0	0	0	0	0	0	0	6.14673e-08
102.6	2894.95	4020.77	654.781	6.87549	8.01754	2	37.027	66.9982	4.61825	64.1403	8.72665	2.90888	260.178	12.3759	8	0	-8	0	0	0	0	0	0	0	0	-9.31323e-09
102.9	2917.27	4051.76	657.149	6.87549	8.01754	2	37.3124	67.2405	4.65385	64.1403	8.72665	2.90888	272.554	12.3759	8	0	-8	0	0	0	0	0	0	0	0	-2.98023e-08
103.2	2938.2	4080.84	659.327	6.87549	8.01754	2	37.5802	67.4632	4.68724	64.1403	8.72665	2.90888	284.93	12.3759	8	0	-8	0	0	0	0	0	0	0	0	-5.02914e-08
103.5	2957.98	4108.31	661.354	6.87549	8.01754	2	37.8331	67.6707	4.71879	64.1403	8.72665	2.90888	297.306	12.3759	8	0	-8	0	0	0	0	0	0	0	0	-6.52508e-08
103.8	2976.76	4134.38	663.259	6.87549	8.01754	2	38.0732	67.8656	4.74874	64.1403	8.72665	2.90888	309.682	12.3759	8	0	-8	0	0	0	0	0	0	0	0	9.49949e-08
104.1	2994.63	4159.2	665.057	6.87549	8.01754	2	38.3018	68.0496	4.77725	64.1403	8.72665	2.90888	322.058	12.3759	8	0	-8	0	0	0	0	0	0	0	0	9.22009e-08
104.4	3011.68	4182.89	666.763	6.87549	8.01754	2	38.5199	68.2241	4.80446	64.1403	8.72665	2.90888	334.434	12.3759	8	0	-8	0	0	0	0	0	0	0	0	5.58794e-08
104.7	3027.98	4205.52	668.385	6.87549	8.01754	2	38.7284	68.3901	4.83045	64.1403	8.72665	2.90888	346.809	12.3759	8	0	-8	0	0	0	0	0	0	0	0	1.86265e-08
105	3043.57	4227.18	669.93	6.87549	8.01754	2	38.9278	68.5482	4.85533	64.1403	8.72665	2.90888	359.185	12.3759	8	0	-8	0	0	0	0	0	0	0	0	5.02914e-08
105.3	3058.49	4247.9	671.405	6.87549	8.01754	2	39.1186	68.6991	4.87913	64.1403	8.72665	2.90888	11.5612	12.3759	8	0	-8	0	0	0	0	0	0	0	0	1.86265e-09
105.6	3072.79	4267.76	672.814	6.87549	8.01754	2	39.3015	68.8433	4.90194	64.1403	8.72665	2.90888	23.9371	12.3759	8	0	-8	0	0	0	0	0	0	0	0	7.45058e-08
105.9	3086.5	4286.8	674.162	6.87549	8.01754	2	39.4769	68.9813	4.92381	64.1403	8.72665	2.90888	36.313	12.3759	8	0	-8	0	0	0	0	0	0	0	0	-1.30385e-07
106.2	3099.65	4305.07	675.454	6.87549	8.01754	2	39.6451	69.1134	4.9448	64.1403	8.72665	2.90888	48.6889	12.3759	8	0	-8	0	0	0	0	0	0	0	0	-9.31323e-09
106.5	3112.28	4322.62	676.693	6.87549	8.01754	2	39.8067	69.2402	4.96495	64.1403	8.72665	2.90888	61.0648	12.3759	8	0	-8	0	0	0	0	0	0	0	0	6.89179e-08
106.8	3124.42	4339.47	677.881	6.87549	8.01754	2	39.9619	69.3617	4.9843	64.1403	8.72665	2.90888	73.4407	12.3759	8	0	-8	0	0	0	0	0	0	0	0	9.31323e-09
107.1	3136.08	4355.66	679.022	6.87549	8.01754	2	40.111	69.4785	5.00291	64.1403	8.72665	2.90888	85.8166	12.3759	8	0	-8	0	0	0	0	0	0	0	0	1.05239e-07
107.4	3147.29	4371.23	680.118	6.87549	8.01754	2	40.2544	69.5906	5.02079	64.1403	8.72665	2.90888	98.1924	12.3759	8	0	-8	0	0	0	0	0	0	0	0	1.21072e-08
107.7	3158.07	4386.21	681.171	6.87549	8.01754	2	40.3923	69.6984	5.03799	64.1403	8.72665	2.90888	110.568	12.3759	8	0	-8	0	0	0	0	0	0	0	0	3.72529e-09
108	3168.44	4400.62	682.184	6.87549	8.01754	2	40.525	69.802	5.05454	64.1403	8.72665	2.90888	122.944	12.3759	8	0	-8	0	0	0	0	0	0	0	0	-8.30041e-08
108.3	3178.43	4414.49	683.158	6.87549	8.01754	2	40.6527	69.9017	5.07047	64.1403	8.72665	2.90888	135.32	12.3759	8	0	-8	0	0	0	0	0	0	0	0	-3.67872e-08
108.6	3188.04	4427.83	684.094	6.87549	8.01754	2	40.7756	69.9975	5.0858	64.1403	8.72665	2.90888	147.696	12.3759	8	0	-8	0	0	0	0	0	0	0	0	-8.3819e-08
108.9	3197.29	4440.68	684.995	6.87549	8.01754	2	40.8939	70.0897	5.10056	64.1403	8.72665	2.90888	160.072	12.3759	8	0	-8	0	0	0	0	0	0	0	0	3.35276e-08
109.2	3206.2	4453.06	685.861	6.87549	8.01754	2	41.0079	70.1783	5.11477	64.1403	8.72665	2.90888	172.448	12.3759	8	0	-8	0	0	0	0	0	0	0	0	2.98023e-08
109.5	3214.8	4465	686.696	6.87549	8.01754	2	41.1179	70.2637	5.12849	64.1403	8.72665	2.90888	184.824	12.3759	8	0	-8	0	0	0	0	0	0	0	0	-1.67638e-08
109.8	3223.1	4476.53	687.501	6.87549	8.01754	2	41.224	70.3461	5.14173	64.1403	8.72665	2.90888	197.2	12.3759	8	0	-8	0	0	0	0	0	0	0	0	-9.49949e-08
110.1	3231.12	4487.66	688.278	6.87549	8.01754	2	41.3266	70.4256	5.15452	64.1403	8.72665	2.90888	209.575	12.3759	8	0	-8	0	0	0	0	0	0	0	0	4.09782e-08
110.4	3238.87	4498.42	689.029	6.87549	8.01754	2	41.4257	70.5024	5.16688	64.1403	8.72665	2.90888	221.951	12.3759	8	0	-8	0	0	0	0	0	0	0	0	-4.65661e-08
110.7	3246.36	4508.83	689.753	6.87549	8.01754	2	41.5215	70.5766	5.17883	64.1403	8.72665	2.90888	234.327	12.3759	8	0	-8	0	0	0	0	0	0	0	0	7.82311e-08
111	3253.6	4518.89	690.454	6.87549	8.01754	2	41.6141	70.6482	5.19038	64.1403	8.72665	2.90888	246.703	12.3759	8	0	-8	0	0	0	0	0	0	0	0	-4.09782e-08
111.3	3260.61	4528.62	691.131	6.87549	8.01754	2	41.7037	70.7175	5.20156	64.1403	8.72665	2.90888	259.079	12.3759	8	0	-8	0	0	0	0	0	0	0	0	2.42144e-08
111.6	3267.39	4538.04	691.786	6.87549	8.01754	2	41.7905	70.7846	5.21238	64.1403	8.72665	2.90888	271.455	12.3759	8	0	-8	0	0	0	0	0	0	0	0	1.11759e-08
111.9	3273.96	4547.16	692.42	6.87549	8.01754	2	41.8745	70.8494	5.22286	64.1403	8.72665	2.90888	283.831	12.3759	8	0	-8	0	0	0	0	0	0	0	0	-7.45058e-08
112.2	3280.32	4556	693.034	6.87549	8.01754	2	41.9559	70.9122	5.23301	64.1403	8.72665	2.90888	296.207	12.3759	8	0	-8	0	0	0	0	0	0	0	0	-5.73928e-08
112.5	3286.48	4564.56	693.628	6.87549	8.01754	2	42.0347	70.9731	5.24284	64.1403	8.72665	2.90888	308.583	12.3759	8	0	-8	0	0	0	0	0	0	0	0	6.51926e-08
112.8	3292.46	4572.86	694.204	6.87549	8.01754	2	42.1111	71.032	5.25238	64.1403	8.72665	2.90888	320.958	12.3759	8	0	-8	0	0	0	0	0	0	0	0	7.07805e-08
113.1	3298.26	4580.91	694.762	6.87549	8.01754	2	42.1853	71.0891	5.26162	64.1403	8.72665	2.90888	333.334	12.3759	8	0	-8	0	0	0	0	0	0	0	0	-9.59262e-08
113.4	3303.88	4588.72	695.303	6.87549	8.01754	2	42.2572	71.1444	5.27059	64.1403	8.72665	2.90888	345.71	12.3759	8	0	-8	0	0	0	0	0	0	0	0	4.84288e-08
113.7	3309.33	4596.29	695.828	6.87549	8.01754	2	42.327	71.1981	5.27929	64.1403	8.72665	2.90888	358.086	12.3759	8	0	-8	0	0	0	0	0	0	0	0	3.72529e-08
114	3314.63	4603.65	696.336	6.87549	8.01754	2	42.3947	71.2501	5.28774	64.1403	8.72665	2.90888	10.462	12.3759	8	0	-8	0	0	0	0	0	0	0	0	-3.53903e-08
114.3	3319.76	4610.78	696.829	6.87549	8.01754	2	42.4604	71.3006	5.29593	64.1403	8.72665	2.90888	22.8379	12.3759	8	0	-8	0	0	0	0	0	0	0	0	-2.23517e-08
114.6	3324.75	4617.71	697.308	6.87549	8.01754	2	42.5242	71.3496	5.30389	64.1403	8.72665	2.90888	35.2138	12.3759	8	0	-8	0	0	0	0	0	0	0	0	5.58794e-09
114.9	3329.6	4624.45	697.773	6.87549	8.01754	2	42.5862	71.3971	5.31163	64.1403	8.72665	2.90888	47.5897	12.3759	8	0	-8	0	0	0	0	0	0	0	0	-1.86265e-08
115.2	3334.32	4631	698.225	6.87549	8.01754	2	42.6465	71.4433	5.31915	64.1403	8.72665	2.90888	59.9656	12.3759	8	0	-8	0	0	0	0	0	0	0	0	-4.47035e-08
115.5	3338.9	4637.36	698.663	6.87549	8.01754	2	42.7051	71.4882	5.32646	64.1403	8.72665	2.90888	72.3415	12.3759	8	0	-8	0	0	0	0	0	0	0	0	-4.28408e-08
115.8	3343.36	4643.56	699.09	6.87549	8.01754	2	42.7622	71.5319	5.33358	64.1403	8.72665	2.90888	84.7173	12.3759	8	0	-8	0	0	0	0	0	0	0	0	8.56817e-08
116.1	3347.7	4649.59	699.505	6.87549	8.01754	2	42.8177	71.5743	5.3405	64.1403	8.72665	2.90888	97.0932	12.3759	8	0	-8	0	0	0	0	0	0	0	0	8.3819e-09
116.4	3351.93	4655.45	699.908	6.87549	8.01754	2	42.8718	71.6156	5.34724	64.1403	8.72665	2.90888	109.469	12.3759	8	0	-8	0	0	0	0	0	0	0	0	7.07805e-08
116.7	3356.04	4661.17	700.301	6.87549	8.01754	2	42.9244	71.6558	5.35381	64.1403	8.72665	2.90888	121.845	12.3759	8	0	-8	0	0	0	0	0	0	0	0	-4.92437e-08
117	3360.05	4666.73	700.683	6.87549	8.01754	2	42.9756	71.6948	5.3602	64.1403	8.72665	2.90888	134.221	12.3759	8	0	-8	0	0	0	0	0	0	0	0	-6.98492e-09
117.3	3363.95	4672.15	701.054	6.87549	8.01754	2	43.0255	71.7329	5.36642	64.1403	8.72665	2.90888	146.597	12.3759	8	0	-8	0	0	0	0	0	0	0	0	3.25963e-08
117.6	3367.75	4677.44	701.416	6.87549	8.01754	2	43.0742	71.7699	5.37249	64.1403	8.72665	2.90888	158.973	12.3759	8	0	-8	0	0	0	0	0	0	0	0	-1.86265e-08
117.9	3371.46	4682.59	701.769	6.87549	8.01754	2	43.1216	71.806	5.37841	64.1403	8.72665	2.90888	171.349	12.3759	8	0	-8	0	0	0	0	0	0	0	0	-2.42144e-08
118.2	3375.08	4687.61	702.113	6.87549	8.01754	2	43.1679	71.8412	5.38418	64.1403	8.72665	2.90888	183.724	12.3759	8	0	-8	0	0	0	0	0	0	0	0	-6.14673e-08
118.5	3378.61	4692.51	702.448	6.87549	8.01754	2	43.213	71.8755	5.38981	64.1403	8.72665	2.90888	196.1	12.3759	8	0	-8	0	0	0	0	0	0	0	0	2.42144e-08
118.8	3382.05	4697.3	702.775	6.87549	8.01754	2	43.2571	71.9089	5.3953	64.1403	8.72665	2.90888	208.476	12.3759	8	0	-8	0	0	0	0	0	0	0	0	1.11759e-08
119.1	3385.41	4701.96	703.093	6.87549	8.01754	2	43.3001	71.9415	5.40066	64.1403	8.72665	2.90888	220.852	12.3759	8	0	-8	0	0	0	0	0	0	0	0	4.09782e-08
119.4	3388.7	4706.52	703.404	6.87549	8.01754	2	43.342	71.9733	5.4059	64.1403	8.72665	2.90888	233.228	12.3759	8	0	-8	0	0	0	0	0	0	0	0	-1.00583e-07
119.7	3391.9	4710.98	703.708	6.87549	8.01754	2	43.3831	72.0044	5.41102	64.1403	8.72665	2.90888	245.604	12.3759	8	0	-8	0	0	0	0	0	0	0	0	4.65661e-08
120	3395.04	4715.33	704.004	6.87549	8.01754	2	43.4231	72.0347	5.41601	64.1403	8.72665	2.90888	257.98	12.3759	8	0	-8	0	0	0	0	0	0	0	0	-2.23517e-08
120.3	3398.1	4719.58	704.293	6.87549	8.01754	2	43.4623	72.0643	5.4209	64.1403	8.72665	2.90888	270.356	12.3759	8	0	-8	0	0	0	0	0	0	0	0	-1.58325e-08
120.6	3401.09	4723.73	704.576	6.87549	8.01754	2	43.5005	72.0932	5.42567	64.1403	8.72665	2.90888	282.732	12.3759	8	0	-8	0	0	0	0	0	0	0	0	4.65661e-10
120.9	3404.01	4727.8	704.851	6.87549	8.01754	2	43.538	72.1214	5.43034	64.1403	8.72665	2.90888	295.107	12.3759	8	0	-8	0	0	0	0	0	0	0	0	8.3819e-08
121.2	3406.87	4731.77	705.121	6.87549	8.01754	2	43.5745	72.149	5.4349	64.1403	8.72665	2.90888	307.483	12.3759	8	0	-8	0	0	0	0	0	0	0	0	-5.3551e-09
121.5	3409.67	4735.65	705.384	6.87549	8.01754	2	43.6103	72.1759	5.43935	64.1403	8.72665	2.90888	319.859	12.3759	8	0	-8	0	0	0	0	0	0	0	0	-1.58325e-08
121.8	3412.4	4739.45	705.641	6.87549	8.01754	2	43.6452	72.2022	5.44372	64.1403	8.72665	2.90888	332.235	12.3759	8	0	-8	0	0	0	0	0	0	0	0	-2.04891e-08
122.1	3415.08	4743.16	705.893	6.87549	8.01754	2	43.6795	72.228	5.44798	64.1403	8.72665	2.90888	344.611	12.3759	8	0	-8	0	0	0	0	0	0	0	0	7.45058e-09
122.4	3417.7	4746.8	706.139	6.87549	8.01754	2	43.7129	72.2532	5.45216	64.1403	8.72665	2.90888	356.987	12.3759	8	0	-8	0	0	0	0	0	0	0	0	6.14673e-08
122.7	3420.26	4750.36	706.38	6.87549	8.01754	2	43.7457	72.2778	5.45625	64.1403	8.72665	2.90888	9.36279	12.3759	8	0	-8	0	0	0	0	0	0	0	0	-4.28408e-08
123	3422.77	4753.85	706.615	6.87549	8.01754	2	43.7778	72.3019	5.46026	64.1403	8.72665	2.90888	21.7387	12.3759	8	0	-8	0	0	0	0	0	0	0	0	-8.19564e-08
123.3	3425.23	4757.26	706.846	6.87549	8.01754	2	43.8093	72.3255	5.46418	64.1403	8.72665	2.90888	34.1146	12.3759	8	0	-8	0	0	0	0	0	0	0	0	4.09782e-08
123.6	3427.64	4760.61	707.071	6.87549	8.01754	2	43.8401	72.3485	5.46802	64.1403	8.72665	2.90888	46.4905	12.3759	8	0	-8	0	0	0	0	0	0	0	0	-2.23517e-08
123.9	3430	4763.89	707.292	6.87549	8.01754	2	43.8703	72.3711	5.47179	64.1403	8.72665	2.90888	58.8664	12.3759	8	0	-8	0	0	0	0	0	0	0	0	4.47035e-08
124.2	3432.31	4767.1	707.508	6.87549	8.01754	2	43.8999	72.3933	5.47548	64.1403	8.72665	2.90888	71.2422	12.3759	8	0	-8	0	0	0	0	0	0	0	0	-4.28408e-08
124.5	3434.58	4770.25	707.72	6.87549	8.01754	2	43.9289	72.4149	5.47909	64.1403	8.72665	2.90888	83.6181	12.3759	8	0	-8	0	0	0	0	0	0	0	0	-1.49012e-08
124.8	3436.8	4773.33	707.928	6.87549	8.01754	2	43.9573	72.4362	5.48264	64.1403	8.72665	2.90888	95.994	12.3759	8	0	-8	0	0	0	0	0	0	0	0	1.38767e-07
125.1	3438.98	4776.36	708.131	6.87549	8.01754	2	43.9851	72.457	5.48611	64.1403	8.72665	2.90888	108.37	12.3759	8	0	-8	0	0	0	0	0	0	0	0	-2.56114e-08
125.4	3441.11	4779.33	708.33	6.87549	8.01754	2	44.0125	72.4774	5.48952	64.1403	8.72665	2.90888	120.746	12.3759	8	0	-8	0	0	0	0	0	0	0	0	-1.25729e-08
125.7	3443.21	4782.24	708.526	6.87549	8.01754	2	44.0393	72.4974	5.49286	64.1403	8.72665	2.90888	133.122	12.3759	8	0	-8	0	0	0	0	0	0	0	0	9.31323e-09
126	3445.27	4785.09	708.717	6.87549	8.01754	2	44.0656	72.5169	5.49614	64.1403	8.72665	2.90888	145.498	12.3759	8	0	-8	0	0	0	0	0	0	0	0	1.58325e-08
126.3	3447.28	4787.89	708.905	6.87549	8.01754	2	44.0913	72.5361	5.49936	64.1403	8.72665	2.90888	157.873	12.3759	8	0	-8	0	0	0	0	0	0	0	0	-2.79397e-08
126.6	3449.26	4790.64	709.089	6.87549	8.01754	2	44.1167	72.555	5.50252	64.1403	8.72665	2.90888	170.249	12.3759	8	0	-8	0	0	0	0	0	0	0	0	5.21541e-08
126.9	3451.2	4793.34	709.269	6.87549	8.01754	2	44.1415	72.5734	5.50561	64.1403	8.72665	2.90888	182.625	12.3759	8	0	-8	0	0	0	0	0	0	0	0	8.56817e-08
127.2	3453.11	4795.98	709.446	6.87549	8.01754	2	44.1658	72.5915	5.50865	64.1403	8.72665	2.90888	195.001	12.3759	8	0	-8	0	0	0	0	0	0	0	0	6.89179e-08
127.5	3454.98	4798.58	709.619	6.87549	8.01754	2	44.1898	72.6093	5.51163	64.1403	8.72665	2.90888	207.377	12.3759	8	0	-8	0	0	0	0	0	0	0	0	-1.2666e-07
127.8	3456.81	4801.13	709.79	6.87549	8.01754	2	44.2132	72.6267	5.51456	64.1403	8.72665	2.90888	219.753	12.3759	8	0	-8	0	0	0	0	0	0	0	0	1.00583e-07
128.1	3458.61	4803.63	709.957	6.87549	8.01754	2	44.2363	72.6438	5.51744	64.1403	8.72665	2.90888	232.129	12.3759	8	0	-8	0	0	0	0	0	0	0	0	3.53903e-08
128.4	3460.38	4806.09	710.12	6.87549	8.01754	2	44.2589	72.6605	5.52026	64.1403	8.72665	2.90888	244.505	12.3759	8	0	-8	0	0	0	0	0	0	0	0	-1.49012e-08
128.7	3462.12	4808.5	710.281	6.87549	8.01754	2	44.2811	72.677	5.52303	64.1403	8.72665	2.90888	256.881	12.3759	8	0	-8	0	0	0	0	0	0	0	0	-6.89179e-08
129	3463.83	4810.87	710.439	6.87549	8.01754	2	44.303	72.6931	5.52575	64.1403	8.72665	2.90888	269.256	12.3759	8	0	-8	0	0	0	0	0	0	0	0	-5.86733e-08
129.3	3465.5	4813.2	710.594	6.87549	8.01754	2	44.3244	72.709	5.52843	64.1403	8.72665	2.90888	281.632	12.3759	8	0	-8	0	0	0	0	0	0	0	0	-2.23517e-08
129.6	3467.15	4815.48	710.746	6.87549	8.01754	2	44.3454	72.7245	5.53105	64.1403	8.72665	2.90888	294.008	12.3759	8	0	-8	0	0	0	0	0	0	0	0	6.72881e-08
129.9	3468.76	4817.73	710.895	6.87549	8.01754	2	44.3661	72.7398	5.53363	64.1403	8.72665	2.90888	306.384	12.3759	8	0	-8	0	0	0	0	0	0	0	0	-6.72881e-08
130.2	3470.35	4819.93	711.042	6.87549	8.01754	2	44.3864	72.7548	5.53617	64.1403	8.72665	2.90888	318.76	12.3759	8	0	-8	0	0	0	0	0	0	0	0	5.86733e-08
130.5	3471.91	4822.1	711.185	6.87549	8.01754	2	44.4064	72.7695	5.53866	64.1403	8.72665	2.90888	331.136	12.3759	8	0	-8	0	0	0	0	0	0	0	0	-2.79397e-09
130.8	3473.45	4824.23	711.327	6.87549	8.01754	2	44.426	72.784	5.5411	64.1403	8.72665	2.90888	343.512	12.3759	8	0	-8	0	0	0	0	0	0	0	0	3.72529e-09
131.1	3474.96	4826.33	711.465	6.87549	8.01754	2	44.4453	72.7982	5.54351	64.1403	8.72665	2.90888	355.888	12.3759	8	0	-8	0	0	0	0	0	0	0	0	5.7742e-08
131.4	3476.44	4828.38	711.602	6.87549	8.01754	2	44.4643	72.8121	5.54587	64.1403	8.72665	2.90888	8.26358	12.3759	8	0	-8	0	0	0	0	0	0	0	0	4.09782e-08
131.7	3477.89	4830.41	711.736	6.87549	8.01754	2	44.4829	72.8258	5.54819	64.1403	8.72665	2.90888	20.6395	12.3759	8	0	-8	0	0	0	0	0	0	0	0	-2.6077e-08
132	3479.33	4832.4	711.867	6.87549	8.01754	2	44.5012	72.8393	5.55048	64.1403	8.72665	2.90888	33.0154	12.3759	8	0	-8	0	0	0	0	0	0	0	0	-9.49949e-08
132.3	3480.73	4834.35	711.997	6.87549	8.01754	2	44.5192	72.8525	5.55273	64.1403	8.72665	2.90888	45.3912	12.3759	8	0	-8	0	0	0	0	0	0	0	0	-1.11759e-08
132.6	3482.12	4836.27	712.124	6.87549	8.01754	2	44.5369	72.8655	5.55493	64.1403	8.72665	2.90888	57.7671	12.3759	8	0	-8	0	0	0	0	0	0	0	0	7.45058e-09
132.9	3483.48	4838.16	712.248	6.87549	8.01754	2	44.5543	72.8783	5.5571	64.1403	8.72665	2.90888	70.143	12.3759	8	0	-8	0	0	0	0	0	0	0	0	2.23517e-08
133.2	3484.82	4840.02	712.371	6.87549	8.01754	2	44.5714	72.8908	5.55924	64.1403	8.72665	2.90888	82.5189	12.3759	8	0	-8	0	0	0	0	0	0	0	0	2.98023e-08
133.5	3486.13	4841.85	712.492	6.87549	8.01754	2	44.5882	72.9032	5.56134	64.1403	8.72665	2.90888	94.8948	12.3759	8	0	-8	0	0	0	0	0	0	0	0	3.63216e-08
133.8	3487.42	4843.65	712.61	6.87549	8.01754	2	44.6048	72.9153	5.5634	64.1403	8.72665	2.90888	107.271	12.3759	8	0	-8	0	0	0	0	0	0	0	0	1.35507e-07
134.1	3488.7	4845.41	712.727	6.87549	8.01754	2	44.6211	72.9272	5.56543	64.1403	8.72665	2.90888	119.647	12.3759	8	0	-8	0	0	0	0	0	0	0	0	4.73083e-08
134.4	3489.95	4847.15	712.841	6.87549	8.01754	2	44.6371	72.9389	5.56742	64.1403	8.72665	2.90888	132.022	12.3759	8	0	-8	0	0	0	0	0	0	0	0	0
134.7	3491.18	4848.86	712.953	6.87549	8.01754	2	44.6528	72.9504	5.56939	64.1403	8.72665	2.90888	144.398	12.3759	8	0	-8	0	0	0	0	0	0	0	0	4.09782e-08
135	3492.39	4850.54	713.064	6.87549	8.01754	2	44.6683	72.9617	5.57132	64.1403	8.72665	2.90888	156.774	12.3759	8	0	-8	0	0	0	0	0	0	0	0	1.11759e-08
135.3	3493.58	4852.19	713.173	6.87549	8.01754	2	44.6835	72.9729	5.57322	64.1403	8.72665	2.90888	169.15	12.3759	8	0	-8	0	0	0	0	0	0	0	0	-3.1665e-08
135.6	3494.75	4853.82	713.28	6.87549	8.01754	2	44.6985	72.9838	5.57509	64.1403	8.72665	2.90888	181.526	12.3759	8	0	-8	0	0	0	0	0	0	0	0	-1.24797e-07
135.9	3495.9	4855.42	713.385	6.87549	8.01754	2	44.7132	72.9946	5.57692	64.1403	8.72665	2.90888	193.902	12.3759	8	0	-8	0	0	0	0	0	0	0	0	4.47035e-08
136.2	3497.04	4857	713.489	6.87549	8.01754	2	44.7277	73.0052	5.57873	64.1403	8.72665	2.90888	206.278	12.3759	8	0	-8	0	0	0	0	0	0	0	0	-4.84288e-08
136.5	3498.15	4858.55	713.59	6.87549	8.01754	2	44.742	73.0156	5.58051	64.1403	8.72665	2.90888	218.654	12.3759	8	0	-8	0	0	0	0	0	0	0	0	-6.14673e-08
136.8	3499.25	4860.07	713.69	6.87549	8.01754	2	44.756	73.0258	5.58227	64.1403	8.72665	2.90888	231.03	12.3759	8	0	-8	0	0	0	0	0	0	0	0	3.91155e-08
137.1	3500.33	4861.57	713.789	6.87549	8.01754	2	44.7699	73.0359	5.58399	64.1403	8.72665	2.90888	243.405	12.3759	8	0	-8	0	0	0	0	0	0	0	0	3.72529e-09
137.4	3501.39	4863.05	713.886	6.87549	8.01754	2	44.7835	73.0458	5.58568	64.1403	8.72665	2.90888	255.781	12.3759	8	0	-8	0	0	0	0	0	0	0	0	-2.23517e-08
137.7	3502.44	4864.5	713.981	6.87549	8.01754	2	44.7968	73.0555	5.58735	64.1403	8.72665	2.90888	268.157	12.3759	8	0	-8	0	0	0	0	0	0	0	0	7.72998e-08
138	3503.47	4865.93	714.075	6.87549	8.01754	2	44.81	73.0651	5.58899	64.1403	8.72665	2.90888	280.533	12.3759	8	0	-8	0	0	0	0	0	0	0	0	-6.61239e-08
138.3	3504.48	4867.34	714.167	6.87549	8.01754	2	44.823	73.0746	5.59061	64.1403	8.72665	2.90888	292.909	12.3759	8	0	-8	0	0	0	0	0	0	0	0	1.04774e-08
138.6	3505.48	4868.72	714.257	6.87549	8.01754	2	44.8357	73.0838	5.5922	64.1403	8.72665	2.90888	305.285	12.3759	8	0	-8	0	0	0	0	0	0	0	0	1.93249e-08
138.9	3506.46	4870.08	714.347	6.87549	8.01754	2	44.8483	73.093	5.59377	64.1403	8.72665	2.90888	317.661	12.3759	8	0	-8	0	0	0	0	0	0	0	0	1.02445e-08
139.2	3507.43	4871.43	714.434	6.87549	8.01754	2	44.8606	73.1019	5.59531	64.1403	8.72665	2.90888	330.037	12.3759	8	0	-8	0	0	0	0	0	0	0	0	-2.70084e-08
139.5	3508.38	4872.75	714.521	6.87549	8.01754	2	44.8728	73.1108	5.59682	64.1403	8.72665	2.90888	342.413	12.3759	8	0	-8	0	0	0	0	0	0	0	0	3.1665e-08
139.8	3509.31	4874.05	714.606	6.87549	8.01754	2	44.8847	73.1195	5.59832	64.1403	8.72665	2.90888	354.788	12.3759	8	0	-8	0	0	0	0	0	0	0	0	-3.72529e-09
140.1	3510.23	4875.32	714.689	6.87549	8.01754	2	44.8965	73.128	5.59979	64.1403	8.72665	2.90888	7.16437	12.3759	8	0	-8	0	0	0	0	0	0	0	0	-4.09782e-08
140.4	3511.14	4876.58	714.772	6.87549	8.01754	2	44.9081	73.1364	5.60123	64.1403	8.72665	2.90888	19.5403	12.3759	8	0	-8	0	0	0	0	0	0	0	0	-1.67638e-08
140.7	3512.03	4877.82	714.852	6.87549	8.01754	2	44.9195	73.1447	5.60266	64.1403	8.72665	2.90888	31.9161	12.3759	8	0	-8	0	0	0	0	0	0	0	0	-2.98023e-08
141	3512.91	4879.04	714.932	6.87549	8.01754	2	44.9308	73.1529	5.60406	64.1403	8.72665	2.90888	44.292	12.3759	8	0	-8	0	0	0	0	0	0	0	0	-9.31323e-09
141.3	3513.78	4880.24	715.01	6.87549	8.01754	2	44.9418	73.1609	5.60544	64.1403	8.72665	2.90888	56.6679	12.3759	8	0	-8	0	0	0	0	0	0	0	0	-4.09782e-08
141.6	3514.63	4881.43	715.088	6.87549	8.01754	2	44.9527	73.1688	5.60679	64.1403	8.72665	2.90888	69.0438	12.3759	8	0	-8	0	0	0	0	0	0	0	0	5.58794e-09
141.9	3515.46	4882.59	715.163	6.87549	8.01754	2	44.9634	73.1766	5.60813	64.1403	8.72665	2.90888	81.4197	12.3759	8	0	-8	0	0	0	0	0	0	0	0	-6.51926e-08
142.2	3516.29	4883.73	715.238	6.87549	8.01754	2	44.974	73.1842	5.60945	64.1403	8.72665	2.90888	93.7956	12.3759	8	0	-8	0	0	0	0	0	0	0	0	1.11759e-07
142.5	3517.1	4884.86	715.312	6.87549	8.01754	2	44.9844	73.1917	5.61074	64.1403	8.72665	2.90888	106.171	12.3759	8	0	-8	0	0	0	0	0	0	0	0	3.72529e-08
142.8	3517.9	4885.97	715.384	6.87549	8.01754	2	44.9946	73.1991	5.61202	64.1403	8.72665	2.90888	118.547	12.3759	8	0	-8	0	0	0	0	0	0	0	0	4.45289e-08
143.1	3518.69	4887.07	715.455	6.87549	8.01754	2	45.0046	73.2064	5.61327	64.1403	8.72665	2.90888	130.923	12.3759	8	0	-8	0	0	0	0	0	0	0	0	4.37722e-08
143.4	3519.46	4888.14	715.525	6.87549	8.01754	2	45.0146	73.2136	5.61451	64.1403	8.72665	2.90888	143.299	12.3759	8	0	-8	0	0	0	0	0	0	0	0	-1.00583e-07
143.7	3520.23	4889.2	715.594	6.87549	8.01754	2	45.0243	73.2206	5.61572	64.1403	8.72665	2.90888	155.675	12.3759	8	0	-8	0	0	0	0	0	0	0	0	-1.86265e-09
144	3520.98	4890.24	715.662	6.87549	8.01754	2	45.0339	73.2276	5.61692	64.1403	8.72665	2.90888	168.051	12.3759	8	0	-8	0	0	0	0	0	0	0	0	5.58794e-09
144.3	3521.72	4891.27	715.729	6.87549	8.01754	2	45.0434	73.2344	5.6181	64.1403	8.72665	2.90888	180.427	12.3759	8	0	-8	0	0	0	0	0	0	0	0	-1.30385e-08
144.6	3522.44	4892.28	715.795	6.87549	8.01754	2	45.0527	73.2411	5.61926	64.1403	8.72665	2.90888	192.803	12.3759	8	0	-8	0	0	0	0	0	0	0	0	7.07805e-08
144.9	3523.16	4893.28	715.859	6.87549	8.01754	2	45.0619	73.2478	5.62041	64.1403	8.72665	2.90888	205.179	12.3759	8	0	-8	0	0	0	0	0	0	0	0	-1.30385e-08
145.2	3523.87	4894.26	715.923	6.87549	8.01754	2	45.0709	73.2543	5.62153	64.1403	8.72665	2.90888	217.554	12.3759	8	0	-8	0	0	0	0	0	0	0	0	-5.21541e-08
145.5	3524.56	4895.22	715.986	6.87549	8.01754	2	45.0798	73.2607	5.62264	64.1403	8.72665	2.90888	229.93	12.3759	8	0	-8	0	0	0	0	0	0	0	0	7.45058e-08
145.8	3525.25	4896.17	716.048	6.87549	8.01754	2	45.0885	73.267	5.62373	64.1403	8.72665	2.90888	242.306	12.3759	8	0	-8	0	0	0	0	0	0	0	0	-2.79397e-08
146.1	3525.92	4897.11	716.108	6.87549	8.01754	2	45.0971	73.2732	5.62481	64.1403	8.72665	2.90888	254.682	12.3759	8	0	-8	0	0	0	0	0	0	0	0	1.86265e-08
146.4	3526.58	4898.03	716.168	6.87549	8.01754	2	45.1056	73.2794	5.62587	64.1403	8.72665	2.90888	267.058	12.3759	8	0	-8	0	0	0	0	0	0	0	0	-7.45058e-09
146.7	3527.24	4898.94	716.227	6.87549	8.01754	2	45.114	73.2854	5.62691	64.1403	8.72665	2.90888	279.434	12.3759	8	0	-8	0	0	0	0	0	0	0	0	8.56817e-08
147	3527.88	4899.83	716.285	6.87549	8.01754	2	45.1222	73.2913	5.62793	64.1403	8.72665	2.90888	291.81	12.3759	8	0	-8	0	0	0	0	0	0	0	0	-2.02563e-08
147.3	3528.51	4900.71	716.342	6.87549	8.01754	2	45.1303	73.2972	5.62894	64.1403	8.72665	2.90888	304.186	12.3759	8	0	-8	0	0	0	0	0	0	0	0	6.51926e-09
147.6	3529.14	4901.58	716.398	6.87549	8.01754	2	45.1383	73.3029	5.62994	64.1403	8.72665	2.90888	316.562	12.3759	8	0	-8	0	0	0	0	0	0	0	0	-3.63216e-08
147.9	3529.75	4902.43	716.454	6.87549	8.01754	2	45.1461	73.3086	5.63092	64.1403	8.72665	2.90888	328.937	12.3759	8	0	-8	0	0	0	0	0	0	0	0	7.07805e-08
148.2	3530.35	4903.27	716.508	6.87549	8.01754	2	45.1539	73.3141	5.63188	64.1403	8.72665	2.90888	341.313	12.3759	8	0	-8	0	0	0	0	0	0	0	0	-1.86265e-09
148.5	3530.95	4904.1	716.562	6.87549	8.01754	2	45.1615	73.3196	5.63283	64.1403	8.72665	2.90888	353.689	12.3759	8	0	-8	0	0	0	0	0	0	0	0	-4.65661e-08
148.8	3531.54	4904.91	716.614	6.87549	8.01754	2	45.169	73.325	5.63377	64.1403	8.72665	2.90888	6.06515	12.3759	8	0	-8	0	0	0	0	0	0	0	0	1.49012e-08
149.1	3532.11	4905.71	716.666	6.87549	8.01754	2	45.1764	73.3303	5.63469	64.1403	8.72665	2.90888	18.441	12.3759	8	0	-8	0	0	0	0	0	0	0	0	1.86265e-08
149.4	3532.68	4906.5	716.717	6.87549	8.01754	2	45.1836	73.3356	5.6356	64.1403	8.72665	2.90888	30.8169	12.3759	8	0	-8	0	0	0	0	0	0	0	0	-1.67638e-08
149.7	3533.24	4907.28	716.768	6.87549	8.01754	2	45.1908	73.3407	5.63649	64.1403	8.72665	2.90888	43.1928	12.3759	8	0	-8	0	0	0	0	0	0	0	0	-3.72529e-08
150	3533.79	4908.04	716.817	6.87549	8.01754	2	45.1978	73.3458	5.63737	64.1403	8.72665	2.90888	55.5687	12.3759	8	0	-8	0	0	0	0	0	0	0	0	4.47035e-08
150.3	3534.33	4908.8	716.866	6.87549	8.01754	2	45.2048	73.3508	5.63823	64.1403	8.72665	2.90888	67.9446	12.3759	8	0	-8	0	0	0	0	0	0	0	0	2.98023e-08
150.6	4447.96	6177.73	894.835	6.87549	8.01754	0	56.8903	91.5608	7.09572	64.1403	8.72665	2.90888	80.3205	12.3759	8	0	-8	0	0	0	0	0	0	0	0	-3.53903e-08
150.9	4403.17	6115.51	889.742	6.87549	8.01754	0	56.3173	91.0397	7.02426	64.1403	8.72665	2.90888	92.6964	12.3759	8	0	-8	0	0	0	0	0	0	0	0	-2.32831e-08
151.2	4368.29	6067.06	886.229	6.87549	8.01754	0	55.8711	90.6802	6.96861	64.1403	8.72665	2.90888	105.072	12.3759	8	0	-8	0	0	0	0	0	0	0	0	6.0536e-08
151.5	4338.25	6025.35	883.411	6.87549	8.01754	0	55.487	90.3918	6.9207	64.1403	8.72665	2.90888	117.448	12.3759	8	0	-8	0	0	0	0	0	0	0	0	4.43542e-08
151.8	4311.29	5987.9	880.988	6.87549	8.01754	0	55.1421	90.1439	6.87769	64.1403	8.72665	2.90888	129.824	12.3759	8	0	-8	0	0	0	0	0	0	0	0	-1.95578e-08
152.1	4286.59	5953.6	878.831	6.87549	8.01754	0	54.8263	89.9232	6.83829	64.1403	8.72665	2.90888	142.2	12.3759	8	0	-8	0	0	0	0	0	0	0	0	-5.30854e-08
152.4	4263.71	5921.82	876.87	6.87549	8.01754	0	54.5336	89.7225	6.80178	64.1403	8.72665	2.90888	154.576	12.3759	8	0	-8	0	0	0	0	0	0	0	0	-1.15484e-07
152.7	4242.33	5892.13	875.061	6.87549	8.01754	0	54.2602	89.5375	6.76769	64.1403	8.72665	2.90888	166.952	12.3759	8	0	-8	0	0	0	0	0	0	0	0	1.86265e-09
153	4222.27	5864.26	873.379	6.87549	8.01754	0	54.0036	89.3654	6.73568	64.1403	8.72665	2.90888	179.328	12.3759	8	0	-8	0	0	0	0	0	0	0	0	1.67638e-08
153.3	4203.36	5838	871.802	6.87549	8.01754	0	53.7617	89.204	6.70551	64.1403	8.72665	2.90888	191.703	12.3759	8	0	-8	0	0	0	0	0	0	0	0	2.23517e-08
153.6	4185.48	5813.16	870.317	6.87549	8.01754	0	53.533	89.0521	6.67698	64.1403	8.72665	2.90888	204.079	12.3759	8	0	-8	0	0	0	0	0	0	0	0	1.15484e-07
153.9	4168.53	5789.63	868.912	6.87549	8.01754	0	53.3163	88.9083	6.64995	64.1403	8.72665	2.90888	216.455	12.3759	8	0	-8	0	0	0	0	0	0	0	0	-1.86265e-08
154.2	4152.44	5767.28	867.58	6.87549	8.01754	0	53.1105	88.772	6.62429	64.1403	8.72665	2.90888	228.831	12.3759	8	0	-8	0	0	0	0	0	0	0	0	-9.49949e-08
154.5	4137.15	5746.04	866.313	6.87549	8.01754	0	52.9148	88.6423	6.59988	64.1403	8.72665	2.90888	241.207	12.3759	8	0	-8	0	0	0	0	0	0	0	0	7.45058e-09
154.8	4122.56	5725.78	865.104	6.87549	8.01754	0	52.7283	88.5187	6.57662	64.1403	8.72665	2.90888	253.583	12.3759	8	0	-8	0	0	0	0	0	0	0	0	-9.31323e-08
155.1	4108.65	5706.46	863.95	6.87549	8.01754	0	52.5504	88.4006	6.55443	64.1403	8.72665	2.90888	265.959	12.3759	8	0	-8	0	0	0	0	0	0	0	0	1.86265e-08
155.4	4095.37	5688.02	862.846	6.87549	8.01754	0	52.3805	88.2877	6.53324	64.1403	8.72665	2.90888	278.335	12.3759	8	0	-8	0	0	0	0	0	0	0	0	-8.47504e-08
155.7	4082.68	5670.39	861.79	6.87549	8.01754	0	52.2182	88.1796	6.51299	64.1403	8.72665	2.90888	290.711	12.3759	8	0	-8	0	0	0	0	0	0	0	0	-7.17118e-08
156	4070.54	5653.52	860.777	6.87549	8.01754	0	52.0629	88.076	6.49362	64.1403	8.72665	2.90888	303.086	12.3759	8	0	-8	0	0	0	0	0	0	0	0	-9.82545e-08
156.3	4058.91	5637.38	859.806	6.87549	8.01754	0	51.9142	87.9766	6.47508	64.1403	8.72665	2.90888	315.462	12.3759	8	0	-8	0	0	0	0	0	0	0	0	-3.72529e-08
156.6	4047.77	5621.9	858.874	6.87549	8.01754	0	51.7717	87.8812	6.4573	64.1403	8.72665	2.90888	327.838	12.3759	8	0	-8	0	0	0	0	0	0	0	0	-2.98023e-08
156.9	4037.09	5607.07	857.978	6.87549	8.01754	0	51.6351	87.7895	6.44026	64.1403	8.72665	2.90888	340.214	12.3759	8	0	-8	0	0	0	0	0	0	0	0	7.26432e-08
157.2	4026.84	5592.83	857.117	6.87549	8.01754	0	51.504	87.7014	6.42392	64.1403	8.72665	2.90888	352.59	12.3759	8	0	-8	0	0	0	0	0	0	0	0	3.91155e-08
157.5	4017.01	5579.18	856.288	6.87549	8.01754	0	51.3782	87.6166	6.40823	64.1403	8.72665	2.90888	4.96594	12.3759	8	0	-8	0	0	0	0	0	0	0	0	5.40167e-08
157.8	4007.56	5566.06	855.49	6.87549	8.01754	0	51.2575	87.535	6.39316	64.1403	8.72665	2.90888	17.3418	12.3759	8	0	-8	0	0	0	0	0	0	0	0	1.04308e-07
158.1	3998.48	5553.44	854.72	6.87549	8.01754	0	51.1412	87.4562	6.37867	64.1403	8.72665	2.90888	29.7177	12.3759	8	0	-8	0	0	0	0	0	0	0	0	7.45058e-09
158.4	3989.73	5541.29	853.977	6.87549	8.01754	0	51.0294	87.3802	6.36472	64.1403	8.72665	2.90888	42.0936	12.3759	8	0	-8	0	0	0	0	0	0	0	0	1.11759e-08
158.7	3981.32	5529.61	853.26	6.87549	8.01754	0	50.9218	87.3068	6.35129	64.1403	8.72665	2.90888	54.4695	12.3759	8	0	-8	0	0	0	0	0	0	0	0	1.86265e-09
159	3973.22	5518.36	852.568	6.87549	8.01754	0	50.8182	87.2359	6.33837	64.1403	8.72665	2.90888	66.8454	12.3759	8	0	-8	0	0	0	0	0	0	0	0	-6.51926e-08
159.3	3965.42	5507.52	851.899	6.87549	8.01754	0	50.7184	87.1676	6.32593	64.1403	8.72665	2.90888	79.2213	12.3759	8	0	-8	0	0	0	0	0	0	0	0	2.23517e-08
159.6	3957.9	5497.09	851.254	6.87549	8.01754	0	50.6223	87.1015	6.31394	64.1403	8.72665	2.90888	91.5972	12.3759	8	0	-8	0	0	0	0	0	0	0	0	-4.56348e-08
159.9	3950.66	5487.02	850.631	6.87549	8.01754	0	50.5296	87.0378	6.30238	64.1403	8.72665	2.90888	103.973	12.3759	8	0	-8	0	0	0	0	0	0	0	0	-7.26432e-08
160.2	3943.67	5477.32	850.029	6.87549	8.01754	0	50.4403	86.9762	6.29124	64.1403	8.72665	2.90888	116.349	12.3759	8	0	-8	0	0	0	0	0	0	0	0	6.42613e-08
160.5	3936.93	5467.96	849.447	6.87549	8.01754	0	50.354	86.9166	6.28048	64.1403	8.72665	2.90888	128.725	12.3759	8	0	-8	0	0	0	0	0	0	0	0	2.65427e-08
160.8	3930.42	5458.92	848.884	6.87549	8.01754	0	50.2708	86.859	6.2701	64.1403	8.72665	2.90888	141.101	12.3759	8	0	-8	0	0	0	0	0	0	0	0	-5.7742e-08
161.1	3924.14	5450.19	848.34	6.87549	8.01754	0	50.1904	86.8033	6.26007	64.1403	8.72665	2.90888	153.477	12.3759	8	0	-8	0	0	0	0	0	0	0	0	-5.21541e-08
161.4	3918.06	5441.75	847.813	6.87549	8.01754	0	50.1127	86.7494	6.25038	64.1403	8.72665	2.90888	165.853	12.3759	8	0	-8	0	0	0	0	0	0	0	0	5.21541e-08
161.7	3912.19	5433.59	847.303	6.87549	8.01754	0	50.0376	86.6972	6.24101	64.1403	8.72665	2.90888	178.228	12.3759	8	0	-8	0	0	0	0	0	0	0	0	1.11759e-08
162	3906.5	5425.7	846.809	6.87549	8.01754	0	49.9649	86.6467	6.23195	64.1403	8.72665	2.90888	190.604	12.3759	8	0	-8	0	0	0	0	0	0	0	0	-2.23517e-08
162.3	3901.01	5418.06	846.33	6.87549	8.01754	0	49.8946	86.5977	6.22317	64.1403	8.72665	2.90888	202.98	12.3759	8	0	-8	0	0	0	0	0	0	0	0	4.09782e-08
162.6	3895.68	5410.67	845.866	6.87549	8.01754	0	49.8265	86.5502	6.21468	64.1403	8.72665	2.90888	215.356	12.3759	8	0	-8	0	0	0	0	0	0	0	0	-4.09782e-08
162.9	3890.52	5403.51	845.415	6.87549	8.01754	0	49.7605	86.5041	6.20645	64.1403	8.72665	2.90888	227.732	12.3759	8	0	-8	0	0	0	0	0	0	0	0	-1.30385e-08
163.2	3885.53	5396.57	844.979	6.87549	8.01754	0	49.6966	86.4594	6.19848	64.1403	8.72665	2.90888	240.108	12.3759	8	0	-8	0	0	0	0	0	0	0	0	-2.42144e-08
163.5	3880.68	5389.84	844.555	6.87549	8.01754	0	49.6346	86.4161	6.19075	64.1403	8.72665	2.90888	252.484	12.3759	8	0	-8	0	0	0	0	0	0	0	0	6.89179e-08
163.8	3875.98	5383.31	844.144	6.87549	8.01754	0	49.5745	86.374	6.18326	64.1403	8.72665	2.90888	264.86	12.3759	8	0	-8	0	0	0	0	0	0	0	0	-3.72529e-09
164.1	3871.42	5376.98	843.744	6.87549	8.01754	0	49.5162	86.3331	6.17598	64.1403	8.72665	2.90888	277.236	12.3759	8	0	-8	0	0	0	0	0	0	0	0	8.47504e-08
164.4	3867	5370.83	843.356	6.87549	8.01754	0	49.4596	86.2934	6.16892	64.1403	8.72665	2.90888	289.611	12.3759	8	0	-8	0	0	0	0	0	0	0	0	-3.67872e-08
164.7	3862.7	5364.86	842.978	6.87549	8.01754	0	49.4046	86.2547	6.16206	64.1403	8.72665	2.90888	301.987	12.3759	8	0	-8	0	0	0	0	0	0	0	0	6.07688e-08
165	3858.52	5359.05	842.611	6.87549	8.01754	0	49.3511	86.2172	6.1554	64.1403	8.72665	2.90888	314.363	12.3759	8	0	-8	0	0	0	0	0	0	0	0	-2.70084e-08
165.3	3854.46	5353.41	842.254	6.87549	8.01754	0	49.2992	86.1807	6.14892	64.1403	8.72665	2.90888	326.739	12.3759	8	0	-8	0	0	0	0	0	0	0	0	-4.65661e-08
165.6	3850.51	5347.93	841.907	6.87549	8.01754	0	49.2487	86.1451	6.14262	64.1403	8.72665	2.90888	339.115	12.3759	8	0	-8	0	0	0	0	0	0	0	0	1.06171e-07
165.9	3846.66	5342.59	841.568	6.87549	8.01754	0	49.1995	86.1105	6.13648	64.1403	8.72665	2.90888	351.491	12.3759	8	0	-8	0	0	0	0	0	0	0	0	4.09782e-08
166.2	3842.92	5337.4	841.239	6.87549	8.01754	0	49.1517	86.0767	6.13052	64.1403	8.72665	2.90888	3.86673	12.3759	8	0	-8	0	0	0	0	0	0	0	0	-4.28408e-08
166.5	3839.28	5332.34	840.918	6.87549	8.01754	0	49.1051	86.0439	6.12471	64.1403	8.72665	2.90888	16.2426	12.3759	8	0	-8	0	0	0	0	0	0	0	0	3.35276e-08
166.8	3835.74	5327.42	840.605	6.87549	8.01754	0	49.0598	86.0119	6.11906	64.1403	8.72665	2.90888	28.6185	12.3759	8	0	-8	0	0	0	0	0	0	0	0	-5.21541e-08
167.1	3832.29	5322.62	840.3	6.87549	8.01754	0	49.0156	85.9807	6.11355	64.1403	8.72665	2.90888	40.9944	12.3759	8	0	-8	0	0	0	0	0	0	0	0	-7.45058e-08
167.4	3828.92	5317.95	840.003	6.87549	8.01754	0	48.9726	85.9503	6.10818	64.1403	8.72665	2.90888	53.3703	12.3759	8	0	-8	0	0	0	0	0	0	0	0	-8.19564e-08
167.7	3825.64	5313.4	839.713	6.87549	8.01754	0	48.9307	85.9207	6.10295	64.1403	8.72665	2.90888	65.7462	12.3759	8	0	-8	0	0	0	0	0	0	0	0	5.40167e-08
168	3822.45	5308.95	839.431	6.87549	8.01754	0	48.8898	85.8918	6.09785	64.1403	8.72665	2.90888	78.1221	12.3759	8	0	-8	0	0	0	0	0	0	0	0	5.02914e-08
168.3	3819.33	5304.62	839.155	6.87549	8.01754	0	48.8499	85.8636	6.09288	64.1403	8.72665	2.90888	90.498	12.3759	8	0	-8	0	0	0	0	0	0	0	0	2.8871e-08
168.6	3816.29	5300.4	838.886	6.87549	8.01754	0	48.811	85.836	6.08802	64.1403	8.72665	2.90888	102.874	12.3759	8	0	-8	0	0	0	0	0	0	0	0	2.98023e-08
168.9	3813.32	5296.27	838.623	6.87549	8.01754	0	48.773	85.8091	6.08329	64.1403	8.72665	2.90888	115.25	12.3759	8	0	-8	0	0	0	0	0	0	0	0	1.22702e-07
169.2	3810.42	5292.25	838.367	6.87549	8.01754	0	48.7359	85.7829	6.07866	64.1403	8.72665	2.90888	127.626	12.3759	8	0	-8	0	0	0	0	0	0	0	0	-1.234e-07
169.5	3807.59	5288.31	838.116	6.87549	8.01754	0	48.6997	85.7572	6.07414	64.1403	8.72665	2.90888	140.002	12.3759	8	0	-8	0	0	0	0	0	0	0	0	-4.00469e-08
169.8	3804.82	5284.47	837.871	6.87549	8.01754	0	48.6643	85.7322	6.06973	64.1403	8.72665	2.90888	152.377	12.3759	8	0	-8	0	0	0	0	0	0	0	0	7.45058e-09
170.1	3802.12	5280.72	837.632	6.87549	8.01754	0	48.6298	85.7077	6.06542	64.1403	8.72665	2.90888	164.753	12.3759	8	0	-8	0	0	0	0	0	0	0	0	2.42144e-08
170.4	3799.48	5277.05	837.398	6.87549	8.01754	0	48.596	85.6838	6.06121	64.1403	8.72665	2.90888	177.129	12.3759	8	0	-8	0	0	0	0	0	0	0	0	-5.58794e-09
170.7	3796.9	5273.47	837.17	6.87549	8.01754	0	48.563	85.6604	6.05709	64.1403	8.72665	2.90888	189.505	12.3759	8	0	-8	0	0	0	0	0	0	0	0	0
171	3794.38	5269.97	836.946	6.87549	8.01754	0	48.5307	85.6375	6.05307	64.1403	8.72665	2.90888	201.881	12.3759	8	0	-8	0	0	0	0	0	0	0	0	-7.45058e-09
171.3	3791.91	5266.54	836.728	6.87549	8.01754	0	48.4992	85.6152	6.04913	64.1403	8.72665	2.90888	214.257	12.3759	8	0	-8	0	0	0	0	0	0	0	0	-5.96046e-08
171.6	3789.49	5263.19	836.514	6.87549	8.01754	0	48.4683	85.5933	6.04528	64.1403	8.72665	2.90888	226.633	12.3759	8	0	-8	0	0	0	0	0	0	0	0	2.42144e-08
171.9	3787.13	5259.9	836.304	6.87549	8.01754	0	48.4381	85.5719	6.04151	64.1403	8.72665	2.90888	239.009	12.3759	8	0	-8	0	0	0	0	0	0	0	0	9.12696e-08
172.2	3784.82	5256.69	836.1	6.87549	8.01754	0	48.4085	85.5509	6.03783	64.1403	8.72665	2.90888	251.385	12.3759	8	0	-8	0	0	0	0	0	0	0	0	1.30385e-08
172.5	3782.56	5253.55	835.899	6.87549	8.01754	0	48.3796	85.5304	6.03422	64.1403	8.72665	2.90888	263.76	12.3759	8	0	-8	0	0	0	0	0	0	0	0	-1.11759e-08
172.8	3780.34	5250.47	835.703	6.87549	8.01754	0	48.3512	85.5103	6.03068	64.1403	8.72665	2.90888	276.136	12.3759	8	0	-8	0	0	0	0	0	0	0	0	-8.00937e-08
173.1	3778.17	5247.46	835.51	6.87549	8.01754	0	48.3235	85.4906	6.02722	64.1403	8.72665	2.90888	288.512	12.3759	8	0	-8	0	0	0	0	0	0	0	0	-2.468e-08
173.4	3776.05	5244.51	835.322	6.87549	8.01754	0	48.2963	85.4713	6.02383	64.1403	8.72665	2.90888	300.888	12.3759	8	0	-8	0	0	0	0	0	0	0	0	2.68919e-08
173.7	3773.96	5241.61	835.137	6.87549	8.01754	0	48.2696	85.4524	6.0205	64.1403	8.72665	2.90888	313.264	12.3759	8	0	-8	0	0	0	0	0	0	0	0	-7.31088e-08
174	3771.92	5238.78	834.956	6.87549	8.01754	0	48.2435	85.4339	6.01724	64.1403	8.72665	2.90888	325.64	12.3759	8	0	-8	0	0	0	0	0	0	0	0	2.04891e-08
174.3	3769.92	5235.99	834.779	6.87549	8.01754	0	48.2179	85.4157	6.01405	64.1403	8.72665	2.90888	338.016	12.3759	8	0	-8	0	0	0	0	0	0	0	0	-3.1665e-08
174.6	3767.95	5233.27	834.604	6.87549	8.01754	0	48.1928	85.3979	6.01092	64.1403	8.72665	2.90888	350.392	12.3759	8	0	-8	0	0	0	0	0	0	0	0	-8.75443e-08
174.9	3766.03	5230.59	834.434	6.87549	8.01754	0	48.1681	85.3804	6.00784	64.1403	8.72665	2.90888	2.76751	12.3759	8	0	-8	0	0	0	0	0	0	0	0	-1.49012e-08
175.2	3764.14	5227.97	834.266	6.87549	8.01754	0	48.144	85.3633	6.00483	64.1403	8.72665	2.90888	15.1434	12.3759	8	0	-8	0	0	0	0	0	0	0	0	-1.86265e-09
175.5	3762.28	5225.39	834.102	6.87549	8.01754	0	48.1203	85.3465	6.00187	64.1403	8.72665	2.90888	27.5193	12.3759	8	0	-8	0	0	0	0	0	0	0	0	-2.98023e-08
175.8	3760.47	5222.87	833.941	6.87549	8.01754	0	48.097	85.33	5.99897	64.1403	8.72665	2.90888	39.8952	12.3759	8	0	-8	0	0	0	0	0	0	0	0	4.28408e-08
176.1	3758.68	5220.39	833.782	6.87549	8.01754	0	48.0742	85.3138	5.99613	64.1403	8.72665	2.90888	52.2711	12.3759	8	0	-8	0	0	0	0	0	0	0	0	-7.45058e-08
176.4	3756.93	5217.96	833.627	6.87549	8.01754	0	48.0518	85.2979	5.99334	64.1403	8.72665	2.90888	64.647	12.3759	8	0	-8	0	0	0	0	0	0	0	0	6.89179e-08
176.7	3755.21	5215.57	833.475	6.87549	8.01754	0	48.0299	85.2823	5.9906	64.1403	8.72665	2.90888	77.0228	12.3759	8	0	-8	0	0	0	0	0	0	0	0	-4.09782e-08
177	3753.53	5213.23	833.325	6.87549	8.01754	0	48.0083	85.267	5.9879	64.1403	8.72665	2.90888	89.3987	12.3759	8	0	-8	0	0	0	0	0	0	0	0	9.31323e-09
177.3	3751.87	5210.93	833.178	6.87549	8.01754	0	47.9871	85.252	5.98526	64.1403	8.72665	2.90888	101.775	12.3759	8	0	-8	0	0	0	0	0	0	0	0	1.28523e-07
177.6	3750.25	5208.67	833.034	6.87549	8.01754	0	47.9663	85.2373	5.98267	64.1403	8.72665	2.90888	114.151	12.3759	8	0	-8	0	0	0	0	0	0	0	0	-1.90921e-08
177.9	3748.65	5206.46	832.893	6.87549	8.01754	0	47.9459	85.2228	5.98012	64.1403	8.72665	2.90888	126.526	12.3759	8	0	-8	0	0	0	0	0	0	0	0	-3.53903e-08
178.2	3747.08	5204.28	832.754	6.87549	8.01754	0	47.9259	85.2086	5.97762	64.1403	8.72665	2.90888	138.902	12.3759	8	0	-8	0	0	0	0	0	0	0	0	-2.04891e-08
178.5	3745.54	5202.14	832.618	6.87549	8.01754	0	47.9062	85.1946	5.97517	64.1403	8.72665	2.90888	151.278	12.3759	8	0	-8	0	0	0	0	0	0	0	0	3.53903e-08
178.8	3744.03	5200.04	832.484	6.87549	8.01754	0	47.8868	85.1809	5.97276	64.1403	8.72665	2.90888	163.654	12.3759	8	0	-8	0	0	0	0	0	0	0	0	-4.28408e-08
179.1	3742.55	5197.98	832.352	6.87549	8.01754	0	47.8678	85.1674	5.97039	64.1403	8.72665	2.90888	176.03	12.3759	8	0	-8	0	0	0	0	0	0	0	0	-2.23517e-08
179.4	3741.09	5195.95	832.223	6.87549	8.01754	0	47.8492	85.1542	5.96806	64.1403	8.72665	2.90888	188.406	12.3759	8	0	-8	0	0	0	0	0	0	0	0	3.91155e-08
179.7	3739.65	5193.96	832.096	6.87549	8.01754	0	47.8308	85.1412	5.96577	64.1403	8.72665	2.90888	200.782	12.3759	8	0	-8	0	0	0	0	0	0	0	0	2.23517e-08
180	3738.24	5192	831.971	6.87549	8.01754	0	47.8128	85.1284	5.96352	64.1403	8.72665	2.90888	213.158	12.3759	8	0	-8	0	0	0	0	0	0	0	0	7.07805e-08
180.3	3736.86	5190.08	831.848	6.87549	8.01754	0	47.7951	85.1159	5.96131	64.1403	8.72665	2.90888	225.534	12.3759	8	0	-8	0	0	0	0	0	0	0	0	-5.58794e-09
180.6	3735.49	5188.19	831.728	6.87549	8.01754	0	47.7776	85.1036	5.95914	64.1403	8.72665	2.90888	237.909	12.3759	8	0	-8	0	0	0	0	0	0	0	0	-7.45058e-09
180.9	3734.16	5186.33	831.609	6.87549	8.01754	0	47.7605	85.0914	5.957	64.1403	8.72665	2.90888	250.285	12.3759	8	0	-8	0	0	0	0	0	0	0	0	-3.53903e-08
181.2	3732.84	5184.5	831.493	6.87549	8.01754	0	47.7437	85.0795	5.9549	64.1403	8.72665	2.90888	262.661	12.3759	8	0	-8	0	0	0	0	0	0	0	0	-1.49012e-08
181.5	3731.54	5182.7	831.378	6.87549	8.01754	0	47.7271	85.0678	5.95284	64.1403	8.72665	2.90888	275.037	12.3759	8	0	-8	0	0	0	0	0	0	0	0	-4.28408e-08
181.8	3730.27	5180.93	831.265	6.87549	8.01754	0	47.7108	85.0563	5.9508	64.1403	8.72665	2.90888	287.413	12.3759	8	0	-8	0	0	0	0	0	0	0	0	-1.86265e-08
182.1	3729.02	5179.19	831.155	6.87549	8.01754	0	47.6948	85.0449	5.94881	64.1403	8.72665	2.90888	299.789	12.3759	8	0	-8	0	0	0	0	0	0	0	0	4.99422e-08
182.4	3727.79	5177.48	831.046	6.87549	8.01754	0	47.6791	85.0338	5.94684	64.1403	8.72665	2.90888	312.165	12.3759	8	0	-8	0	0	0	0	0	0	0	0	-2.70084e-08
182.7	3726.58	5175.8	830.939	6.87549	8.01754	0	47.6636	85.0228	5.94491	64.1403	8.72665	2.90888	324.541	12.3759	8	0	-8	0	0	0	0	0	0	0	0	2.98023e-08
183	3725.38	5174.14	830.833	6.87549	8.01754	0	47.6483	85.012	5.94301	64.1403	8.72665	2.90888	336.917	12.3759	8	0	-8	0	0	0	0	0	0	0	0	5.58794e-09
183.3	3724.21	5172.52	830.73	6.87549	8.01754	0	47.6333	85.0014	5.94114	64.1403	8.72665	2.90888	349.292	12.3759	8	0	-8	0	0	0	0	0	0	0	0	4.47035e-08
183.6	3723.06	5170.91	830.628	6.87549	8.01754	0	47.6186	84.991	5.9393	64.1403	8.72665	2.90888	1.6683	12.3759	8	0	-8	0	0	0	0	0	0	0	0	5.58794e-09
183.9	3721.92	5169.34	830.527	6.87549	8.01754	0	47.6041	84.9807	5.93749	64.1403	8.72665	2.90888	14.0442	12.3759	8	0	-8	0	0	0	0	0	0	0	0	-9.49949e-08
184.2	3720.8	5167.78	830.429	6.87549	8.01754	0	47.5898	84.9706	5.9357	64.1403	8.72665	2.90888	26.4201	12.3759	8	0	-8	0	0	0	0	0	0	0	0	1.04308e-07
184.5	3719.71	5166.26	830.331	6.87549	8.01754	0	47.5757	84.9607	5.93395	64.1403	8.72665	2.90888	38.796	12.3759	8	0	-8	0	0	0	0	0	0	0	0	0
184.8	3718.62	5164.75	830.236	6.87549	8.01754	0	47.5619	84.9509	5.93222	64.1403	8.72665	2.90888	51.1719	12.3759	8	0	-8	0	0	0	0	0	0	0	0	1.11759e-07
185.1	3717.56	5163.27	830.142	6.87549	8.01754	0	47.5482	84.9413	5.93052	64.1403	8.72665	2.90888	63.5477	12.3759	8	0	-8	0	0	0	0	0	0	0	0	1.11759e-08
185.4	3716.51	5161.82	830.049	6.87549	8.01754	0	47.5348	84.9318	5.92885	64.1403	8.72665	2.90888	75.9236	12.3759	8	0	-8	0	0	0	0	0	0	0	0	2.23517e-08
185.7	3715.48	5160.38	829.958	6.87549	8.01754	0	47.5216	84.9225	5.92721	64.1403	8.72665	2.90888	88.2995	12.3759	8	0	-8	0	0	0	0	0	0	0	0	3.53903e-08
186	3714.46	5158.97	829.868	6.87549	8.01754	0	47.5086	84.9133	5.92558	64.1403	8.72665	2.90888	100.675	12.3759	8	0	-8	0	0	0	0	0	0	0	0	-2.32831e-08
186.3	3713.46	5157.58	829.78	6.87549	8.01754	0	47.4958	84.9043	5.92399	64.1403	8.72665	2.90888	113.051	12.3759	8	0	-8	0	0	0	0	0	0	0	0	-4.14439e-08
186.6	3712.47	5156.21	829.693	6.87549	8.01754	0	47.4832	84.8954	5.92242	64.1403	8.72665	2.90888	125.427	12.3759	8	0	-8	0	0	0	0	0	0	0	0	-6.54254e-08
186.9	3711.5	5154.87	829.607	6.87549	8.01754	0	47.4708	84.8866	5.92087	64.1403	8.72665	2.90888	137.803	12.3759	8	0	-8	0	0	0	0	0	0	0	0	-6.42613e-08
187.2	3710.55	5153.54	829.523	6.87549	8.01754	0	47.4586	84.878	5.91934	64.1403	8.72665	2.90888	150.179	12.3759	8	0	-8	0	0	0	0	0	0	0	0	-5.58794e-08
187.5	3709.61	5152.23	829.44	6.87549	8.01754	0	47.4466	84.8695	5.91784	64.1403	8.72665	2.90888	162.555	12.3759	8	0	-8	0	0	0	0	0	0	0	0	9.31323e-09
187.8	3708.68	5150.95	829.358	6.87549	8.01754	0	47.4347	84.8611	5.91636	64.1403	8.72665	2.90888	174.931	12.3759	8	0	-8	0	0	0	0	0	0	0	0	5.21541e-08
188.1	3707.77	5149.68	829.278	6.87549	8.01754	0	47.423	84.8529	5.91491	64.1403	8.72665	2.90888	187.307	12.3759	8	0	-8	0	0	0	0	0	0	0	0	6.51926e-08
188.4	3706.87	5148.43	829.199	6.87549	8.01754	0	47.4115	84.8448	5.91348	64.1403	8.72665	2.90888	199.683	12.3759	8	0	-8	0	0	0	0	0	0	0	0	0
188.7	3705.99	5147.2	829.121	6.87549	8.01754	0	47.4002	84.8368	5.91207	64.1403	8.72665	2.90888	212.058	12.3759	8	0	-8	0	0	0	0	0	0	0	0	4.09782e-08
189	3705.12	5145.99	829.044	6.87549	8.01754	0	47.3891	84.829	5.91068	64.1403	8.72665	2.90888	224.434	12.3759	8	0	-8	0	0	0	0	0	0	0	0	9.12696e-08
189.3	3704.26	5144.8	828.968	6.87549	8.01754	0	47.3781	84.8212	5.90931	64.1403	8.72665	2.90888	236.81	12.3759	8	0	-8	0	0	0	0	0	0	0	0	5.58794e-09
189.6	3703.41	5143.63	828.894	6.87549	8.01754	0	47.3673	84.8136	5.90796	64.1403	8.72665	2.90888	249.186	12.3759	8	0	-8	0	0	0	0	0	0	0	0	4.84288e-08
189.9	3702.58	5142.47	828.821	6.87549	8.01754	0	47.3566	84.8061	5.90663	64.1403	8.72665	2.90888	261.562	12.3759	8	0	-8	0	0	0	0	0	0	0	0	-2.04891e-08
190.2	3701.76	5141.33	828.748	6.87549	8.01754	0	47.3462	84.7987	5.90532	64.1403	8.72665	2.90888	273.938	12.3759	8	0	-8	0	0	0	0	0	0	0	0	-1.46218e-07
190.5	3700.95	5140.21	828.677	6.87549	8.01754	0	47.3358	84.7914	5.90403	64.1403	8.72665	2.90888	286.314	12.3759	8	0	-8	0	0	0	0	0	0	0	0	6.28643e-08
190.8	3700.15	5139.1	828.607	6.87549	8.01754	0	47.3256	84.7843	5.90276	64.1403	8.72665	2.90888	298.69	12.3759	8	0	-8	0	0	0	0	0	0	0	0	6.60075e-08
191.1	3699.37	5138.01	828.538	6.87549	8.01754	0	47.3156	84.7772	5.90151	64.1403	8.72665	2.90888	311.066	12.3759	8	0	-8	0	0	0	0	0	0	0	0	-2.09548e-08
191.4	3698.6	5136.94	828.47	6.87549	8.01754	0	47.3057	84.7702	5.90028	64.1403	8.72665	2.90888	323.441	12.3759	8	0	-8	0	0	0	0	0	0	0	0	5.58794e-08
191.7	3697.84	5135.88	828.403	6.87549	8.01754	0	47.296	84.7634	5.89906	64.1403	8.72665	2.90888	335.817	12.3759	8	0	-8	0	0	0	0	0	0	0	0	7.82311e-08
192	3697.09	5134.84	828.337	6.87549	8.01754	0	47.2864	84.7566	5.89786	64.1403	8.72665	2.90888	348.193	12.3759	8	0	-8	0	0	0	0	0	0	0	0	-1.11759e-08
192.3	3696.35	5133.81	828.272	6.87549	8.01754	0	47.2769	84.75	5.89669	64.1403	8.72665	2.90888	0.569088	12.3759	8	0	-8	0	0	0	0	0	0	0	0	-3.35276e-08
192.6	3695.62	5132.8	828.208	6.87549	8.01754	0	47.2676	84.7434	5.89552	64.1403	8.72665	2.90888	12.945	12.3759	8	0	-8	0	0	0	0	0	0	0	0	-3.35276e-08
192.9	3694.9	5131.8	828.145	6.87549	8.01754	0	47.2584	84.7369	5.89438	64.1403	8.72665	2.90888	25.3209	12.3759	8	0	-8	0	0	0	0	0	0	0	0	-4.28408e-08
193.2	3694.19	5130.82	828.082	6.87549	8.01754	0	47.2494	84.7306	5.89325	64.1403	8.72665	2.90888	37.6968	12.3759	8	0	-8	0	0	0	0	0	0	0	0	-1.30385e-08
193.5	3693.49	5129.85	828.021	6.87549	8.01754	0	47.2405	84.7243	5.89214	64.1403	8.72665	2.90888	50.0726	12.3759	8	0	-8	0	0	0	0	0	0	0	0	3.72529e-08
193.8	3692.81	5128.9	827.961	6.87549	8.01754	0	47.2317	84.7181	5.89104	64.1403	8.72665	2.90888	62.4485	12.3759	8	0	-8	0	0	0	0	0	0	0	0	-1.30385e-08
194.1	3692.13	5127.96	827.901	6.87549	8.01754	0	47.223	84.712	5.88996	64.1403	8.72665	2.90888	74.8244	12.3759	8	0	-8	0	0	0	0	0	0	0	0	4.09782e-08
194.4	3691.46	5127.03	827.842	6.87549	8.01754	0	47.2145	84.706	5.88889	64.1403	8.72665	2.90888	87.2003	12.3759	8	0	-8	0	0	0	0	0	0	0	0	7.45058e-09
194.7	3690.8	5126.12	827.785	6.87549	8.01754	0	47.206	84.7001	5.88784	64.1403	8.72665	2.90888	99.5762	12.3759	8	0	-8	0	0	0	0	0	0	0	0	6.0536e-08
195	3690.16	5125.22	827.728	6.87549	8.01754	0	47.1977	84.6943	5.88681	64.1403	8.72665	2.90888	111.952	12.3759	8	0	-8	0	0	0	0	0	0	0	0	-3.1665e-08
195.3	3689.52	5124.33	827.671	6.87549	8.01754	0	47.1896	84.6885	5.88579	64.1403	8.72665	2.90888	124.328	12.3759	8	0	-8	0	0	0	0	0	0	0	0	1.39698e-09
195.6	3688.89	5123.45	827.616	6.87549	8.01754	0	47.1815	84.6829	5.88478	64.1403	8.72665	2.90888	136.704	12.3759	8	0	-8	0	0	0	0	0	0	0	0	0
195.9	3688.26	5122.59	827.561	6.87549	8.01754	0	47.1736	84.6773	5.88379	64.1403	8.72665	2.90888	149.08	12.3759	8	0	-8	0	0	0	0	0	0	0	0	8.3819e-09
196.2	3687.65	5121.74	827.508	6.87549	8.01754	0	47.1657	84.6718	5.88282	64.1403	8.72665	2.90888	161.456	12.3759	8	0	-8	0	0	0	0	0	0	0	0	6.51926e-08
196.5	3687.05	5120.9	827.455	6.87549	8.01754	0	47.158	84.6663	5.88185	64.1403	8.72665	2.90888	173.832	12.3759	8	0	-8	0	0	0	0	0	0	0	0	-5.58794e-09
196.8	3686.45	5120.07	827.402	6.87549	8.01754	0	47.1504	84.661	5.8809	64.1403	8.72665	2.90888	186.207	12.3759	8	0	-8	0	0	0	0	0	0	0	0	1.11759e-08
197.1	3685.86	5119.26	827.351	6.87549	8.01754	0	47.1429	84.6557	5.87996	64.1403	8.72665	2.90888	198.583	12.3759	8	0	-8	0	0	0	0	0	0	0	0	5.02914e-08
197.4	3685.29	5118.45	827.3	6.87549	8.01754	0	47.1355	84.6505	5.87904	64.1403	8.72665	2.90888	210.959	12.3759	8	0	-8	0	0	0	0	0	0	0	0	9.12696e-08
197.7	3684.71	5117.66	827.25	6.87549	8.01754	0	47.1282	84.6454	5.87813	64.1403	8.72665	2.90888	223.335	12.3759	8	0	-8	0	0	0	0	0	0	0	0	-3.72529e-08
198	3684.15	5116.88	827.2	6.87549	8.01754	0	47.121	84.6403	5.87723	64.1403	8.72665	2.90888	235.711	12.3759	8	0	-8	0	0	0	0	0	0	0	0	-8.00937e-08
198.3	3683.6	5116.11	827.151	6.87549	8.01754	0	47.1139	84.6353	5.87635	64.1403	8.72665	2.90888	248.087	12.3759	8	0	-8	0	0	0	0	0	0	0	0	1.11759e-08
198.6	3683.05	5115.35	827.103	6.87549	8.01754	0	47.1069	84.6304	5.87547	64.1403	8.72665	2.90888	260.463	12.3759	8	0	-8	0	0	0	0	0	0	0	0	2.04891e-08
198.9	3682.51	5114.6	827.056	6.87549	8.01754	0	47.1	84.6255	5.87461	64.1403	8.72665	2.90888	272.839	12.3759	8	0	-8	0	0	0	0	0	0	0	0	-1.3411e-07
199.2	3681.98	5113.86	827.009	6.87549	8.01754	0	47.0932	84.6208	5.87376	64.1403	8.72665	2.90888	285.215	12.3759	8	0	-8	0	0	0	0	0	0	0	0	-3.25963e-09
199.5	3681.45	5113.13	826.963	6.87549	8.01754	0	47.0864	84.6161	5.87293	64.1403	8.72665	2.90888	297.59	12.3759	8	0	-8	0	0	0	0	0	0	0	0	-1.38534e-08
199.8	3680.94	5112.41	826.918	6.87549	8.01754	0	47.0798	84.6114	5.8721	64.1403	8.72665	2.90888	309.966	12.3759	8	0	-8	0	0	0	0	0	0	0	0	-7.96281e-08
200.1	3680.43	5111.7	826.873	6.87549	8.01754	0	47.0733	84.6068	5.87129	64.1403	8.72665	2.90888	322.342	12.3759	8	0	-8	0	0	0	0	0	0	0	0	8.3819e-08
200.4	3679.92	5111	826.829	6.87549	8.01754	0	47.0669	84.6023	5.87049	64.1403	8.72665	2.90888	334.718	12.3759	8	0	-8	0	0	0	0	0	0	0	0	5.21541e-08
200.7	3679.43	5110.32	826.785	6.87549	8.01754	0	47.0605	84.5979	5.8697	64.1403	8.72665	2.90888	347.094	12.3759	8	0	-8	0	0	0	0	0	0	0	0	-1.30385e-08
201	3678.94	5109.64	826.742	6.87549	8.01754	0	47.0543	84.5935	5.86892	64.1403	8.72665	2.90888	359.47	12.3759	8	0	-8	0	0	0	0	0	0	0	0	-7.45058e-08
201.3	3678.46	5108.97	826.7	6.87549	8.01754	0	47.0481	84.5891	5.86815	64.1403	8.72665	2.90888	11.8458	12.3759	8	0	-8	0	0	0	0	0	0	0	0	-1.11759e-08
201.6	3677.98	5108.31	826.658	6.87549	8.01754	0	47.042	84.5849	5.86739	64.1403	8.72665	2.90888	24.2217	12.3759	8	0	-8	0	0	0	0	0	0	0	0	-7.07805e-08
201.9	3677.51	5107.65	826.617	6.87549	8.01754	0	47.036	84.5807	5.86664	64.1403	8.72665	2.90888	36.5975	12.3759	8	0	-8	0	0	0	0	0	0	0	0	-7.45058e-09
202.2	3677.05	5107.01	826.577	6.87549	8.01754	0	47.0301	84.5765	5.8659	64.1403	8.72665	2.90888	48.9734	12.3759	8	0	-8	0	0	0	0	0	0	0	0	-3.72529e-09
202.5	3676.59	5106.38	826.537	6.87549	8.01754	0	47.0243	84.5724	5.86517	64.1403	8.72665	2.90888	61.3493	12.3759	8	0	-8	0	0	0	0	0	0	0	0	-9.31323e-09
202.8	3676.14	5105.75	826.497	6.87549	8.01754	0	47.0185	84.5684	5.86446	64.1403	8.72665	2.90888	73.7252	12.3759	8	0	-8	0	0	0	0	0	0	0	0	1.17347e-07
203.1	3675.7	5105.14	826.458	6.87549	8.01754	0	47.0129	84.5644	5.86375	64.1403	8.72665	2.90888	86.1011	12.3759	8	0	-8	0	0	0	0	0	0	0	0	2.04891e-08
203.4	3675.26	5104.53	826.42	6.87549	8.01754	0	47.0073	84.5605	5.86305	64.1403	8.72665	2.90888	98.477	12.3759	8	0	-8	0	0	0	0	0	0	0	0	1.39698e-08
203.7	3674.83	5103.93	826.382	6.87549	8.01754	0	47.0017	84.5566	5.86236	64.1403	8.72665	2.90888	110.853	12.3759	8	0	-8	0	0	0	0	0	0	0	0	6.84522e-08
204	3674.41	5103.34	826.345	6.87549	8.01754	0	46.9963	84.5528	5.86168	64.1403	8.72665	2.90888	123.229	12.3759	8	0	-8	0	0	0	0	0	0	0	0	-5.12227e-09
204.3	3673.99	5102.76	826.308	6.87549	8.01754	0	46.9909	84.549	5.86101	64.1403	8.72665	2.90888	135.605	12.3759	8	0	-8	0	0	0	0	0	0	0	0	4.65661e-09
204.6	3673.57	5102.18	826.272	6.87549	8.01754	0	46.9856	84.5453	5.86035	64.1403	8.72665	2.90888	147.981	12.3759	8	0	-8	0	0	0	0	0	0	0	0	2.79397e-08
204.9	3673.16	5101.62	826.236	6.87549	8.01754	0	46.9804	84.5417	5.8597	64.1403	8.72665	2.90888	160.356	12.3759	8	0	-8	0	0	0	0	0	0	0	0	-7.45058e-09
205.2	3672.76	5101.06	826.201	6.87549	8.01754	0	46.9753	84.5381	5.85906	64.1403	8.72665	2.90888	172.732	12.3759	8	0	-8	0	0	0	0	0	0	0	0	4.84288e-08
205.5	3672.36	5100.51	826.166	6.87549	8.01754	0	46.9702	84.5345	5.85843	64.1403	8.72665	2.90888	185.108	12.3759	8	0	-8	0	0	0	0	0	0	0	0	1.86265e-09
205.8	3671.97	5099.96	826.132	6.87549	8.01754	0	46.9652	84.531	5.8578	64.1403	8.72665	2.90888	197.484	12.3759	8	0	-8	0	0	0	0	0	0	0	0	-1.11759e-08
206.1	3671.59	5099.42	826.098	6.87549	8.01754	0	46.9602	84.5275	5.85719	64.1403	8.72665	2.90888	209.86	12.3759	8	0	-8	0	0	0	0	0	0	0	0	1.32248e-07
206.4	3671.2	5098.9	826.065	6.87549	8.01754	0	46.9554	84.5241	5.85658	64.1403	8.72665	2.90888	222.236	12.3759	8	0	-8	0	0	0	0	0	0	0	0	-2.04891e-08
206.7	3670.83	5098.37	826.032	6.87549	8.01754	0	46.9506	84.5207	5.85598	64.1403	8.72665	2.90888	234.612	12.3759	8	0	-8	0	0	0	0	0	0	0	0	8.19564e-08
207	3670.46	5097.86	825.999	6.87549	8.01754	0	46.9458	84.5174	5.85539	64.1403	8.72665	2.90888	246.988	12.3759	8	0	-8	0	0	0	0	0	0	0	0	-8.3819e-08
207.3	3670.09	5097.35	825.967	6.87549	8.01754	0	46.9411	84.5141	5.8548	64.1403	8.72665	2.90888	259.364	12.3759	8	0	-8	0	0	0	0	0	0	0	0	1.11759e-07
207.6	3669.73	5096.85	825.936	6.87549	8.01754	0	46.9365	84.5109	5.85423	64.1403	8.72665	2.90888	271.739	12.3759	8	0	-8	0	0	0	0	0	0	0	0	5.12227e-08
207.9	3669.37	5096.35	825.904	6.87549	8.01754	0	46.932	84.5077	5.85366	64.1403	8.72665	2.90888	284.115	12.3759	8	0	-8	0	0	0	0	0	0	0	0	-1.09896e-07
208.2	3669.02	5095.87	825.874	6.87549	8.01754	0	46.9275	84.5046	5.8531	64.1403	8.72665	2.90888	296.491	12.3759	8	0	-8	0	0	0	0	0	0	0	0	4.07454e-08
208.5	3668.68	5095.38	825.843	6.87549	8.01754	0	46.923	84.5015	5.85255	64.1403	8.72665	2.90888	308.867	12.3759	8	0	-8	0	0	0	0	0	0	0	0	9.73232e-08
208.8	3668.34	5094.91	825.813	6.87549	8.01754	0	46.9187	84.4984	5.852	64.1403	8.72665	2.90888	321.243	12.3759	8	0	-8	0	0	0	0	0	0	0	0	1.67638e-08
209.1	3668	5094.44	825.784	6.87549	8.01754	0	46.9144	84.4954	5.85146	64.1403	8.72665	2.90888	333.619	12.3759	8	0	-8	0	0	0	0	0	0	0	0	-5.58794e-08
209.4	3667.67	5093.98	825.755	6.87549	8.01754	0	46.9101	84.4924	5.85093	64.1403	8.72665	2.90888	345.995	12.3759	8	0	-8	0	0	0	0	0	0	0	0	-9.12696e-08
209.7	3667.34	5093.53	825.726	6.87549	8.01754	0	46.9059	84.4895	5.85041	64.1403	8.72665	2.90888	358.371	12.3759	8	0	-8	0	0	0	0	0	0	0	0	-4.65661e-08
210	3667.02	5093.08	825.698	6.87549	8.01754	0	46.9018	84.4866	5.8499	64.1403	8.72665	2.90888	10.7466	12.3759	8	0	-8	0	0	0	0	0	0	0	0	-3.91155e-08
210.3	3666.7	5092.63	825.67	6.87549	8.01754	0	46.8977	84.4837	5.84939	64.1403	8.72665	2.90888	23.1224	12.3759	8	0	-8	0	0	0	0	0	0	0	0	-8.9407e-08
210.6	3666.38	5092.2	825.643	6.87549	8.01754	0	46.8937	84.4809	5.84888	64.1403	8.72665	2.90888	35.4983	12.3759	8	0	-8	0	0	0	0	0	0	0	0	1.30385e-08
210.9	3666.07	5091.77	825.615	6.87549	8.01754	0	46.8897	84.4782	5.84839	64.1403	8.72665	2.90888	47.8742	12.3759	8	0	-8	0	0	0	0	0	0	0	0	-6.89179e-08
211.2	3665.77	5091.34	825.589	6.87549	8.01754	0	46.8858	84.4754	5.8479	64.1403	8.72665	2.90888	60.2501	12.3759	8	0	-8	0	0	0	0	0	0	0	0	-7.45058e-09
211.5	3665.46	5090.92	825.562	6.87549	8.01754	0	46.8819	84.4727	5.84742	64.1403	8.72665	2.90888	72.626	12.3759	8	0	-8	0	0	0	0	0	0	0	0	-4.47035e-08
211.8	3665.17	5090.51	825.536	6.87549	8.01754	0	46.8781	84.4701	5.84695	64.1403	8.72665	2.90888	85.0019	12.3759	8	0	-8	0	0	0	0	0	0	0	0	1.2666e-07
212.1	3664.87	5090.1	825.511	6.87549	8.01754	0	46.8744	84.4674	5.84648	64.1403	8.72665	2.90888	97.3778	12.3759	8	0	-8	0	0	0	0	0	0	0	0	3.81842e-08
212.4	3664.58	5089.7	825.485	6.87549	8.01754	0	46.8707	84.4648	5.84601	64.1403	8.72665	2.90888	109.754	12.3759	8	0	-8	0	0	0	0	0	0	0	0	2.7474e-08
212.7	3664.3	5089.3	825.46	6.87549	8.01754	0	46.867	84.4623	5.84556	64.1403	8.72665	2.90888	122.13	12.3759	8	0	-8	0	0	0	0	0	0	0	0	-4.55184e-08
213	3664.02	5088.91	825.436	6.87549	8.01754	0	46.8634	84.4598	5.84511	64.1403	8.72665	2.90888	134.505	12.3759	8	0	-8	0	0	0	0	0	0	0	0	4.19095e-08
213.3	3663.74	5088.52	825.411	6.87549	8.01754	0	46.8599	84.4573	5.84467	64.1403	8.72665	2.90888	146.881	12.3759	8	0	-8	0	0	0	0	0	0	0	0	-4.74975e-08
213.6	3663.46	5088.14	825.387	6.87549	8.01754	0	46.8563	84.4548	5.84423	64.1403	8.72665	2.90888	159.257	12.3759	8	0	-8	0	0	0	0	0	0	0	0	5.96046e-08
213.9	3663.19	5087.77	825.364	6.87549	8.01754	0	46.8529	84.4524	5.8438	64.1403	8.72665	2.90888	171.633	12.3759	8	0	-8	0	0	0	0	0	0	0	0	1.86265e-09
214.2	3662.93	5087.4	825.34	6.87549	8.01754	0	46.8495	84.45	5.84337	64.1403	8.72665	2.90888	184.009	12.3759	8	0	-8	0	0	0	0	0	0	0	0	1.86265e-09
214.5	3662.66	5087.03	825.317	6.87549	8.01754	0	46.8461	84.4477	5.84295	64.1403	8.72665	2.90888	196.385	12.3759	8	0	-8	0	0	0	0	0	0	0	0	-2.79397e-08
214.8	3662.4	5086.67	825.295	6.87549	8.01754	0	46.8428	84.4453	5.84254	64.1403	8.72665	2.90888	208.761	12.3759	8	0	-8	0	0	0	0	0	0	0	0	4.84288e-08
215.1	3662.15	5086.31	825.272	6.87549	8.01754	0	46.8395	84.4431	5.84213	64.1403	8.72665	2.90888	221.137	12.3759	8	0	-8	0	0	0	0	0	0	0	0	5.21541e-08
215.4	3661.89	5085.96	825.25	6.87549	8.01754	0	46.8363	84.4408	5.84172	64.1403	8.72665	2.90888	233.513	12.3759	8	0	-8	0	0	0	0	0	0	0	0	-7.45058e-09
215.7	3661.64	5085.62	825.229	6.87549	8.01754	0	46.8331	84.4386	5.84133	64.1403	8.72665	2.90888	245.888	12.3759	8	0	-8	0	0	0	0	0	0	0	0	3.72529e-08
216	3661.4	5085.27	825.207	6.87549	8.01754	0	46.8299	84.4364	5.84093	64.1403	8.72665	2.90888	258.264	12.3759	8	0	-8	0	0	0	0	0	0	0	0	-3.72529e-09
216.3	3661.15	5084.94	825.186	6.87549	8.01754	0	46.8268	84.4342	5.84055	64.1403	8.72665	2.90888	270.64	12.3759	8	0	-8	0	0	0	0	0	0	0	0	6.51926e-09
216.6	3660.92	5084.6	825.165	6.87549	8.01754	0	46.8238	84.4321	5.84016	64.1403	8.72665	2.90888	283.016	12.3759	8	0	-8	0	0	0	0	0	0	0	0	-3.53903e-08
216.9	3660.68	5084.28	825.144	6.87549	8.01754	0	46.8207	84.43	5.83979	64.1403	8.72665	2.90888	295.392	12.3759	8	0	-8	0	0	0	0	0	0	0	0	-2.14204e-08
217.2	3660.45	5083.95	825.124	6.87549	8.01754	0	46.8178	84.4279	5.83942	64.1403	8.72665	2.90888	307.768	12.3759	8	0	-8	0	0	0	0	0	0	0	0	9.77889e-09
217.5	3660.22	5083.63	825.104	6.87549	8.01754	0	46.8148	84.4258	5.83905	64.1403	8.72665	2.90888	320.144	12.3759	8	0	-8	0	0	0	0	0	0	0	0	8.47504e-08
217.8	3659.99	5083.32	825.084	6.87549	8.01754	0	46.8119	84.4238	5.83869	64.1403	8.72665	2.90888	332.52	12.3759	8	0	-8	0	0	0	0	0	0	0	0	1.49012e-07
218.1	3659.77	5083.01	825.065	6.87549	8.01754	0	46.8091	84.4218	5.83833	64.1403	8.72665	2.90888	344.896	12.3759	8	0	-8	0	0	0	0	0	0	0	0	5.7742e-08
218.4	3659.54	5082.7	825.045	6.87549	8.01754	0	46.8062	84.4198	5.83798	64.1403	8.72665	2.90888	357.271	12.3759	8	0	-8	0	0	0	0	0	0	0	0	2.23517e-08
218.7	3659.33	5082.4	825.026	6.87549	8.01754	0	46.8034	84.4179	5.83763	64.1403	8.72665	2.90888	9.64734	12.3759	8	0	-8	0	0	0	0	0	0	0	0	-7.07805e-08
219	3659.11	5082.1	825.008	6.87549	8.01754	0	46.8007	84.416	5.83729	64.1403	8.72665	2.90888	22.0232	12.3759	8	0	-8	0	0	0	0	0	0	0	0	-8.19564e-08
219.3	3658.9	5081.8	824.989	6.87549	8.01754	0	46.798	84.4141	5.83695	64.1403	8.72665	2.90888	34.3991	12.3759	8	0	-8	0	0	0	0	0	0	0	0	-5.40167e-08
219.6	3658.69	5081.51	824.971	6.87549	8.01754	0	46.7953	84.4122	5.83661	64.1403	8.72665	2.90888	46.775	12.3759	8	0	-8	0	0	0	0	0	0	0	0	1.67638e-08
219.9	3658.48	5081.23	824.953	6.87549	8.01754	0	46.7927	84.4104	5.83629	64.1403	8.72665	2.90888	59.1509	12.3759	8	0	-8	0	0	0	0	0	0	0	0	2.6077e-08
220.2	3658.28	5080.94	824.935	6.87549	8.01754	0	46.7901	84.4086	5.83596	64.1403	8.72665	2.90888	71.5268	12.3759	8	0	-8	0	0	0	0	0	0	0	0	-2.23517e-08
220.5	3658.08	5080.67	824.918	6.87549	8.01754	0	46.7875	84.4068	5.83564	64.1403	8.72665	2.90888	83.9027	12.3759	8	0	-8	0	0	0	0	0	0	0	0	4.47035e-08
220.8	3657.88	5080.39	824.9	6.87549	8.01754	0	46.785	84.405	5.83532	64.1403	8.72665	2.90888	96.2786	12.3759	8	0	-8	0	0	0	0	0	0	0	0	7.91624e-08
221.1	3657.69	5080.12	824.883	6.87549	8.01754	0	46.7825	84.4032	5.83501	64.1403	8.72665	2.90888	108.654	12.3759	8	0	-8	0	0	0	0	0	0	0	0	-1.25729e-08
221.4	3657.49	5079.85	824.867	6.87549	8.01754	0	46.78	84.4015	5.8347	64.1403	8.72665	2.90888	121.03	12.3759	8	0	-8	0	0	0	0	0	0	0	0	-3.00352e-08
221.7	3657.3	5079.59	824.85	6.87549	8.01754	0	46.7776	84.3998	5.8344	64.1403	8.72665	2.90888	133.406	12.3759	8	0	-8	0	0	0	0	0	0	0	0	-1.10362e-07
222	3657.11	5079.33	824.834	6.87549	8.01754	0	46.7751	84.3982	5.8341	64.1403	8.72665	2.90888	145.782	12.3759	8	0	-8	0	0	0	0	0	0	0	0	-1.30385e-08
222.3	3656.93	5079.07	824.817	6.87549	8.01754	0	46.7728	84.3965	5.83381	64.1403	8.72665	2.90888	158.158	12.3759	8	0	-8	0	0	0	0	0	0	0	0	-5.58794e-09
222.6	3656.75	5078.81	824.802	6.87549	8.01754	0	46.7704	84.3949	5.83351	64.1403	8.72665	2.90888	170.534	12.3759	8	0	-8	0	0	0	0	0	0	0	0	-4.09782e-08
222.9	3656.57	5078.56	824.786	6.87549	8.01754	0	46.7681	84.3933	5.83323	64.1403	8.72665	2.90888	182.91	12.3759	8	0	-8	0	0	0	0	0	0	0	0	1.11759e-08
223.2	3656.39	5078.32	824.77	6.87549	8.01754	0	46.7659	84.3917	5.83294	64.1403	8.72665	2.90888	195.286	12.3759	8	0	-8	0	0	0	0	0	0	0	0	-2.23517e-08
223.5	3656.21	5078.07	824.755	6.87549	8.01754	0	46.7636	84.3901	5.83266	64.1403	8.72665	2.90888	207.662	12.3759	8	0	-8	0	0	0	0	0	0	0	0	-3.1665e-08
223.8	3656.04	5077.83	824.74	6.87549	8.01754	0	46.7614	84.3886	5.83238	64.1403	8.72665	2.90888	220.037	12.3759	8	0	-8	0	0	0	0	0	0	0	0	4.09782e-08
224.1	3655.87	5077.59	824.725	6.87549	8.01754	0	46.7592	84.387	5.83211	64.1403	8.72665	2.90888	232.413	12.3759	8	0	-8	0	0	0	0	0	0	0	0	-6.51926e-08
224.4	3655.7	5077.36	824.71	6.87549	8.01754	0	46.757	84.3855	5.83184	64.1403	8.72665	2.90888	244.789	12.3759	8	0	-8	0	0	0	0	0	0	0	0	-5.7742e-08
224.7	3655.53	5077.13	824.696	6.87549	8.01754	0	46.7549	84.3841	5.83158	64.1403	8.72665	2.90888	257.165	12.3759	8	0	-8	0	0	0	0	0	0	0	0	-1.15484e-07
225	3655.37	5076.9	824.682	6.87549	8.01754	0	46.7528	84.3826	5.83132	64.1403	8.72665	2.90888	269.541	12.3759	8	0	-8	0	0	0	0	0	0	0	0	1.95578e-08
225.3	3655.21	5076.68	824.668	6.87549	8.01754	0	46.7507	84.3812	5.83106	64.1403	8.72665	2.90888	281.917	12.3759	8	0	-8	0	0	0	0	0	0	0	0	-1.09896e-07
225.6	3655.05	5076.45	824.654	6.87549	8.01754	0	46.7487	84.3797	5.8308	64.1403	8.72665	2.90888	294.293	12.3759	8	0	-8	0	0	0	0	0	0	0	0	-2.72412e-08
225.9	3654.89	5076.23	824.64	6.87549	8.01754	0	46.7467	84.3783	5.83055	64.1403	8.72665	2.90888	306.669	12.3759	8	0	-8	0	0	0	0	0	0	0	0	-4.23752e-08
226.2	3654.73	5076.02	824.626	6.87549	8.01754	0	46.7447	84.3769	5.8303	64.1403	8.72665	2.90888	319.045	12.3759	8	0	-8	0	0	0	0	0	0	0	0	-1.21072e-08
226.5	3654.58	5075.8	824.613	6.87549	8.01754	0	46.7427	84.3756	5.83006	64.1403	8.72665	2.90888	331.42	12.3759	8	0	-8	0	0	0	0	0	0	0	0	-1.30385e-08
226.8	3654.43	5075.59	824.6	6.87549	8.01754	0	46.7408	84.3742	5.82981	64.1403	8.72665	2.90888	343.796	12.3759	8	0	-8	0	0	0	0	0	0	0	0	-5.58794e-08
227.1	3654.28	5075.39	824.587	6.87549	8.01754	0	46.7389	84.3729	5.82958	64.1403	8.72665	2.90888	356.172	12.3759	8	0	-8	0	0	0	0	0	0	0	0	7.45058e-09
227.4	3654.13	5075.18	824.574	6.87549	8.01754	0	46.737	84.3716	5.82934	64.1403	8.72665	2.90888	8.54812	12.3759	8	0	-8	0	0	0	0	0	0	0	0	1.49012e-08
227.7	3653.98	5074.98	824.561	6.87549	8.01754	0	46.7351	84.3703	5.82911	64.1403	8.72665	2.90888	20.924	12.3759	8	0	-8	0	0	0	0	0	0	0	0	4.09782e-08
228	3653.84	5074.78	824.549	6.87549	8.01754	0	46.7333	84.369	5.82888	64.1403	8.72665	2.90888	33.2999	12.3759	8	0	-8	0	0	0	0	0	0	0	0	-9.68575e-08
228.3	3653.7	5074.58	824.536	6.87549	8.01754	0	46.7315	84.3677	5.82865	64.1403	8.72665	2.90888	45.6758	12.3759	8	0	-8	0	0	0	0	0	0	0	0	-1.13621e-07
228.6	3653.56	5074.39	824.524	6.87549	8.01754	0	46.7297	84.3665	5.82843	64.1403	8.72665	2.90888	58.0517	12.3759	8	0	-8	0	0	0	0	0	0	0	0	4.28408e-08
228.9	3653.42	5074.2	824.512	6.87549	8.01754	0	46.7279	84.3653	5.82821	64.1403	8.72665	2.90888	70.4276	12.3759	8	0	-8	0	0	0	0	0	0	0	0	2.79397e-08
229.2	3653.29	5074.01	824.5	6.87549	8.01754	0	46.7262	84.3641	5.82799	64.1403	8.72665	2.90888	82.8035	12.3759	8	0	-8	0	0	0	0	0	0	0	0	2.79397e-08
229.5	3653.15	5073.82	824.489	6.87549	8.01754	0	46.7245	84.3629	5.82778	64.1403	8.72665	2.90888	95.1793	12.3759	8	0	-8	0	0	0	0	0	0	0	0	2.51457e-08
229.8	3653.02	5073.64	824.477	6.87549	8.01754	0	46.7228	84.3617	5.82757	64.1403	8.72665	2.90888	107.555	12.3759	8	0	-8	0	0	0	0	0	0	0	0	5.86733e-08
230.1	3652.89	5073.45	824.466	6.87549	8.01754	0	46.7211	84.3605	5.82736	64.1403	8.72665	2.90888	119.931	12.3759	8	0	-8	0	0	0	0	0	0	0	0	1.27096e-07
230.4	3652.76	5073.28	824.455	6.87549	8.01754	0	46.7194	84.3594	5.82715	64.1403	8.72665	2.90888	132.307	12.3759	8	0	-8	0	0	0	0	0	0	0	0	2.42144e-08
230.7	3652.63	5073.1	824.444	6.87549	8.01754	0	46.7178	84.3582	5.82695	64.1403	8.72665	2.90888	144.683	12.3759	8	0	-8	0	0	0	0	0	0	0	0	-4.84288e-08
231	3652.51	5072.92	824.433	6.87549	8.01754	0	46.7162	84.3571	5.82675	64.1403	8.72665	2.90888	157.059	12.3759	8	0	-8	0	0	0	0	0	0	0	0	-2.23517e-08
231.3	3652.38	5072.75	824.422	6.87549	8.01754	0	46.7146	84.356	5.82655	64.1403	8.72665	2.90888	169.435	12.3759	8	0	-8	0	0	0	0	0	0	0	0	5.58794e-09
231.6	3652.26	5072.58	824.411	6.87549	8.01754	0	46.713	84.3549	5.82635	64.1403	8.72665	2.90888	181.811	12.3759	8	0	-8	0	0	0	0	0	0	0	0	-5.21541e-08
231.9	3652.14	5072.41	824.401	6.87549	8.01754	0	46.7115	84.3539	5.82616	64.1403	8.72665	2.90888	194.186	12.3759	8	0	-8	0	0	0	0	0	0	0	0	4.09782e-08
232.2	3652.02	5072.25	824.39	6.87549	8.01754	0	46.71	84.3528	5.82597	64.1403	8.72665	2.90888	206.562	12.3759	8	0	-8	0	0	0	0	0	0	0	0	-5.7742e-08
232.5	3651.9	5072.08	824.38	6.87549	8.01754	0	46.7085	84.3518	5.82578	64.1403	8.72665	2.90888	218.938	12.3759	8	0	-8	0	0	0	0	0	0	0	0	4.47035e-08
232.8	3651.78	5071.92	824.37	6.87549	8.01754	0	46.707	84.3507	5.8256	64.1403	8.72665	2.90888	231.314	12.3759	8	0	-8	0	0	0	0	0	0	0	0	1.11759e-08
233.1	3651.67	5071.76	824.36	6.87549	8.01754	0	46.7055	84.3497	5.82542	64.1403	8.72665	2.90888	243.69	12.3759	8	0	-8	0	0	0	0	0	0	0	0	-5.7742e-08
233.4	3651.56	5071.61	824.35	6.87549	8.01754	0	46.7041	84.3487	5.82524	64.1403	8.72665	2.90888	256.066	12.3759	8	0	-8	0	0	0	0	0	0	0	0	-2.98023e-08
233.7	3651.45	5071.45	824.341	6.87549	8.01754	0	46.7026	84.3477	5.82506	64.1403	8.72665	2.90888	268.442	12.3759	8	0	-8	0	0	0	0	0	0	0	0	4.84288e-08
234	3651.34	5071.3	824.331	6.87549	8.01754	0	46.7012	84.3467	5.82488	64.1403	8.72665	2.90888	280.818	12.3759	8	0	-8	0	0	0	0	0	0	0	0	-6.51926e-09
234.3	3651.23	5071.15	824.322	6.87549	8.01754	0	46.6998	84.3458	5.82471	64.1403	8.72665	2.90888	293.194	12.3759	8	0	-8	0	0	0	0	0	0	0	0	-1.20141e-07
234.6	3651.12	5071	824.312	6.87549	8.01754	0	46.6985	84.3448	5.82454	64.1403	8.72665	2.90888	305.569	12.3759	8	0	-8	0	0	0	0	0	0	0	0	-3.37604e-08
234.9	3651.01	5070.85	824.303	6.87549	8.01754	0	46.6971	84.3439	5.82437	64.1403	8.72665	2.90888	317.945	12.3759	8	0	-8	0	0	0	0	0	0	0	0	-1.39698e-08
235.2	3650.91	5070.71	824.294	6.87549	8.01754	0	46.6958	84.343	5.8242	64.1403	8.72665	2.90888	330.321	12.3759	8	0	-8	0	0	0	0	0	0	0	0	-3.53903e-08
235.5	3650.81	5070.56	824.285	6.87549	8.01754	0	46.6945	84.342	5.82404	64.1403	8.72665	2.90888	342.697	12.3759	8	0	-8	0	0	0	0	0	0	0	0	9.68575e-08
235.8	3650.7	5070.42	824.276	6.87549	8.01754	0	46.6932	84.3411	5.82388	64.1403	8.72665	2.90888	355.073	12.3759	8	0	-8	0	0	0	0	0	0	0	0	1.86265e-08
236.1	3650.6	5070.28	824.268	6.87549	8.01754	0	46.6919	84.3403	5.82372	64.1403	8.72665	2.90888	7.44891	12.3759	8	0	-8	0	0	0	0	0	0	0	0	3.1665e-08
236.4	3650.51	5070.15	824.259	6.87549	8.01754	0	46.6906	84.3394	5.82356	64.1403	8.72665	2.90888	19.8248	12.3759	8	0	-8	0	0	0	0	0	0	0	0	3.35276e-08
236.7	3650.41	5070.01	824.251	6.87549	8.01754	0	46.6894	84.3385	5.8234	64.1403	8.72665	2.90888	32.2007	12.3759	8	0	-8	0	0	0	0	0	0	0	0	-1.39698e-07
237	3650.31	5069.88	824.242	6.87549	8.01754	0	46.6881	84.3377	5.82325	64.1403	8.72665	2.90888	44.5766	12.3759	8	0	-8	0	0	0	0	0	0	0	0	-1.86265e-09
237.3	3650.22	5069.74	824.234	6.87549	8.01754	0	46.6869	84.3368	5.8231	64.1403	8.72665	2.90888	56.9525	12.3759	8	0	-8	0	0	0	0	0	0	0	0	-6.51926e-08
237.6	3650.12	5069.61	824.226	6.87549	8.01754	0	46.6857	84.336	5.82295	64.1403	8.72665	2.90888	69.3284	12.3759	8	0	-8	0	0	0	0	0	0	0	0	-7.63685e-08
237.9	3650.03	5069.49	824.218	6.87549	8.01754	0	46.6845	84.3352	5.8228	64.1403	8.72665	2.90888	81.7042	12.3759	8	0	-8	0	0	0	0	0	0	0	0	2.42144e-08
238.2	3649.94	5069.36	824.21	6.87549	8.01754	0	46.6834	84.3343	5.82265	64.1403	8.72665	2.90888	94.0801	12.3759	8	0	-8	0	0	0	0	0	0	0	0	-1.39698e-08
238.5	3649.85	5069.23	824.202	6.87549	8.01754	0	46.6822	84.3335	5.82251	64.1403	8.72665	2.90888	106.456	12.3759	8	0	-8	0	0	0	0	0	0	0	0	1.86265e-08
238.8	3649.76	5069.11	824.194	6.87549	8.01754	0	46.6811	84.3328	5.82237	64.1403	8.72665	2.90888	118.832	12.3759	8	0	-8	0	0	0	0	0	0	0	0	-9.71195e-08
239.1	3649.67	5068.99	824.187	6.87549	8.01754	0	46.68	84.332	5.82223	64.1403	8.72665	2.90888	131.208	12.3759	8	0	-8	0	0	0	0	0	0	0	0	-3.49246e-08
239.4	3649.58	5068.87	824.179	6.87549	8.01754	0	46.6788	84.3312	5.82209	64.1403	8.72665	2.90888	143.584	12.3759	8	0	-8	0	0	0	0	0	0	0	0	1.30385e-08
239.7	3649.5	5068.75	824.172	6.87549	8.01754	0	46.6777	84.3305	5.82195	64.1403	8.72665	2.90888	155.96	12.3759	8	0	-8	0	0	0	0	0	0	0	0	1.11759e-08
240	3649.41	5068.63	824.165	6.87549	8.01754	0	46.6767	84.3297	5.82182	64.1403	8.72665	2.90888	168.335	12.3759	8	0	-8	0	0	0	0	0	0	0	0	-5.21541e-08
240.3	3649.33	5068.52	824.157	6.87549	8.01754	0	46.6756	84.329	5.82168	64.1403	8.72665	2.90888	180.711	12.3759	8	0	-8	0	0	0	0	0	0	0	0	9.49949e-08
240.6	3649.25	5068.4	824.15	6.87549	8.01754	0	46.6746	84.3282	5.82155	64.1403	8.72665	2.90888	193.087	12.3759	8	0	-8	0	0	0	0	0	0	0	0	-3.1665e-08
240.9	3649.17	5068.29	824.143	6.87549	8.01754	0	46.6735	84.3275	5.82142	64.1403	8.72665	2.90888	205.463	12.3759	8	0	-8	0	0	0	0	0	0	0	0	-1.02445e-07
241.2	3649.09	5068.18	824.136	6.87549	8.01754	0	46.6725	84.3268	5.8213	64.1403	8.72665	2.90888	217.839	12.3759	8	0	-8	0	0	0	0	0	0	0	0	2.6077e-08
241.5	3649.01	5068.07	824.129	6.87549	8.01754	0	46.6715	84.3261	5.82117	64.1403	8.72665	2.90888	230.215	12.3759	8	0	-8	0	0	0	0	0	0	0	0	-2.04891e-08
241.8	3648.93	5067.96	824.123	6.87549	8.01754	0	46.6705	84.3254	5.82105	64.1403	8.72665	2.90888	242.591	12.3759	8	0	-8	0	0	0	0	0	0	0	0	5.58794e-08
242.1	3648.85	5067.85	824.116	6.87549	8.01754	0	46.6695	84.3247	5.82092	64.1403	8.72665	2.90888	254.967	12.3759	8	0	-8	0	0	0	0	0	0	0	0	1.11759e-08
242.4	3648.78	5067.75	824.109	6.87549	8.01754	0	46.6685	84.3241	5.8208	64.1403	8.72665	2.90888	267.343	12.3759	8	0	-8	0	0	0	0	0	0	0	0	-6.70552e-08
242.7	3648.7	5067.64	824.103	6.87549	8.01754	0	46.6676	84.3234	5.82068	64.1403	8.72665	2.90888	279.718	12.3759	8	0	-8	0	0	0	0	0	0	0	0	-8.56817e-08
243	3648.63	5067.54	824.097	6.87549	8.01754	0	46.6666	84.3227	5.82056	64.1403	8.72665	2.90888	292.094	12.3759	8	0	-8	0	0	0	0	0	0	0	0	-9.12696e-08
243.3	3648.56	5067.44	824.09	6.87549	8.01754	0	46.6657	84.3221	5.82045	64.1403	8.72665	2.90888	304.47	12.3759	8	0	-8	0	0	0	0	0	0	0	0	6.91507e-08
243.6	3648.48	5067.34	824.084	6.87549	8.01754	0	46.6648	84.3215	5.82033	64.1403	8.72665	2.90888	316.846	12.3759	8	0	-8	0	0	0	0	0	0	0	0	4.28408e-08
243.9	3648.41	5067.24	824.078	6.87549	8.01754	0	46.6639	84.3208	5.82022	64.1403	8.72665	2.90888	329.222	12.3759	8	0	-8	0	0	0	0	0	0	0	0	-1.76951e-08
244.2	3648.34	5067.14	824.072	6.87549	8.01754	0	46.663	84.3202	5.82011	64.1403	8.72665	2.90888	341.598	12.3759	8	0	-8	0	0	0	0	0	0	0	0	-9.49949e-08
244.5	3648.27	5067.05	824.066	6.87549	8.01754	0	46.6621	84.3196	5.82	64.1403	8.72665	2.90888	353.974	12.3759	8	0	-8	0	0	0	0	0	0	0	0	2.6077e-08
244.8	3648.21	5066.95	824.06	6.87549	8.01754	0	46.6612	84.319	5.81989	64.1403	8.72665	2.90888	6.3497	12.3759	8	0	-8	0	0	0	0	0	0	0	0	-9.49949e-08
245.1	3648.14	5066.86	824.054	6.87549	8.01754	0	46.6603	84.3184	5.81978	64.1403	8.72665	2.90888	18.7256	12.3759	8	0	-8	0	0	0	0	0	0	0	0	-3.91155e-08
245.4	3648.07	5066.77	824.048	6.87549	8.01754	0	46.6595	84.3178	5.81968	64.1403	8.72665	2.90888	31.1015	12.3759	8	0	-8	0	0	0	0	0	0	0	0	6.51926e-08
245.7	3648.01	5066.67	824.043	6.87549	8.01754	0	46.6587	84.3172	5.81957	64.1403	8.72665	2.90888	43.4774	12.3759	8	0	-8	0	0	0	0	0	0	0	0	4.09782e-08
246	3647.94	5066.58	824.037	6.87549	8.01754	0	46.6578	84.3167	5.81947	64.1403	8.72665	2.90888	55.8533	12.3759	8	0	-8	0	0	0	0	0	0	0	0	5.21541e-08
246.3	3647.88	5066.5	824.032	6.87549	8.01754	0	46.657	84.3161	5.81936	64.1403	8.72665	2.90888	68.2291	12.3759	8	0	-8	0	0	0	0	0	0	0	0	4.65661e-08
246.6	3647.81	5066.41	824.026	6.87549	8.01754	0	46.6562	84.3155	5.81926	64.1403	8.72665	2.90888	80.605	12.3759	8	0	-8	0	0	0	0	0	0	0	0	-1.67638e-08
246.9	3647.75	5066.32	824.021	6.87549	8.01754	0	46.6554	84.315	5.81916	64.1403	8.72665	2.90888	92.9809	12.3759	8	0	-8	0	0	0	0	0	0	0	0	6.79865e-08
247.2	3647.69	5066.24	824.015	6.87549	8.01754	0	46.6546	84.3144	5.81907	64.1403	8.72665	2.90888	105.357	12.3759	8	0	-8	0	0	0	0	0	0	0	0	8.6613e-08
247.5	3647.63	5066.15	824.01	6.87549	8.01754	0	46.6538	84.3139	5.81897	64.1403	8.72665	2.90888	117.733	12.3759	8	0	-8	0	0	0	0	0	0	0	0	-1.04192e-08
247.8	3647.57	5066.07	824.005	6.87549	8.01754	0	46.6531	84.3134	5.81887	64.1403	8.72665	2.90888	130.109	12.3759	8	0	-8	0	0	0	0	0	0	0	0	7.45058e-09
248.1	3647.51	5065.99	824	6.87549	8.01754	0	46.6523	84.3128	5.81878	64.1403	8.72665	2.90888	142.484	12.3759	8	0	-8	0	0	0	0	0	0	0	0	-6.51926e-09
248.4	3647.45	5065.91	823.995	6.87549	8.01754	0	46.6516	84.3123	5.81869	64.1403	8.72665	2.90888	154.86	12.3759	8	0	-8	0	0	0	0	0	0	0	0	1.86265e-08
248.7	3647.4	5065.83	823.99	6.87549	8.01754	0	46.6508	84.3118	5.8186	64.1403	8.72665	2.90888	167.236	12.3759	8	0	-8	0	0	0	0	0	0	0	0	7.07805e-08
249	3647.34	5065.75	823.985	6.87549	8.01754	0	46.6501	84.3113	5.81851	64.1403	8.72665	2.90888	179.612	12.3759	8	0	-8	0	0	0	0	0	0	0	0	8.9407e-08
249.3	3647.28	5065.67	823.98	6.87549	8.01754	0	46.6494	84.3108	5.81842	64.1403	8.72665	2.90888	191.988	12.3759	8	0	-8	0	0	0	0	0	0	0	0	-9.31323e-09
249.6	3647.23	5065.59	823.975	6.87549	8.01754	0	46.6487	84.3103	5.81833	64.1403	8.72665	2.90888	204.364	12.3759	8	0	-8	0	0	0	0	0	0	0	0	6.33299e-08
249.9	3647.17	5065.52	823.971	6.87549	8.01754	0	46.648	84.3099	5.81824	64.1403	8.72665	2.90888	216.74	12.3759	8	0	-8	0	0	0	0	0	0	0	0	-5.58794e-08
250.2	3647.12	5065.44	823.966	6.87549	8.01754	0	46.6473	84.3094	5.81815	64.1403	8.72665	2.90888	229.116	12.3759	8	0	-8	0	0	0	0	0	0	0	0	1.86265e-08
250.5	3647.07	5065.37	823.961	6.87549	8.01754	0	46.6466	84.3089	5.81807	64.1403	8.72665	2.90888	241.492	12.3759	8	0	-8	0	0	0	0	0	0	0	0	3.72529e-09
250.8	3647.01	5065.3	823.957	6.87549	8.01754	0	46.6459	84.3084	5.81799	64.1403	8.72665	2.90888	253.867	12.3759	8	0	-8	0	0	0	0	0	0	0	0	-2.23517e-08
251.1	3646.96	5065.22	823.952	6.87549	8.01754	0	46.6453	84.308	5.8179	64.1403	8.72665	2.90888	266.243	12.3759	8	0	-8	0	0	0	0	0	0	0	0	-1.41561e-07
251.4	3646.91	5065.15	823.948	6.87549	8.01754	0	46.6446	84.3075	5.81782	64.1403	8.72665	2.90888	278.619	12.3759	8	0	-8	0	0	0	0	0	0	0	0	-3.1665e-08
251.7	3646.86	5065.08	823.944	6.87549	8.01754	0	46.644	84.3071	5.81774	64.1403	8.72665	2.90888	290.995	12.3759	8	0	-8	0	0	0	0	0	0	0	0	-3.67872e-08
252	3646.81	5065.01	823.939	6.87549	8.01754	0	46.6434	84.3067	5.81766	64.1403	8.72665	2.90888	303.371	12.3759	8	0	-8	0	0	0	0	0	0	0	0	7.77654e-08
252.3	3646.76	5064.95	823.935	6.87549	8.01754	0	46.6427	84.3062	5.81758	64.1403	8.72665	2.90888	315.747	12.3759	8	0	-8	0	0	0	0	0	0	0	0	-1.05239e-07
252.6	3646.71	5064.88	823.931	6.87549	8.01754	0	46.6421	84.3058	5.81751	64.1403	8.72665	2.90888	328.123	12.3759	8	0	-8	0	0	0	0	0	0	0	0	5.86733e-08
252.9	3646.66	5064.81	823.927	6.87549	8.01754	0	46.6415	84.3054	5.81743	64.1403	8.72665	2.90888	340.499	12.3759	8	0	-8	0	0	0	0	0	0	0	0	-1.11759e-08
253.2	3646.62	5064.75	823.923	6.87549	8.01754	0	46.6409	84.305	5.81735	64.1403	8.72665	2.90888	352.875	12.3759	8	0	-8	0	0	0	0	0	0	0	0	1.11759e-07
253.5	3646.57	5064.68	823.919	6.87549	8.01754	0	46.6403	84.3045	5.81728	64.1403	8.72665	2.90888	5.25048	12.3759	8	0	-8	0	0	0	0	0	0	0	0	3.91155e-08
253.8	3646.52	5064.62	823.915	6.87549	8.01754	0	46.6397	84.3041	5.81721	64.1403	8.72665	2.90888	17.6264	12.3759	8	0	-8	0	0	0	0	0	0	0	0	-4.09782e-08
254.1	3646.48	5064.55	823.911	6.87549	8.01754	0	46.6391	84.3037	5.81713	64.1403	8.72665	2.90888	30.0023	12.3759	8	0	-8	0	0	0	0	0	0	0	0	-2.42144e-08
254.4	3646.43	5064.49	823.907	6.87549	8.01754	0	46.6385	84.3033	5.81706	64.1403	8.72665	2.90888	42.3782	12.3759	8	0	-8	0	0	0	0	0	0	0	0	5.40167e-08
254.7	3646.39	5064.43	823.903	6.87549	8.01754	0	46.638	84.3029	5.81699	64.1403	8.72665	2.90888	54.754	12.3759	8	0	-8	0	0	0	0	0	0	0	0	5.40167e-08
255	3646.35	5064.37	823.899	6.87549	8.01754	0	46.6374	84.3026	5.81692	64.1403	8.72665	2.90888	67.1299	12.3759	8	0	-8	0	0	0	0	0	0	0	0	-5.40167e-08
255.3	3646.3	5064.31	823.896	6.87549	8.01754	0	46.6369	84.3022	5.81685	64.1403	8.72665	2.90888	79.5058	12.3759	8	0	-8	0	0	0	0	0	0	0	0	1.22935e-07
255.6	3646.26	5064.25	823.892	6.87549	8.01754	0	46.6363	84.3018	5.81679	64.1403	8.72665	2.90888	91.8817	12.3759	8	0	-8	0	0	0	0	0	0	0	0	2.79397e-09
255.9	3646.22	5064.19	823.888	6.87549	8.01754	0	46.6358	84.3014	5.81672	64.1403	8.72665	2.90888	104.258	12.3759	8	0	-8	0	0	0	0	0	0	0	0	-4.00469e-08
256.2	3646.18	5064.14	823.885	6.87549	8.01754	0	46.6353	84.3011	5.81665	64.1403	8.72665	2.90888	116.633	12.3759	8	0	-8	0	0	0	0	0	0	0	0	4.74975e-08
256.5	3646.14	5064.08	823.881	6.87549	8.01754	0	46.6347	84.3007	5.81659	64.1403	8.72665	2.90888	129.009	12.3759	8	0	-8	0	0	0	0	0	0	0	0	4.51691e-08
256.8	3646.1	5064.02	823.878	6.87549	8.01754	0	46.6342	84.3004	5.81652	64.1403	8.72665	2.90888	141.385	12.3759	8	0	-8	0	0	0	0	0	0	0	0	-2.8871e-08
257.1	3646.06	5063.97	823.874	6.87549	8.01754	0	46.6337	84.3	5.81646	64.1403	8.72665	2.90888	153.761	12.3759	8	0	-8	0	0	0	0	0	0	0	0	3.53903e-08
257.4	3646.02	5063.91	823.871	6.87549	8.01754	0	46.6332	84.2997	5.8164	64.1403	8.72665	2.90888	166.137	12.3759	8	0	-8	0	0	0	0	0	0	0	0	-8.56817e-08
257.7	3645.98	5063.86	823.868	6.87549	8.01754	0	46.6327	84.2993	5.81634	64.1403	8.72665	2.90888	178.513	12.3759	8	0	-8	0	0	0	0	0	0	0	0	-9.49949e-08
258	3645.94	5063.81	823.864	6.87549	8.01754	0	46.6322	84.299	5.81627	64.1403	8.72665	2.90888	190.889	12.3759	8	0	-8	0	0	0	0	0	0	0	0	-1.86265e-09
258.3	3645.9	5063.75	823.861	6.87549	8.01754	0	46.6317	84.2987	5.81621	64.1403	8.72665	2.90888	203.265	12.3759	8	0	-8	0	0	0	0	0	0	0	0	0
258.6	3645.87	5063.7	823.858	6.87549	8.01754	0	46.6313	84.2983	5.81616	64.1403	8.72665	2.90888	215.641	12.3759	8	0	-8	0	0	0	0	0	0	0	0	-1.86265e-09
258.9	3645.83	5063.65	823.855	6.87549	8.01754	0	46.6308	84.298	5.8161	64.1403	8.72665	2.90888	228.016	12.3759	8	0	-8	0	0	0	0	0	0	0	0	0
259.2	3645.79	5063.6	823.852	6.87549	8.01754	0	46.6303	84.2977	5.81604	64.1403	8.72665	2.90888	240.392	12.3759	8	0	-8	0	0	0	0	0	0	0	0	1.11759e-08
259.5	3645.76	5063.55	823.849	6.87549	8.01754	0	46.6299	84.2974	5.81598	64.1403	8.72665	2.90888	252.768	12.3759	8	0	-8	0	0	0	0	0	0	0	0	3.91155e-08
259.8	3645.72	5063.5	823.846	6.87549	8.01754	0	46.6294	84.2971	5.81593	64.1403	8.72665	2.90888	265.144	12.3759	8	0	-8	0	0	0	0	0	0	0	0	-6.51926e-08
260.1	3645.69	5063.45	823.843	6.87549	8.01754	0	46.629	84.2967	5.81587	64.1403	8.72665	2.90888	277.52	12.3759	8	0	-8	0	0	0	0	0	0	0	0	-9.59262e-08
260.4	3645.65	5063.41	823.84	6.87549	8.01754	0	46.6285	84.2964	5.81581	64.1403	8.72665	2.90888	289.896	12.3759	8	0	-8	0	0	0	0	0	0	0	0	-4.19095e-09
260.7	3645.62	5063.36	823.837	6.87549	8.01754	0	46.6281	84.2961	5.81576	64.1403	8.72665	2.90888	302.272	12.3759	8	0	-8	0	0	0	0	0	0	0	0	-2.95695e-08
261	3645.58	5063.31	823.834	6.87549	8.01754	0	46.6277	84.2958	5.81571	64.1403	8.72665	2.90888	314.648	12.3759	8	0	-8	0	0	0	0	0	0	0	0	-3.25963e-08
261.3	3645.55	5063.27	823.831	6.87549	8.01754	0	46.6273	84.2956	5.81565	64.1403	8.72665	2.90888	327.024	12.3759	8	0	-8	0	0	0	0	0	0	0	0	8.6613e-08
261.6	3645.52	5063.22	823.828	6.87549	8.01754	0	46.6268	84.2953	5.8156	64.1403	8.72665	2.90888	339.399	12.3759	8	0	-8	0	0	0	0	0	0	0	0	1.11759e-08
261.9	3645.49	5063.18	823.825	6.87549	8.01754	0	46.6264	84.295	5.81555	64.1403	8.72665	2.90888	351.775	12.3759	8	0	-8	0	0	0	0	0	0	0	0	5.58794e-08
262.2	3645.45	5063.13	823.823	6.87549	8.01754	0	46.626	84.2947	5.8155	64.1403	8.72665	2.90888	4.15127	12.3759	8	0	-8	0	0	0	0	0	0	0	0	-4.28408e-08
262.5	3645.42	5063.09	823.82	6.87549	8.01754	0	46.6256	84.2944	5.81545	64.1403	8.72665	2.90888	16.5272	12.3759	8	0	-8	0	0	0	0	0	0	0	0	-1.02445e-07
262.8	3645.39	5063.04	823.817	6.87549	8.01754	0	46.6252	84.2942	5.8154	64.1403	8.72665	2.90888	28.9031	12.3759	8	0	-8	0	0	0	0	0	0	0	0	-2.42144e-08
263.1	3645.36	5063	823.815	6.87549	8.01754	0	46.6248	84.2939	5.81535	64.1403	8.72665	2.90888	41.2789	12.3759	8	0	-8	0	0	0	0	0	0	0	0	-4.09782e-08
263.4	3645.33	5062.96	823.812	6.87549	8.01754	0	46.6244	84.2936	5.8153	64.1403	8.72665	2.90888	53.6548	12.3759	8	0	-8	0	0	0	0	0	0	0	0	-1.11759e-07
263.7	3645.3	5062.92	823.809	6.87549	8.01754	0	46.6241	84.2934	5.81526	64.1403	8.72665	2.90888	66.0307	12.3759	8	0	-8	0	0	0	0	0	0	0	0	-8.19564e-08
264	3645.27	5062.88	823.807	6.87549	8.01754	0	46.6237	84.2931	5.81521	64.1403	8.72665	2.90888	78.4066	12.3759	8	0	-8	0	0	0	0	0	0	0	0	9.49949e-08
264.3	3645.24	5062.84	823.804	6.87549	8.01754	0	46.6233	84.2928	5.81516	64.1403	8.72665	2.90888	90.7825	12.3759	8	0	-8	0	0	0	0	0	0	0	0	7.45058e-09
264.6	3645.21	5062.8	823.802	6.87549	8.01754	0	46.6229	84.2926	5.81512	64.1403	8.72665	2.90888	103.158	12.3759	8	0	-8	0	0	0	0	0	0	0	0	4.56348e-08
264.9	3645.19	5062.76	823.799	6.87549	8.01754	0	46.6226	84.2923	5.81507	64.1403	8.72665	2.90888	115.534	12.3759	8	0	-8	0	0	0	0	0	0	0	0	-9.63919e-08
265.2	3645.16	5062.72	823.797	6.87549	8.01754	0	46.6222	84.2921	5.81503	64.1403	8.72665	2.90888	127.91	12.3759	8	0	-8	0	0	0	0	0	0	0	0	1.14087e-07
265.5	3645.13	5062.68	823.795	6.87549	8.01754	0	46.6219	84.2919	5.81498	64.1403	8.72665	2.90888	140.286	12.3759	8	0	-8	0	0	0	0	0	0	0	0	-1.59256e-07
265.8	3645.1	5062.64	823.792	6.87549	8.01754	0	46.6215	84.2916	5.81494	64.1403	8.72665	2.90888	152.662	12.3759	8	0	-8	0	0	0	0	0	0	0	0	3.35276e-08
266.1	3645.08	5062.61	823.79	6.87549	8.01754	0	46.6212	84.2914	5.8149	64.1403	8.72665	2.90888	165.038	12.3759	8	0	-8	0	0	0	0	0	0	0	0	-5.02914e-08
266.4	3645.05	5062.57	823.788	6.87549	8.01754	0	46.6208	84.2911	5.81485	64.1403	8.72665	2.90888	177.414	12.3759	8	0	-8	0	0	0	0	0	0	0	0	3.91155e-08
266.7	3645.02	5062.53	823.786	6.87549	8.01754	0	46.6205	84.2909	5.81481	64.1403	8.72665	2.90888	189.79	12.3759	8	0	-8	0	0	0	0	0	0	0	0	1.86265e-08
267	3645	5062.5	823.783	6.87549	8.01754	0	46.6202	84.2907	5.81477	64.1403	8.72665	2.90888	202.165	12.3759	8	0	-8	0	0	0	0	0	0	0	0	2.42144e-08
267.3	3644.97	5062.46	823.781	6.87549	8.01754	0	46.6199	84.2905	5.81473	64.1403	8.72665	2.90888	214.541	12.3759	8	0	-8	0	0	0	0	0	0	0	0	8.00937e-08
267.6	3644.95	5062.43	823.779	6.87549	8.01754	0	46.6195	84.2902	5.81469	64.1403	8.72665	2.90888	226.917	12.3759	8	0	-8	0	0	0	0	0	0	0	0	6.33299e-08
267.9	3644.92	5062.39	823.777	6.87549	8.01754	0	46.6192	84.29	5.81465	64.1403	8.72665	2.90888	239.293	12.3759	8	0	-8	0	0	0	0	0	0	0	0	6.14673e-08
268.2	3644.9	5062.36	823.775	6.87549	8.01754	0	46.6189	84.2898	5.81461	64.1403	8.72665	2.90888	251.669	12.3759	8	0	-8	0	0	0	0	0	0	0	0	-2.42144e-08
268.5	3644.87	5062.32	823.773	6.87549	8.01754	0	46.6186	84.2896	5.81457	64.1403	8.72665	2.90888	264.045	12.3759	8	0	-8	0	0	0	0	0	0	0	0	2.79397e-08
268.8	3644.85	5062.29	823.771	6.87549	8.01754	0	46.6183	84.2894	5.81454	64.1403	8.72665	2.90888	276.421	12.3759	8	0	-8	0	0	0	0	0	0	0	0	1.11759e-08
269.1	3644.83	5062.26	823.769	6.87549	8.01754	0	46.618	84.2892	5.8145	64.1403	8.72665	2.90888	288.797	12.3759	8	0	-8	0	0	0	0	0	0	0	0	6.98492e-08
269.4	3644.8	5062.23	823.767	6.87549	8.01754	0	46.6177	84.289	5.81446	64.1403	8.72665	2.90888	301.173	12.3759	8	0	-8	0	0	0	0	0	0	0	0	4.83124e-08
269.7	3644.78	5062.19	823.765	6.87549	8.01754	0	46.6174	84.2888	5.81442	64.1403	8.72665	2.90888	313.549	12.3759	8	0	-8	0	0	0	0	0	0	0	0	6.14673e-08
270	3644.76	5062.16	823.763	6.87549	8.01754	0	46.6171	84.2886	5.81439	64.1403	8.72665	2.90888	325.924	12.3759	8	0	-8	0	0	0	0	0	0	0	0	5.40167e-08
270.3	3644.74	5062.13	823.761	6.87549	8.01754	0	46.6168	84.2884	5.81435	64.1403	8.72665	2.90888	338.3	12.3759	8	0	-8	0	0	0	0	0	0	0	0	1.17347e-07
270.6	3644.71	5062.1	823.759	6.87549	8.01754	0	46.6165	84.2882	5.81432	64.1403	8.72665	2.90888	350.676	12.3759	8	0	-8	0	0	0	0	0	0	0	0	1.11759e-08
270.9	3644.69	5062.07	823.757	6.87549	8.01754	0	46.6163	84.288	5.81428	64.1403	8.72665	2.90888	3.05206	12.3759	8	0	-8	0	0	0	0	0	0	0	0	3.91155e-08
271.2	3644.67	5062.04	823.755	6.87549	8.01754	0	46.616	84.2878	5.81425	64.1403	8.72665	2.90888	15.4279	12.3759	8	0	-8	0	0	0	0	0	0	0	0	-8.19564e-08
271.5	3644.65	5062.01	823.753	6.87549	8.01754	0	46.6157	84.2876	5.81421	64.1403	8.72665	2.90888	27.8038	12.3759	8	0	-8	0	0	0	0	0	0	0	0	3.35276e-08
271.8	3644.63	5061.98	823.752	6.87549	8.01754	0	46.6154	84.2874	5.81418	64.1403	8.72665	2.90888	40.1797	12.3759	8	0	-8	0	0	0	0	0	0	0	0	2.6077e-08
272.1	3644.61	5061.95	823.75	6.87549	8.01754	0	46.6152	84.2873	5.81415	64.1403	8.72665	2.90888	52.5556	12.3759	8	0	-8	0	0	0	0	0	0	0	0	-1.11759e-08
272.4	3644.59	5061.93	823.748	6.87549	8.01754	0	46.6149	84.2871	5.81412	64.1403	8.72665	2.90888	64.9315	12.3759	8	0	-8	0	0	0	0	0	0	0	0	8.75443e-08
272.7	3644.57	5061.9	823.746	6.87549	8.01754	0	46.6147	84.2869	5.81408	64.1403	8.72665	2.90888	77.3074	12.3759	8	0	-8	0	0	0	0	0	0	0	0	-2.98023e-08
273	3644.55	5061.87	823.745	6.87549	8.01754	0	46.6144	84.2867	5.81405	64.1403	8.72665	2.90888	89.6833	12.3759	8	0	-8	0	0	0	0	0	0	0	0	5.21541e-08
273.3	3644.53	5061.84	823.743	6.87549	8.01754	0	46.6142	84.2866	5.81402	64.1403	8.72665	2.90888	102.059	12.3759	8	0	-8	0	0	0	0	0	0	0	0	2.79397e-09
273.6	3644.51	5061.82	823.741	6.87549	8.01754	0	46.6139	84.2864	5.81399	64.1403	8.72665	2.90888	114.435	12.3759	8	0	-8	0	0	0	0	0	0	0	0	-3.1665e-08
273.9	3644.49	5061.79	823.74	6.87549	8.01754	0	46.6137	84.2862	5.81396	64.1403	8.72665	2.90888	126.811	12.3759	8	0	-8	0	0	0	0	0	0	0	0	7.96281e-08
274.2	3644.47	5061.76	823.738	6.87549	8.01754	0	46.6134	84.286	5.81393	64.1403	8.72665	2.90888	139.187	12.3759	8	0	-8	0	0	0	0	0	0	0	0	-9.31323e-09
274.5	3644.45	5061.74	823.736	6.87549	8.01754	0	46.6132	84.2859	5.8139	64.1403	8.72665	2.90888	151.563	12.3759	8	0	-8	0	0	0	0	0	0	0	0	-4.84288e-08
274.8	3644.43	5061.71	823.735	6.87549	8.01754	0	46.6129	84.2857	5.81387	64.1403	8.72665	2.90888	163.939	12.3759	8	0	-8	0	0	0	0	0	0	0	0	-1.49012e-08
275.1	3644.41	5061.69	823.733	6.87549	8.01754	0	46.6127	84.2856	5.81384	64.1403	8.72665	2.90888	176.315	12.3759	8	0	-8	0	0	0	0	0	0	0	0	1.67638e-08
275.4	3644.4	5061.66	823.732	6.87549	8.01754	0	46.6125	84.2854	5.81381	64.1403	8.72665	2.90888	188.69	12.3759	8	0	-8	0	0	0	0	0	0	0	0	8.00937e-08
275.7	3644.38	5061.64	823.73	6.87549	8.01754	0	46.6123	84.2853	5.81378	64.1403	8.72665	2.90888	201.066	12.3759	8	0	-8	0	0	0	0	0	0	0	0	3.91155e-08
276	3644.36	5061.61	823.729	6.87549	8.01754	0	46.612	84.2851	5.81376	64.1403	8.72665	2.90888	213.442	12.3759	8	0	-8	0	0	0	0	0	0	0	0	-5.02914e-08
276.3	3644.34	5061.59	823.727	6.87549	8.01754	0	46.6118	84.2849	5.81373	64.1403	8.72665	2.90888	225.818	12.3759	8	0	-8	0	0	0	0	0	0	0	0	7.07805e-08
276.6	3644.33	5061.57	823.726	6.87549	8.01754	0	46.6116	84.2848	5.8137	64.1403	8.72665	2.90888	238.194	12.3759	8	0	-8	0	0	0	0	0	0	0	0	-1.21072e-07
276.9	3644.31	5061.54	823.724	6.87549	8.01754	0	46.6114	84.2847	5.81367	64.1403	8.72665	2.90888	250.57	12.3759	8	0	-8	0	0	0	0	0	0	0	0	-5.40167e-08
277.2	3644.29	5061.52	823.723	6.87549	8.01754	0	46.6112	84.2845	5.81365	64.1403	8.72665	2.90888	262.946	12.3759	8	0	-8	0	0	0	0	0	0	0	0	-1.11759e-08
277.5	3644.28	5061.5	823.722	6.87549	8.01754	0	46.611	84.2844	5.81362	64.1403	8.72665	2.90888	275.322	12.3759	8	0	-8	0	0	0	0	0	0	0	0	-6.61239e-08
277.8	3644.26	5061.47	823.72	6.87549	8.01754	0	46.6108	84.2842	5.8136	64.1403	8.72665	2.90888	287.698	12.3759	8	0	-8	0	0	0	0	0	0	0	0	3.21306e-08
278.1	3644.25	5061.45	823.719	6.87549	8.01754	0	46.6106	84.2841	5.81357	64.1403	8.72665	2.90888	300.073	12.3759	8	0	-8	0	0	0	0	0	0	0	0	2.59315e-08
278.4	3644.23	5061.43	823.717	6.87549	8.01754	0	46.6104	84.2839	5.81355	64.1403	8.72665	2.90888	312.449	12.3759	8	0	-8	0	0	0	0	0	0	0	0	-6.70552e-08
278.7	3644.21	5061.41	823.716	6.87549	8.01754	0	46.6102	84.2838	5.81352	64.1403	8.72665	2.90888	324.825	12.3759	8	0	-8	0	0	0	0	0	0	0	0	-4.65661e-08
279	3644.2	5061.39	823.715	6.87549	8.01754	0	46.61	84.2837	5.8135	64.1403	8.72665	2.90888	337.201	12.3759	8	0	-8	0	0	0	0	0	0	0	0	-4.09782e-08
279.3	3644.18	5061.37	823.714	6.87549	8.01754	0	46.6098	84.2835	5.81347	64.1403	8.72665	2.90888	349.577	12.3759	8	0	-8	0	0	0	0	0	0	0	0	-2.6077e-08
279.6	3644.17	5061.35	823.712	6.87549	8.01754	0	46.6096	84.2834	5.81345	64.1403	8.72665	2.90888	1.95285	12.3759	8	0	-8	0	0	0	0	0	0	0	0	-6.14673e-08
279.9	3644.15	5061.33	823.711	6.87549	8.01754	0	46.6094	84.2833	5.81343	64.1403	8.72665	2.90888	14.3287	12.3759	8	0	-8	0	0	0	0	0	0	0	0	-1.86265e-09
280.2	3644.14	5061.31	823.71	6.87549	8.01754	0	46.6092	84.2832	5.8134	64.1403	8.72665	2.90888	26.7046	12.3759	8	0	-8	0	0	0	0	0	0	0	0	-2.6077e-08
280.5	3644.13	5061.29	823.708	6.87549	8.01754	0	46.609	84.283	5.81338	64.1403	8.72665	2.90888	39.0805	12.3759	8	0	-8	0	0	0	0	0	0	0	0	-2.98023e-08
280.8	3644.11	5061.27	823.707	6.87549	8.01754	0	46.6088	84.2829	5.81336	64.1403	8.72665	2.90888	51.4564	12.3759	8	0	-8	0	0	0	0	0	0	0	0	1.86265e-09
281.1	3644.1	5061.25	823.706	6.87549	8.01754	0	46.6087	84.2828	5.81333	64.1403	8.72665	2.90888	63.8323	12.3759	8	0	-8	0	0	0	0	0	0	0	0	1.17347e-07
281.4	3644.08	5061.23	823.705	6.87549	8.01754	0	46.6085	84.2827	5.81331	64.1403	8.72665	2.90888	76.2082	12.3759	8	0	-8	0	0	0	0	0	0	0	0	-6.14673e-08
281.7	3644.07	5061.21	823.704	6.87549	8.01754	0	46.6083	84.2825	5.81329	64.1403	8.72665	2.90888	88.5841	12.3759	8	0	-8	0	0	0	0	0	0	0	0	-1.11759e-08
282	3644.06	5061.19	823.703	6.87549	8.01754	0	46.6081	84.2824	5.81327	64.1403	8.72665	2.90888	100.96	12.3759	8	0	-8	0	0	0	0	0	0	0	0	3.44589e-08
282.3	3644.04	5061.17	823.701	6.87549	8.01754	0	46.608	84.2823	5.81325	64.1403	8.72665	2.90888	113.336	12.3759	8	0	-8	0	0	0	0	0	0	0	0	-2.14204e-08
282.6	3644.03	5061.15	823.7	6.87549	8.01754	0	46.6078	84.2822	5.81323	64.1403	8.72665	2.90888	125.712	12.3759	8	0	-8	0	0	0	0	0	0	0	0	9.28994e-08
282.9	3644.02	5061.13	823.699	6.87549	8.01754	0	46.6076	84.2821	5.81321	64.1403	8.72665	2.90888	138.088	12.3759	8	0	-8	0	0	0	0	0	0	0	0	-2.32831e-08
283.2	3644	5061.12	823.698	6.87549	8.01754	0	46.6075	84.282	5.81319	64.1403	8.72665	2.90888	150.464	12.3759	8	0	-8	0	0	0	0	0	0	0	0	4.84288e-08
283.5	3643.99	5061.1	823.697	6.87549	8.01754	0	46.6073	84.2819	5.81317	64.1403	8.72665	2.90888	162.839	12.3759	8	0	-8	0	0	0	0	0	0	0	0	3.1665e-08
283.8	3643.98	5061.08	823.696	6.87549	8.01754	0	46.6072	84.2818	5.81315	64.1403	8.72665	2.90888	175.215	12.3759	8	0	-8	0	0	0	0	0	0	0	0	2.79397e-08
284.1	3643.97	5061.07	823.695	6.87549	8.01754	0	46.607	84.2816	5.81313	64.1403	8.72665	2.90888	187.591	12.3759	8	0	-8	0	0	0	0	0	0	0	0	1.49012e-08
284.4	3643.96	5061.05	823.694	6.87549	8.01754	0	46.6068	84.2815	5.81311	64.1403	8.72665	2.90888	199.967	12.3759	8	0	-8	0	0	0	0	0	0	0	0	-5.58794e-09
284.7	3643.94	5061.03	823.693	6.87549	8.01754	0	46.6067	84.2814	5.81309	64.1403	8.72665	2.90888	212.343	12.3759	8	0	-8	0	0	0	0	0	0	0	0	-1.11759e-08
285	3643.93	5061.02	823.692	6.87549	8.01754	0	46.6065	84.2813	5.81307	64.1403	8.72665	2.90888	224.719	12.3759	8	0	-8	0	0	0	0	0	0	0	0	1.02445e-07
285.3	3643.92	5061	823.691	6.87549	8.01754	0	46.6064	84.2812	5.81305	64.1403	8.72665	2.90888	237.095	12.3759	8	0	-8	0	0	0	0	0	0	0	0	7.45058e-08
285.6	3643.91	5060.98	823.69	6.87549	8.01754	0	46.6062	84.2811	5.81303	64.1403	8.72665	2.90888	249.471	12.3759	8	0	-8	0	0	0	0	0	0	0	0	-1.86265e-09
285.9	3643.9	5060.97	823.689	6.87549	8.01754	0	46.6061	84.281	5.81302	64.1403	8.72665	2.90888	261.847	12.3759	8	0	-8	0	0	0	0	0	0	0	0	-7.45058e-09
286.2	3643.89	5060.95	823.688	6.87549	8.01754	0	46.606	84.2809	5.813	64.1403	8.72665	2.90888	274.222	12.3759	8	0	-8	0	0	0	0	0	0	0	0	3.1665e-08
286.5	3643.87	5060.94	823.687	6.87549	8.01754	0	46.6058	84.2808	5.81298	64.1403	8.72665	2.90888	286.598	12.3759	8	0	-8	0	0	0	0	0	0	0	0	-1.67638e-08
286.8	3643.86	5060.92	823.686	6.87549	8.01754	0	46.6057	84.2807	5.81296	64.1403	8.72665	2.90888	298.974	12.3759	8	0	-8	0	0	0	0	0	0	0	0	-6.8394e-10
287.1	3643.85	5060.91	823.685	6.87549	8.01754	0	46.6055	84.2806	5.81295	64.1403	8.72665	2.90888	311.35	12.3759	8	0	-8	0	0	0	0	0	0	0	0	5.12227e-08
287.4	3643.84	5060.89	823.684	6.87549	8.01754	0	46.6054	84.2806	5.81293	64.1403	8.72665	2.90888	323.726	12.3759	8	0	-8	0	0	0	0	0	0	0	0	1.41561e-07
287.7	3643.83	5060.88	823.683	6.87549	8.01754	0	46.6053	84.2805	5.81291	64.1403	8.72665	2.90888	336.102	12.3759	8	0	-8	0	0	0	0	0	0	0	0	4.28408e-08
288	3643.82	5060.86	823.683	6.87549	8.01754	0	46.6051	84.2804	5.81289	64.1403	8.72665	2.90888	348.478	12.3759	8	0	-8	0	0	0	0	0	0	0	0	-5.02914e-08
288.3	3643.81	5060.85	823.682	6.87549	8.01754	0	46.605	84.2803	5.81288	64.1403	8.72665	2.90888	0.853632	12.3759	8	0	-8	0	0	0	0	0	0	0	0	7.82311e-08
288.6	3643.8	5060.83	823.681	6.87549	8.01754	0	46.6049	84.2802	5.81286	64.1403	8.72665	2.90888	13.2295	12.3759	8	0	-8	0	0	0	0	0	0	0	0	7.63685e-08
288.9	3643.79	5060.82	823.68	6.87549	8.01754	0	46.6047	84.2801	5.81285	64.1403	8.72665	2.90888	25.6054	12.3759	8	0	-8	0	0	0	0	0	0	0	0	4.65661e-08
289.2	3643.78	5060.81	823.679	6.87549	8.01754	0	46.6046	84.28	5.81283	64.1403	8.72665	2.90888	37.9813	12.3759	8	0	-8	0	0	0	0	0	0	0	0	-5.96046e-08
289.5	3643.77	5060.79	823.678	6.87549	8.01754	0	46.6045	84.2799	5.81282	64.1403	8.72665	2.90888	50.3572	12.3759	8	0	-8	0	0	0	0	0	0	0	0	-3.91155e-08
289.8	3643.76	5060.78	823.677	6.87549	8.01754	0	46.6044	84.2799	5.8128	64.1403	8.72665	2.90888	62.7331	12.3759	8	0	-8	0	0	0	0	0	0	0	0	-3.53903e-08
290.1	3643.75	5060.77	823.677	6.87549	8.01754	0	46.6043	84.2798	5.81278	64.1403	8.72665	2.90888	75.109	12.3759	8	0	-8	0	0	0	0	0	0	0	0	-5.40167e-08
290.4	3643.74	5060.75	823.676	6.87549	8.01754	0	46.6041	84.2797	5.81277	64.1403	8.72665	2.90888	87.4849	12.3759	8	0	-8	0	0	0	0	0	0	0	0	1.60187e-07
290.7	3643.73	5060.74	823.675	6.87549	8.01754	0	46.604	84.2796	5.81276	64.1403	8.72665	2.90888	99.8607	12.3759	8	0	-8	0	0	0	0	0	0	0	0	-3.53903e-08
291	3643.73	5060.73	823.674	6.87549	8.01754	0	46.6039	84.2795	5.81274	64.1403	8.72665	2.90888	112.237	12.3759	8	0	-8	0	0	0	0	0	0	0	0	-2.86382e-08
291.3	3643.72	5060.72	823.674	6.87549	8.01754	0	46.6038	84.2795	5.81273	64.1403	8.72665	2.90888	124.613	12.3759	8	0	-8	0	0	0	0	0	0	0	0	3.79514e-08
291.6	3643.71	5060.7	823.673	6.87549	8.01754	0	46.6037	84.2794	5.81271	64.1403	8.72665	2.90888	136.988	12.3759	8	0	-8	0	0	0	0	0	0	0	0	5.12227e-08
291.9	3643.7	5060.69	823.672	6.87549	8.01754	0	46.6036	84.2793	5.8127	64.1403	8.72665	2.90888	149.364	12.3759	8	0	-8	0	0	0	0	0	0	0	0	-8.47504e-08
292.2	3643.69	5060.68	823.671	6.87549	8.01754	0	46.6034	84.2792	5.81268	64.1403	8.72665	2.90888	161.74	12.3759	8	0	-8	0	0	0	0	0	0	0	0	5.02914e-08
292.5	3643.68	5060.67	823.671	6.87549	8.01754	0	46.6033	84.2791	5.81267	64.1403	8.72665	2.90888	174.116	12.3759	8	0	-8	0	0	0	0	0	0	0	0	-5.02914e-08
292.8	3643.67	5060.66	823.67	6.87549	8.01754	0	46.6032	84.2791	5.81266	64.1403	8.72665	2.90888	186.492	12.3759	8	0	-8	0	0	0	0	0	0	0	0	7.45058e-08
293.1	3643.66	5060.65	823.669	6.87549	8.01754	0	46.6031	84.279	5.81264	64.1403	8.72665	2.90888	198.868	12.3759	8	0	-8	0	0	0	0	0	0	0	0	-6.33299e-08
293.4	3643.66	5060.63	823.668	6.87549	8.01754	0	46.603	84.2789	5.81263	64.1403	8.72665	2.90888	211.244	12.3759	8	0	-8	0	0	0	0	0	0	0	0	-4.09782e-08
293.7	3643.65	5060.62	823.668	6.87549	8.01754	0	46.6029	84.2789	5.81262	64.1403	8.72665	2.90888	223.62	12.3759	8	0	-8	0	0	0	0	0	0	0	0	1.15484e-07
294	3643.64	5060.61	823.667	6.87549	8.01754	0	46.6028	84.2788	5.81261	64.1403	8.72665	2.90888	235.996	12.3759	8	0	-8	0	0	0	0	0	0	0	0	-2.79397e-08
294.3	3643.63	5060.6	823.666	6.87549	8.01754	0	46.6027	84.2787	5.81259	64.1403	8.72665	2.90888	248.371	12.3759	8	0	-8	0	0	0	0	0	0	0	0	5.21541e-08
294.6	3643.62	5060.59	823.666	6.87549	8.01754	0	46.6026	84.2787	5.81258	64.1403	8.72665	2.90888	260.747	12.3759	8	0	-8	0	0	0	0	0	0	0	0	-7.45058e-08
294.9	3643.62	5060.58	823.665	6.87549	8.01754	0	46.6025	84.2786	5.81257	64.1403	8.72665	2.90888	273.123	12.3759	8	0	-8	0	0	0	0	0	0	0	0	3.1665e-08
295.2	3643.61	5060.57	823.664	6.87549	8.01754	0	46.6024	84.2785	5.81256	64.1403	8.72665	2.90888	285.499	12.3759	8	0	-8	0	0	0	0	0	0	0	0	-4.65661e-08
295.5	3643.6	5060.56	823.664	6.87549	8.01754	0	46.6023	84.2785	5.81254	64.1403	8.72665	2.90888	297.875	12.3759	8	0	-8	0	0	0	0	0	0	0	0	-4.28408e-08
295.8	3643.59	5060.55	823.663	6.87549	8.01754	0	46.6022	84.2784	5.81253	64.1403	8.72665	2.90888	310.251	12.3759	8	0	-8	0	0	0	0	0	0	0	0	2.28174e-08
296.1	3643.59	5060.54	823.663	6.87549	8.01754	0	46.6021	84.2783	5.81252	64.1403	8.72665	2.90888	322.627	12.3759	8	0	-8	0	0	0	0	0	0	0	0	-6.89179e-08
296.4	3643.58	5060.53	823.662	6.87549	8.01754	0	46.602	84.2783	5.81251	64.1403	8.72665	2.90888	335.003	12.3759	8	0	-8	0	0	0	0	0	0	0	0	8.00937e-08
296.7	3643.57	5060.52	823.661	6.87549	8.01754	0	46.602	84.2782	5.8125	64.1403	8.72665	2.90888	347.379	12.3759	8	0	-8	0	0	0	0	0	0	0	0	3.1665e-08
297	3643.57	5060.51	823.661	6.87549	8.01754	0	46.6019	84.2781	5.81249	64.1403	8.72665	2.90888	359.754	12.3759	8	0	-8	0	0	0	0	0	0	0	0	4.47035e-08
297.3	3643.56	5060.5	823.66	6.87549	8.01754	0	46.6018	84.2781	5.81248	64.1403	8.72665	2.90888	12.1303	12.3759	8	0	-8	0	0	0	0	0	0	0	0	-7.07805e-08
297.6	3643.55	5060.49	823.66	6.87549	8.01754	0	46.6017	84.278	5.81247	64.1403	8.72665	2.90888	24.5062	12.3759	8	0	-8	0	0	0	0	0	0	0	0	2.42144e-08
297.9	3643.55	5060.48	823.659	6.87549	8.01754	0	46.6016	84.278	5.81245	64.1403	8.72665	2.90888	36.8821	12.3759	8	0	-8	0	0	0	0	0	0	0	0	-8.3819e-08
298.2	3643.54	5060.47	823.658	6.87549	8.01754	0	46.6015	84.2779	5.81244	64.1403	8.72665	2.90888	49.258	12.3759	8	0	-8	0	0	0	0	0	0	0	0	1.30385e-08
298.5	3643.53	5060.46	823.658	6.87549	8.01754	0	46.6014	84.2778	5.81243	64.1403	8.72665	2.90888	61.6339	12.3759	8	0	-8	0	0	0	0	0	0	0	0	5.21541e-08
298.8	3643.53	5060.45	823.657	6.87549	8.01754	0	46.6013	84.2778	5.81242	64.1403	8.72665	2.90888	74.0098	12.3759	8	0	-8	0	0	0	0	0	0	0	0	4.09782e-08
299.1	3643.52	5060.44	823.657	6.87549	8.01754	0	46.6013	84.2777	5.81241	64.1403	8.72665	2.90888	86.3856	12.3759	8	0	-8	0	0	0	0	0	0	0	0	-6.33299e-08
299.4	3643.51	5060.43	823.656	6.87549	8.01754	0	46.6012	84.2777	5.8124	64.1403	8.72665	2.90888	98.7615	12.3759	8	0	-8	0	0	0	0	0	0	0	0	3.35276e-08
299.7	3643.51	5060.43	823.656	6.87549	8.01754	0	46.6011	84.2776	5.81239	64.1403	8.72665	2.90888	111.137	12.3759	8	0	-8	0	0	0	0	0	0	0	0	-9.31323e-10
300	3643.5	5060.42	823.655	6.87549	8.01754	0	46.601	84.2776	5.81238	64.1403	8.72665	2.90888	123.513	12.3759	8	0	-8	0	0	0	0	0	0	0	0	1.02445e-08
300.3	3643.49	5060.41	823.655	6.87549	8.01754	0	46.6009	84.2775	5.81237	64.1403	8.72665	2.90888	135.889	12.3759	8	0	-8	0	0	0	0	0	0	0	0	-3.25963e-08
